Timestamp,LatencyMs,Tick,Configuration
5.396,14.552,198,Oculus Quest_Android
5.547,83.002,218,Oculus Quest_Android
5.563,129.024,249,Oculus Quest_Android
5.593,29.132,256,Oculus Quest_Android
5.609,15.726,260,Oculus Quest_Android
5.624,15.507,263,Oculus Quest_Android
5.639,14.664,267,Oculus Quest_Android
5.655,14.842,270,Oculus Quest_Android
5.669,15.815,274,Oculus Quest_Android
5.683,13.676,277,Oculus Quest_Android
5.697,14.573,281,Oculus Quest_Android
5.714,14.090,284,Oculus Quest_Android
5.732,17.897,289,Oculus Quest_Android
5.759,24.660,295,Oculus Quest_Android
5.773,18.824,299,Oculus Quest_Android
5.788,14.507,303,Oculus Quest_Android
5.811,22.610,308,Oculus Quest_Android
5.830,15.693,312,Oculus Quest_Android
5.853,26.516,318,Oculus Quest_Android
5.868,15.850,322,Oculus Quest_Android
5.886,14.764,326,Oculus Quest_Android
5.912,25.290,332,Oculus Quest_Android
5.927,18.132,336,Oculus Quest_Android
5.953,23.695,342,Oculus Quest_Android
5.969,17.161,346,Oculus Quest_Android
5.995,24.589,352,Oculus Quest_Android
6.011,17.281,356,Oculus Quest_Android
6.035,24.843,362,Oculus Quest_Android
6.052,15.761,366,Oculus Quest_Android
6.078,25.639,372,Oculus Quest_Android
6.094,17.338,377,Oculus Quest_Android
6.122,24.954,383,Oculus Quest_Android
6.145,27.563,389,Oculus Quest_Android
6.162,14.741,393,Oculus Quest_Android
6.179,17.076,397,Oculus Quest_Android
6.202,24.137,403,Oculus Quest_Android
6.218,15.119,407,Oculus Quest_Android
6.233,16.156,410,Oculus Quest_Android
6.259,24.432,416,Oculus Quest_Android
6.276,16.581,420,Oculus Quest_Android
6.298,24.610,426,Oculus Quest_Android
6.315,14.759,430,Oculus Quest_Android
6.332,16.872,434,Oculus Quest_Android
6.357,24.342,440,Oculus Quest_Android
6.374,17.569,444,Oculus Quest_Android
6.397,24.126,450,Oculus Quest_Android
6.413,16.396,454,Oculus Quest_Android
6.427,15.243,458,Oculus Quest_Android
6.453,24.345,464,Oculus Quest_Android
6.467,15.662,467,Oculus Quest_Android
6.481,13.728,471,Oculus Quest_Android
6.494,13.949,474,Oculus Quest_Android
6.509,13.693,477,Oculus Quest_Android
6.524,14.891,481,Oculus Quest_Android
6.538,14.725,485,Oculus Quest_Android
6.553,13.601,488,Oculus Quest_Android
6.577,24.878,494,Oculus Quest_Android
6.592,15.263,498,Oculus Quest_Android
6.609,14.023,501,Oculus Quest_Android
6.635,26.022,507,Oculus Quest_Android
6.650,17.737,512,Oculus Quest_Android
6.675,24.065,517,Oculus Quest_Android
6.690,16.123,521,Oculus Quest_Android
6.704,13.969,525,Oculus Quest_Android
6.719,14.716,528,Oculus Quest_Android
6.733,14.372,532,Oculus Quest_Android
6.751,13.734,535,Oculus Quest_Android
6.766,17.962,540,Oculus Quest_Android
6.783,15.897,543,Oculus Quest_Android
6.797,16.386,547,Oculus Quest_Android
6.812,14.154,551,Oculus Quest_Android
6.826,15.399,554,Oculus Quest_Android
6.840,14.323,558,Oculus Quest_Android
6.854,13.909,561,Oculus Quest_Android
6.869,13.600,564,Oculus Quest_Android
6.886,14.910,568,Oculus Quest_Android
6.900,16.916,572,Oculus Quest_Android
6.915,14.024,575,Oculus Quest_Android
6.929,15.503,579,Oculus Quest_Android
6.944,14.004,582,Oculus Quest_Android
6.958,14.632,586,Oculus Quest_Android
6.972,13.423,589,Oculus Quest_Android
6.986,14.717,593,Oculus Quest_Android
7.001,13.910,596,Oculus Quest_Android
7.018,14.651,600,Oculus Quest_Android
7.036,17.550,604,Oculus Quest_Android
7.055,18.202,608,Oculus Quest_Android
7.070,18.324,613,Oculus Quest_Android
7.086,15.224,616,Oculus Quest_Android
7.100,16.157,620,Oculus Quest_Android
7.116,14.002,623,Oculus Quest_Android
7.130,15.375,627,Oculus Quest_Android
7.144,13.824,630,Oculus Quest_Android
7.159,15.549,634,Oculus Quest_Android
7.174,14.678,638,Oculus Quest_Android
7.189,14.780,641,Oculus Quest_Android
7.203,14.794,645,Oculus Quest_Android
7.220,13.839,648,Oculus Quest_Android
7.235,17.223,652,Oculus Quest_Android
7.250,14.091,656,Oculus Quest_Android
7.263,15.233,659,Oculus Quest_Android
7.277,13.067,662,Oculus Quest_Android
7.291,13.882,666,Oculus Quest_Android
7.304,14.125,669,Oculus Quest_Android
7.318,13.459,672,Oculus Quest_Android
7.332,14.011,676,Oculus Quest_Android
7.345,13.115,679,Oculus Quest_Android
7.358,13.611,682,Oculus Quest_Android
7.372,13.383,685,Oculus Quest_Android
7.385,13.432,689,Oculus Quest_Android
7.398,13.327,692,Oculus Quest_Android
7.412,13.264,695,Oculus Quest_Android
7.426,13.935,698,Oculus Quest_Android
7.440,13.421,702,Oculus Quest_Android
7.453,14.287,705,Oculus Quest_Android
7.467,13.428,708,Oculus Quest_Android
7.481,13.570,711,Oculus Quest_Android
7.494,13.955,715,Oculus Quest_Android
7.507,13.162,718,Oculus Quest_Android
7.520,13.107,721,Oculus Quest_Android
7.534,13.549,724,Oculus Quest_Android
7.548,13.688,728,Oculus Quest_Android
7.562,14.248,731,Oculus Quest_Android
7.576,13.566,734,Oculus Quest_Android
7.590,14.099,738,Oculus Quest_Android
7.603,13.729,741,Oculus Quest_Android
7.618,14.070,744,Oculus Quest_Android
7.631,13.952,748,Oculus Quest_Android
7.645,13.836,751,Oculus Quest_Android
7.659,14.107,754,Oculus Quest_Android
7.674,13.908,758,Oculus Quest_Android
7.688,14.063,761,Oculus Quest_Android
7.701,13.691,764,Oculus Quest_Android
7.715,13.591,768,Oculus Quest_Android
7.729,13.912,771,Oculus Quest_Android
7.743,13.923,774,Oculus Quest_Android
7.757,13.877,778,Oculus Quest_Android
7.771,14.344,781,Oculus Quest_Android
7.785,13.799,784,Oculus Quest_Android
7.799,13.795,788,Oculus Quest_Android
7.813,13.931,791,Oculus Quest_Android
7.830,14.787,795,Oculus Quest_Android
7.846,16.425,798,Oculus Quest_Android
7.863,16.460,802,Oculus Quest_Android
7.879,16.539,806,Oculus Quest_Android
7.895,16.253,810,Oculus Quest_Android
7.913,15.304,814,Oculus Quest_Android
7.929,18.801,818,Oculus Quest_Android
7.944,15.791,822,Oculus Quest_Android
7.961,15.075,826,Oculus Quest_Android
7.975,16.329,829,Oculus Quest_Android
7.988,14.114,833,Oculus Quest_Android
8.002,13.117,836,Oculus Quest_Android
8.016,13.483,839,Oculus Quest_Android
8.032,14.481,843,Oculus Quest_Android
8.046,15.523,846,Oculus Quest_Android
8.059,14.047,850,Oculus Quest_Android
8.072,13.357,853,Oculus Quest_Android
8.086,13.477,856,Oculus Quest_Android
8.100,14.143,859,Oculus Quest_Android
8.114,13.546,863,Oculus Quest_Android
8.127,13.786,866,Oculus Quest_Android
8.146,13.244,869,Oculus Quest_Android
8.164,19.680,874,Oculus Quest_Android
8.181,17.792,878,Oculus Quest_Android
8.199,17.101,882,Oculus Quest_Android
8.222,17.641,886,Oculus Quest_Android
8.239,23.384,892,Oculus Quest_Android
8.259,17.200,896,Oculus Quest_Android
8.277,19.718,900,Oculus Quest_Android
8.293,17.723,905,Oculus Quest_Android
8.308,15.863,908,Oculus Quest_Android
8.322,14.929,912,Oculus Quest_Android
8.338,14.458,915,Oculus Quest_Android
8.354,15.825,919,Oculus Quest_Android
8.370,16.021,923,Oculus Quest_Android
8.385,15.772,927,Oculus Quest_Android
8.391,14.601,930,Oculus Quest_Android
8.402,11.239,933,Oculus Quest_Android
8.417,14.061,936,Oculus Quest_Android
8.430,13.668,939,Oculus Quest_Android
8.445,14.184,943,Oculus Quest_Android
8.458,13.727,946,Oculus Quest_Android
8.472,13.895,949,Oculus Quest_Android
8.486,13.873,953,Oculus Quest_Android
8.500,13.878,956,Oculus Quest_Android
8.523,14.149,959,Oculus Quest_Android
8.529,15.490,963,Oculus Quest_Android
8.550,12.047,966,Oculus Quest_Android
8.564,15.139,969,Oculus Quest_Android
8.579,14.173,973,Oculus Quest_Android
8.594,15.124,976,Oculus Quest_Android
8.608,14.970,980,Oculus Quest_Android
8.625,14.220,983,Oculus Quest_Android
8.639,16.021,987,Oculus Quest_Android
8.653,14.040,991,Oculus Quest_Android
8.666,14.071,994,Oculus Quest_Android
8.680,13.287,997,Oculus Quest_Android
8.695,14.295,1000,Oculus Quest_Android
8.713,14.469,1004,Oculus Quest_Android
8.729,18.950,1008,Oculus Quest_Android
8.750,17.509,1013,Oculus Quest_Android
8.769,19.054,1017,Oculus Quest_Android
8.786,18.749,1022,Oculus Quest_Android
8.801,17.208,1026,Oculus Quest_Android
8.815,14.678,1029,Oculus Quest_Android
8.828,13.810,1032,Oculus Quest_Android
8.843,13.949,1036,Oculus Quest_Android
8.858,15.137,1039,Oculus Quest_Android
8.872,14.057,1043,Oculus Quest_Android
8.886,13.975,1046,Oculus Quest_Android
8.901,14.110,1050,Oculus Quest_Android
8.925,16.002,1053,Oculus Quest_Android
8.943,23.390,1059,Oculus Quest_Android
8.962,17.888,1063,Oculus Quest_Android
8.980,19.488,1068,Oculus Quest_Android
8.998,17.620,1072,Oculus Quest_Android
9.018,17.948,1077,Oculus Quest_Android
9.026,20.285,1081,Oculus Quest_Android
9.034,8.072,1083,Oculus Quest_Android
9.044,9.241,1086,Oculus Quest_Android
9.056,13.210,1089,Oculus Quest_Android
9.070,13.990,1092,Oculus Quest_Android
9.085,14.197,1095,Oculus Quest_Android
9.098,13.325,1099,Oculus Quest_Android
9.112,13.946,1102,Oculus Quest_Android
9.125,13.633,1105,Oculus Quest_Android
9.151,14.356,1109,Oculus Quest_Android
9.157,18.471,1113,Oculus Quest_Android
9.167,9.112,1115,Oculus Quest_Android
9.181,13.957,1119,Oculus Quest_Android
9.195,13.831,1122,Oculus Quest_Android
9.209,14.015,1125,Oculus Quest_Android
9.223,14.202,1129,Oculus Quest_Android
9.236,13.442,1132,Oculus Quest_Android
9.260,14.049,1135,Oculus Quest_Android
9.276,16.218,1139,Oculus Quest_Android
9.292,16.040,1143,Oculus Quest_Android
9.308,16.604,1147,Oculus Quest_Android
9.324,15.910,1151,Oculus Quest_Android
9.338,15.197,1155,Oculus Quest_Android
9.355,14.916,1158,Oculus Quest_Android
9.371,17.565,1162,Oculus Quest_Android
9.387,15.552,1166,Oculus Quest_Android
9.402,15.319,1170,Oculus Quest_Android
9.417,15.453,1174,Oculus Quest_Android
9.433,15.235,1177,Oculus Quest_Android
9.449,15.573,1181,Oculus Quest_Android
9.463,15.611,1185,Oculus Quest_Android
9.477,13.989,1188,Oculus Quest_Android
9.492,14.454,1191,Oculus Quest_Android
9.506,14.847,1195,Oculus Quest_Android
9.520,14.128,1198,Oculus Quest_Android
9.535,13.744,1202,Oculus Quest_Android
9.550,14.808,1205,Oculus Quest_Android
9.566,16.204,1209,Oculus Quest_Android
9.581,14.744,1213,Oculus Quest_Android
9.594,14.840,1216,Oculus Quest_Android
9.609,13.688,1220,Oculus Quest_Android
9.625,15.241,1223,Oculus Quest_Android
9.644,16.078,1227,Oculus Quest_Android
9.661,18.220,1231,Oculus Quest_Android
9.678,17.380,1236,Oculus Quest_Android
9.696,16.856,1240,Oculus Quest_Android
9.703,17.860,1244,Oculus Quest_Android
9.710,7.198,1246,Oculus Quest_Android
9.722,12.404,1249,Oculus Quest_Android
9.736,13.756,1252,Oculus Quest_Android
9.751,14.398,1255,Oculus Quest_Android
9.764,13.415,1259,Oculus Quest_Android
9.779,14.200,1262,Oculus Quest_Android
9.791,13.493,1265,Oculus Quest_Android
9.815,15.184,1269,Oculus Quest_Android
9.832,15.720,1273,Oculus Quest_Android
9.847,16.282,1276,Oculus Quest_Android
9.864,15.423,1280,Oculus Quest_Android
9.881,16.916,1284,Oculus Quest_Android
9.898,16.567,1288,Oculus Quest_Android
9.916,17.345,1292,Oculus Quest_Android
9.935,18.225,1296,Oculus Quest_Android
9.952,18.728,1301,Oculus Quest_Android
9.958,16.812,1305,Oculus Quest_Android
9.972,13.325,1308,Oculus Quest_Android
9.986,13.741,1311,Oculus Quest_Android
10.000,13.958,1315,Oculus Quest_Android
10.014,13.973,1318,Oculus Quest_Android
10.028,13.883,1321,Oculus Quest_Android
10.042,13.674,1325,Oculus Quest_Android
10.056,14.249,1328,Oculus Quest_Android
10.069,13.415,1331,Oculus Quest_Android
10.098,14.030,1334,Oculus Quest_Android
10.106,22.178,1340,Oculus Quest_Android
10.115,8.551,1342,Oculus Quest_Android
10.126,11.925,1345,Oculus Quest_Android
10.139,12.849,1348,Oculus Quest_Android
10.152,13.952,1351,Oculus Quest_Android
10.166,14.017,1354,Oculus Quest_Android
10.181,14.076,1358,Oculus Quest_Android
10.195,14.151,1361,Oculus Quest_Android
10.209,13.529,1364,Oculus Quest_Android
10.230,14.339,1368,Oculus Quest_Android
10.237,14.123,1371,Oculus Quest_Android
10.250,13.260,1374,Oculus Quest_Android
10.264,13.707,1377,Oculus Quest_Android
10.278,13.946,1381,Oculus Quest_Android
10.291,13.731,1384,Oculus Quest_Android
10.306,14.740,1387,Oculus Quest_Android
10.327,13.331,1391,Oculus Quest_Android
10.341,14.774,1394,Oculus Quest_Android
10.348,13.825,1397,Oculus Quest_Android
10.375,12.905,1400,Oculus Quest_Android
10.383,21.369,1406,Oculus Quest_Android
10.390,7.931,1407,Oculus Quest_Android
10.403,12.264,1410,Oculus Quest_Android
10.417,14.281,1414,Oculus Quest_Android
10.431,13.664,1417,Oculus Quest_Android
10.444,13.964,1420,Oculus Quest_Android
10.458,13.543,1424,Oculus Quest_Android
10.472,14.123,1427,Oculus Quest_Android
10.486,13.862,1430,Oculus Quest_Android
10.508,13.897,1433,Oculus Quest_Android
10.515,15.397,1437,Oculus Quest_Android
10.527,12.486,1440,Oculus Quest_Android
10.542,13.976,1443,Oculus Quest_Android
10.556,13.819,1447,Oculus Quest_Android
10.569,13.783,1450,Oculus Quest_Android
10.583,14.162,1453,Oculus Quest_Android
10.597,13.612,1457,Oculus Quest_Android
10.611,14.087,1460,Oculus Quest_Android
10.624,13.529,1463,Oculus Quest_Android
10.646,14.309,1467,Oculus Quest_Android
10.653,14.647,1470,Oculus Quest_Android
10.666,12.807,1473,Oculus Quest_Android
10.681,14.243,1476,Oculus Quest_Android
10.694,13.717,1480,Oculus Quest_Android
10.709,13.831,1483,Oculus Quest_Android
10.722,14.014,1486,Oculus Quest_Android
10.736,13.843,1490,Oculus Quest_Android
10.751,14.217,1493,Oculus Quest_Android
10.764,13.631,1496,Oculus Quest_Android
10.786,13.772,1500,Oculus Quest_Android
10.792,15.314,1503,Oculus Quest_Android
10.806,12.462,1506,Oculus Quest_Android
10.822,14.177,1510,Oculus Quest_Android
10.833,13.944,1513,Oculus Quest_Android
10.849,14.043,1516,Oculus Quest_Android
10.870,13.471,1520,Oculus Quest_Android
10.886,16.175,1523,Oculus Quest_Android
10.901,15.501,1527,Oculus Quest_Android
10.918,15.525,1531,Oculus Quest_Android
10.932,16.146,1535,Oculus Quest_Android
10.947,14.160,1538,Oculus Quest_Android
10.961,15.295,1542,Oculus Quest_Android
10.974,13.369,1545,Oculus Quest_Android
10.988,13.322,1548,Oculus Quest_Android
11.001,13.389,1551,Oculus Quest_Android
11.014,13.539,1555,Oculus Quest_Android
11.028,13.537,1558,Oculus Quest_Android
11.047,18.293,1562,Oculus Quest_Android
11.061,14.584,1566,Oculus Quest_Android
11.075,13.500,1569,Oculus Quest_Android
11.089,14.200,1573,Oculus Quest_Android
11.102,14.082,1576,Oculus Quest_Android
11.116,13.573,1579,Oculus Quest_Android
11.130,13.894,1582,Oculus Quest_Android
11.138,13.556,1586,Oculus Quest_Android
11.169,16.407,1590,Oculus Quest_Android
11.196,24.766,1596,Oculus Quest_Android
11.221,27.616,1602,Oculus Quest_Android
11.241,27.347,1609,Oculus Quest_Android
11.256,14.819,1612,Oculus Quest_Android
11.270,14.789,1616,Oculus Quest_Android
11.285,14.301,1619,Oculus Quest_Android
11.301,15.650,1623,Oculus Quest_Android
11.324,24.197,1629,Oculus Quest_Android
11.339,14.689,1632,Oculus Quest_Android
11.354,14.392,1636,Oculus Quest_Android
11.368,15.099,1640,Oculus Quest_Android
11.383,14.463,1643,Oculus Quest_Android
11.401,15.007,1647,Oculus Quest_Android
11.424,24.175,1652,Oculus Quest_Android
11.444,22.296,1658,Oculus Quest_Android
11.463,18.870,1662,Oculus Quest_Android
11.477,13.884,1666,Oculus Quest_Android
11.492,14.968,1669,Oculus Quest_Android
11.507,14.715,1673,Oculus Quest_Android
11.521,14.515,1676,Oculus Quest_Android
11.536,13.976,1680,Oculus Quest_Android
11.551,15.392,1683,Oculus Quest_Android
11.575,24.185,1689,Oculus Quest_Android
11.589,14.648,1693,Oculus Quest_Android
11.602,13.331,1696,Oculus Quest_Android
11.617,13.446,1699,Oculus Quest_Android
11.630,14.839,1703,Oculus Quest_Android
11.643,12.990,1706,Oculus Quest_Android
11.657,13.771,1709,Oculus Quest_Android
11.671,13.432,1712,Oculus Quest_Android
11.685,13.879,1716,Oculus Quest_Android
11.699,14.030,1719,Oculus Quest_Android
11.712,13.709,1722,Oculus Quest_Android
11.727,14.022,1726,Oculus Quest_Android
11.740,13.900,1729,Oculus Quest_Android
11.755,13.795,1732,Oculus Quest_Android
11.760,14.119,1736,Oculus Quest_Android
11.783,13.962,1739,Oculus Quest_Android
11.797,15.230,1743,Oculus Quest_Android
11.811,13.811,1746,Oculus Quest_Android
11.825,13.957,1749,Oculus Quest_Android
11.839,13.722,1753,Oculus Quest_Android
11.855,13.987,1756,Oculus Quest_Android
11.875,16.043,1760,Oculus Quest_Android
11.895,25.336,1766,Oculus Quest_Android
11.908,14.310,1770,Oculus Quest_Android
11.922,13.684,1773,Oculus Quest_Android
11.936,13.626,1776,Oculus Quest_Android
11.950,14.191,1780,Oculus Quest_Android
11.964,14.002,1783,Oculus Quest_Android
11.978,13.464,1786,Oculus Quest_Android
11.991,14.200,1790,Oculus Quest_Android
12.005,13.807,1793,Oculus Quest_Android
12.019,13.299,1796,Oculus Quest_Android
12.033,14.253,1800,Oculus Quest_Android
12.050,13.626,1803,Oculus Quest_Android
12.064,17.182,1807,Oculus Quest_Android
12.079,14.071,1811,Oculus Quest_Android
12.104,24.930,1817,Oculus Quest_Android
12.119,15.124,1820,Oculus Quest_Android
12.133,14.459,1824,Oculus Quest_Android
12.147,14.249,1827,Oculus Quest_Android
12.160,14.064,1831,Oculus Quest_Android
12.174,13.576,1834,Oculus Quest_Android
12.188,14.008,1837,Oculus Quest_Android
12.201,13.947,1841,Oculus Quest_Android
12.215,12.877,1844,Oculus Quest_Android
12.229,13.721,1847,Oculus Quest_Android
12.243,13.597,1851,Oculus Quest_Android
12.257,14.529,1854,Oculus Quest_Android
12.270,13.186,1857,Oculus Quest_Android
12.284,14.153,1861,Oculus Quest_Android
12.298,13.998,1864,Oculus Quest_Android
12.312,14.175,1868,Oculus Quest_Android
12.325,13.482,1871,Oculus Quest_Android
12.339,13.692,1874,Oculus Quest_Android
12.354,14.137,1878,Oculus Quest_Android
12.367,13.811,1881,Oculus Quest_Android
12.381,13.514,1884,Oculus Quest_Android
12.395,14.289,1888,Oculus Quest_Android
12.409,13.450,1891,Oculus Quest_Android
12.423,14.317,1894,Oculus Quest_Android
12.436,13.463,1898,Oculus Quest_Android
12.451,14.182,1901,Oculus Quest_Android
12.464,13.756,1904,Oculus Quest_Android
12.479,14.123,1908,Oculus Quest_Android
12.492,13.883,1911,Oculus Quest_Android
12.506,13.921,1915,Oculus Quest_Android
12.520,13.861,1918,Oculus Quest_Android
12.527,14.007,1921,Oculus Quest_Android
12.541,13.862,1925,Oculus Quest_Android
12.555,14.316,1928,Oculus Quest_Android
12.569,13.518,1931,Oculus Quest_Android
12.583,14.182,1935,Oculus Quest_Android
12.597,13.661,1938,Oculus Quest_Android
12.611,14.063,1942,Oculus Quest_Android
12.625,13.701,1945,Oculus Quest_Android
12.639,14.007,1948,Oculus Quest_Android
12.661,13.777,1952,Oculus Quest_Android
12.676,15.485,1955,Oculus Quest_Android
12.691,14.713,1959,Oculus Quest_Android
12.704,14.763,1963,Oculus Quest_Android
12.719,13.692,1966,Oculus Quest_Android
12.732,14.021,1969,Oculus Quest_Android
12.745,13.324,1973,Oculus Quest_Android
12.759,13.726,1976,Oculus Quest_Android
12.772,13.136,1979,Oculus Quest_Android
12.785,13.073,1982,Oculus Quest_Android
12.798,13.652,1985,Oculus Quest_Android
12.812,13.211,1989,Oculus Quest_Android
12.826,13.602,1992,Oculus Quest_Android
12.839,13.909,1995,Oculus Quest_Android
12.853,13.841,1999,Oculus Quest_Android
12.867,13.908,2002,Oculus Quest_Android
12.881,13.684,2005,Oculus Quest_Android
12.895,14.498,2009,Oculus Quest_Android
12.909,13.423,2012,Oculus Quest_Android
12.923,14.344,2015,Oculus Quest_Android
12.937,13.465,2019,Oculus Quest_Android
12.951,13.994,2022,Oculus Quest_Android
12.964,13.940,2025,Oculus Quest_Android
12.979,13.900,2029,Oculus Quest_Android
12.992,13.817,2032,Oculus Quest_Android
13.006,13.755,2035,Oculus Quest_Android
13.020,14.072,2039,Oculus Quest_Android
13.034,14.058,2042,Oculus Quest_Android
13.048,13.517,2045,Oculus Quest_Android
13.061,14.026,2049,Oculus Quest_Android
13.076,13.822,2052,Oculus Quest_Android
13.090,14.100,2055,Oculus Quest_Android
13.104,14.113,2059,Oculus Quest_Android
13.117,13.507,2062,Oculus Quest_Android
13.131,14.026,2065,Oculus Quest_Android
13.145,13.930,2069,Oculus Quest_Android
13.159,13.926,2072,Oculus Quest_Android
13.173,13.897,2075,Oculus Quest_Android
13.187,13.901,2079,Oculus Quest_Android
13.201,13.776,2082,Oculus Quest_Android
13.215,13.765,2085,Oculus Quest_Android
13.228,14.299,2089,Oculus Quest_Android
13.242,13.639,2092,Oculus Quest_Android
13.256,13.892,2095,Oculus Quest_Android
13.270,13.729,2099,Oculus Quest_Android
13.285,14.132,2102,Oculus Quest_Android
13.298,13.806,2105,Oculus Quest_Android
13.312,13.928,2109,Oculus Quest_Android
13.326,14.054,2112,Oculus Quest_Android
13.340,13.779,2115,Oculus Quest_Android
13.354,13.901,2119,Oculus Quest_Android
13.367,13.768,2122,Oculus Quest_Android
13.382,13.895,2125,Oculus Quest_Android
13.395,13.913,2129,Oculus Quest_Android
13.409,13.899,2132,Oculus Quest_Android
13.423,14.092,2135,Oculus Quest_Android
13.437,13.494,2139,Oculus Quest_Android
13.451,14.207,2142,Oculus Quest_Android
13.464,13.807,2145,Oculus Quest_Android
13.479,13.998,2149,Oculus Quest_Android
13.493,14.536,2152,Oculus Quest_Android
13.506,13.457,2155,Oculus Quest_Android
13.520,13.577,2159,Oculus Quest_Android
13.534,13.722,2162,Oculus Quest_Android
13.548,13.827,2165,Oculus Quest_Android
13.562,14.222,2169,Oculus Quest_Android
13.576,13.594,2172,Oculus Quest_Android
13.590,14.067,2175,Oculus Quest_Android
13.604,13.699,2179,Oculus Quest_Android
13.618,14.039,2182,Oculus Quest_Android
13.631,13.824,2185,Oculus Quest_Android
13.646,14.051,2189,Oculus Quest_Android
13.659,13.829,2192,Oculus Quest_Android
13.673,13.736,2195,Oculus Quest_Android
13.687,14.260,2199,Oculus Quest_Android
13.701,13.818,2202,Oculus Quest_Android
13.715,13.565,2205,Oculus Quest_Android
13.729,14.146,2209,Oculus Quest_Android
13.743,13.687,2212,Oculus Quest_Android
13.756,13.898,2215,Oculus Quest_Android
13.770,13.855,2219,Oculus Quest_Android
13.784,13.947,2222,Oculus Quest_Android
13.798,13.935,2225,Oculus Quest_Android
13.812,13.794,2228,Oculus Quest_Android
13.826,14.159,2232,Oculus Quest_Android
13.839,13.627,2235,Oculus Quest_Android
13.854,14.123,2238,Oculus Quest_Android
13.867,13.761,2242,Oculus Quest_Android
13.882,13.907,2245,Oculus Quest_Android
13.895,14.109,2248,Oculus Quest_Android
13.909,13.469,2252,Oculus Quest_Android
13.923,14.158,2255,Oculus Quest_Android
13.937,13.766,2258,Oculus Quest_Android
13.951,13.858,2261,Oculus Quest_Android
13.964,13.745,2265,Oculus Quest_Android
13.981,14.116,2268,Oculus Quest_Android
13.995,15.991,2272,Oculus Quest_Android
14.008,13.397,2275,Oculus Quest_Android
14.026,14.320,2278,Oculus Quest_Android
14.041,17.508,2283,Oculus Quest_Android
14.054,14.291,2286,Oculus Quest_Android
14.069,13.732,2289,Oculus Quest_Android
14.084,14.487,2293,Oculus Quest_Android
14.098,15.358,2296,Oculus Quest_Android
14.112,13.286,2300,Oculus Quest_Android
14.126,14.234,2303,Oculus Quest_Android
14.141,13.581,2306,Oculus Quest_Android
14.159,15.881,2310,Oculus Quest_Android
14.178,18.523,2314,Oculus Quest_Android
14.201,18.720,2319,Oculus Quest_Android
14.226,22.607,2324,Oculus Quest_Android
14.241,25.360,2330,Oculus Quest_Android
14.256,15.360,2334,Oculus Quest_Android
14.270,14.560,2337,Oculus Quest_Android
14.286,14.388,2341,Oculus Quest_Android
14.302,15.381,2344,Oculus Quest_Android
14.317,16.299,2348,Oculus Quest_Android
14.323,14.880,2352,Oculus Quest_Android
14.333,9.306,2354,Oculus Quest_Android
14.347,13.849,2357,Oculus Quest_Android
14.361,14.270,2361,Oculus Quest_Android
14.375,13.155,2364,Oculus Quest_Android
14.389,14.036,2367,Oculus Quest_Android
14.404,14.021,2370,Oculus Quest_Android
14.417,13.887,2374,Oculus Quest_Android
14.430,13.776,2377,Oculus Quest_Android
14.453,14.086,2380,Oculus Quest_Android
14.459,15.392,2384,Oculus Quest_Android
14.472,12.167,2387,Oculus Quest_Android
14.486,14.168,2390,Oculus Quest_Android
14.500,13.786,2394,Oculus Quest_Android
14.514,13.912,2397,Oculus Quest_Android
14.528,13.972,2400,Oculus Quest_Android
14.542,13.540,2403,Oculus Quest_Android
14.556,14.743,2407,Oculus Quest_Android
14.569,13.119,2410,Oculus Quest_Android
14.591,13.992,2413,Oculus Quest_Android
14.597,14.276,2417,Oculus Quest_Android
14.611,13.461,2420,Oculus Quest_Android
14.625,13.777,2423,Oculus Quest_Android
14.639,14.214,2427,Oculus Quest_Android
14.661,13.703,2430,Oculus Quest_Android
14.675,15.168,2433,Oculus Quest_Android
14.690,14.494,2437,Oculus Quest_Android
14.703,14.385,2440,Oculus Quest_Android
14.717,13.531,2444,Oculus Quest_Android
14.730,13.684,2447,Oculus Quest_Android
14.744,13.320,2450,Oculus Quest_Android
14.758,13.583,2453,Oculus Quest_Android
14.771,13.566,2456,Oculus Quest_Android
14.785,13.231,2460,Oculus Quest_Android
14.799,13.939,2463,Oculus Quest_Android
14.813,14.483,2466,Oculus Quest_Android
14.827,14.081,2470,Oculus Quest_Android
14.840,13.649,2473,Oculus Quest_Android
14.854,13.836,2476,Oculus Quest_Android
14.868,13.834,2480,Oculus Quest_Android
14.883,13.872,2483,Oculus Quest_Android
14.896,14.133,2486,Oculus Quest_Android
14.909,13.531,2490,Oculus Quest_Android
14.923,13.525,2493,Oculus Quest_Android
14.936,13.587,2496,Oculus Quest_Android
14.951,13.937,2499,Oculus Quest_Android
14.965,14.267,2503,Oculus Quest_Android
14.979,13.634,2506,Oculus Quest_Android
14.993,13.774,2509,Oculus Quest_Android
15.006,13.892,2513,Oculus Quest_Android
15.021,14.084,2516,Oculus Quest_Android
15.034,13.943,2520,Oculus Quest_Android
15.048,13.273,2523,Oculus Quest_Android
15.054,14.152,2526,Oculus Quest_Android
15.068,13.890,2529,Oculus Quest_Android
15.084,14.690,2533,Oculus Quest_Android
15.097,13.261,2536,Oculus Quest_Android
15.112,14.439,2540,Oculus Quest_Android
15.125,13.793,2543,Oculus Quest_Android
15.139,13.828,2546,Oculus Quest_Android
15.163,14.294,2550,Oculus Quest_Android
15.177,16.168,2554,Oculus Quest_Android
15.183,14.675,2557,Oculus Quest_Android
15.202,10.160,2560,Oculus Quest_Android
15.218,15.298,2563,Oculus Quest_Android
15.232,15.520,2567,Oculus Quest_Android
15.245,13.830,2570,Oculus Quest_Android
15.259,13.191,2573,Oculus Quest_Android
15.272,13.394,2577,Oculus Quest_Android
15.286,13.654,2580,Oculus Quest_Android
15.292,13.666,2583,Oculus Quest_Android
15.305,12.137,2586,Oculus Quest_Android
15.327,14.346,2590,Oculus Quest_Android
15.342,15.188,2593,Oculus Quest_Android
15.358,14.969,2597,Oculus Quest_Android
15.371,14.893,2600,Oculus Quest_Android
15.385,13.391,2604,Oculus Quest_Android
15.398,13.496,2607,Oculus Quest_Android
15.411,13.126,2610,Oculus Quest_Android
15.425,13.901,2613,Oculus Quest_Android
15.439,13.358,2617,Oculus Quest_Android
15.452,13.672,2620,Oculus Quest_Android
15.465,13.940,2623,Oculus Quest_Android
15.479,12.751,2626,Oculus Quest_Android
15.492,13.533,2629,Oculus Quest_Android
15.506,14.099,2633,Oculus Quest_Android
15.520,13.896,2636,Oculus Quest_Android
15.534,13.786,2639,Oculus Quest_Android
15.548,13.751,2643,Oculus Quest_Android
15.562,14.211,2646,Oculus Quest_Android
15.576,13.499,2649,Oculus Quest_Android
15.590,14.133,2653,Oculus Quest_Android
15.603,13.825,2656,Oculus Quest_Android
15.618,13.946,2659,Oculus Quest_Android
15.624,13.920,2663,Oculus Quest_Android
15.639,14.788,2666,Oculus Quest_Android
15.652,13.250,2670,Oculus Quest_Android
15.666,14.074,2673,Oculus Quest_Android
15.681,14.370,2676,Oculus Quest_Android
15.695,13.402,2680,Oculus Quest_Android
15.709,13.884,2683,Oculus Quest_Android
15.722,14.026,2686,Oculus Quest_Android
15.736,13.616,2690,Oculus Quest_Android
15.759,14.122,2693,Oculus Quest_Android
15.765,15.929,2697,Oculus Quest_Android
15.778,11.947,2700,Oculus Quest_Android
15.791,13.379,2703,Oculus Quest_Android
15.805,14.148,2706,Oculus Quest_Android
15.819,14.178,2710,Oculus Quest_Android
15.833,13.650,2713,Oculus Quest_Android
15.847,14.097,2717,Oculus Quest_Android
15.861,13.564,2720,Oculus Quest_Android
15.876,14.061,2723,Oculus Quest_Android
15.897,14.175,2727,Oculus Quest_Android
15.904,15.087,2730,Oculus Quest_Android
15.916,12.614,2733,Oculus Quest_Android
15.930,13.319,2737,Oculus Quest_Android
15.944,13.888,2740,Oculus Quest_Android
15.958,14.522,2743,Oculus Quest_Android
15.972,13.612,2747,Oculus Quest_Android
15.986,13.910,2750,Oculus Quest_Android
16.000,13.810,2753,Oculus Quest_Android
16.014,13.870,2757,Oculus Quest_Android
16.037,13.941,2760,Oculus Quest_Android
16.052,15.717,2764,Oculus Quest_Android
16.065,14.783,2768,Oculus Quest_Android
16.079,13.801,2771,Oculus Quest_Android
16.093,14.032,2774,Oculus Quest_Android
16.107,13.632,2778,Oculus Quest_Android
16.120,13.840,2781,Oculus Quest_Android
16.133,13.078,2784,Oculus Quest_Android
16.147,13.253,2787,Oculus Quest_Android
16.160,13.667,2791,Oculus Quest_Android
16.174,13.423,2794,Oculus Quest_Android
16.187,13.479,2797,Oculus Quest_Android
16.201,13.556,2801,Oculus Quest_Android
16.215,13.865,2804,Oculus Quest_Android
16.228,13.861,2807,Oculus Quest_Android
16.243,13.866,2811,Oculus Quest_Android
16.257,14.056,2814,Oculus Quest_Android
16.270,13.673,2817,Oculus Quest_Android
16.298,25.966,2824,Oculus Quest_Android
16.311,14.979,2827,Oculus Quest_Android
16.325,13.953,2831,Oculus Quest_Android
16.339,13.774,2834,Oculus Quest_Android
16.353,13.518,2837,Oculus Quest_Android
16.366,14.042,2841,Oculus Quest_Android
16.380,13.315,2844,Oculus Quest_Android
16.393,13.341,2847,Oculus Quest_Android
16.407,13.677,2850,Oculus Quest_Android
16.421,14.246,2854,Oculus Quest_Android
16.435,13.857,2857,Oculus Quest_Android
16.449,13.553,2861,Oculus Quest_Android
16.462,13.596,2864,Oculus Quest_Android
16.476,13.791,2867,Oculus Quest_Android
16.490,14.096,2871,Oculus Quest_Android
16.504,13.843,2874,Oculus Quest_Android
16.518,13.998,2877,Oculus Quest_Android
16.532,13.692,2881,Oculus Quest_Android
16.546,13.784,2884,Oculus Quest_Android
16.560,14.181,2887,Oculus Quest_Android
16.573,13.782,2891,Oculus Quest_Android
16.580,13.858,2894,Oculus Quest_Android
16.594,14.072,2898,Oculus Quest_Android
16.609,13.906,2901,Oculus Quest_Android
16.622,14.104,2904,Oculus Quest_Android
16.637,13.709,2908,Oculus Quest_Android
16.650,13.972,2911,Oculus Quest_Android
16.665,13.852,2914,Oculus Quest_Android
16.679,13.824,2918,Oculus Quest_Android
16.692,14.065,2921,Oculus Quest_Android
16.716,13.549,2924,Oculus Quest_Android
16.723,17.893,2929,Oculus Quest_Android
16.733,10.170,2931,Oculus Quest_Android
16.748,14.444,2935,Oculus Quest_Android
16.761,13.365,2938,Oculus Quest_Android
16.776,13.938,2941,Oculus Quest_Android
16.789,13.488,2945,Oculus Quest_Android
16.803,13.930,2948,Oculus Quest_Android
16.817,13.950,2951,Oculus Quest_Android
16.831,13.880,2955,Oculus Quest_Android
16.853,13.905,2958,Oculus Quest_Android
16.868,16.380,2962,Oculus Quest_Android
16.883,14.492,2965,Oculus Quest_Android
16.897,14.658,2969,Oculus Quest_Android
16.911,14.028,2972,Oculus Quest_Android
16.924,13.960,2976,Oculus Quest_Android
16.937,13.296,2979,Oculus Quest_Android
16.951,13.177,2982,Oculus Quest_Android
16.964,13.969,2985,Oculus Quest_Android
16.980,13.203,2988,Oculus Quest_Android
16.995,15.534,2992,Oculus Quest_Android
17.008,14.428,2996,Oculus Quest_Android
17.022,13.982,2999,Oculus Quest_Android
17.036,14.068,3002,Oculus Quest_Android
17.050,13.408,3006,Oculus Quest_Android
17.065,14.690,3009,Oculus Quest_Android
17.079,14.434,3013,Oculus Quest_Android
17.095,23.844,3018,Oculus Quest_Android
17.110,14.135,3022,Oculus Quest_Android
17.124,13.959,3025,Oculus Quest_Android
17.137,13.460,3028,Oculus Quest_Android
17.152,13.987,3032,Oculus Quest_Android
17.165,13.708,3035,Oculus Quest_Android
17.181,14.290,3038,Oculus Quest_Android
17.195,16.125,3042,Oculus Quest_Android
17.209,13.228,3045,Oculus Quest_Android
17.229,11.375,3048,Oculus Quest_Android
17.245,16.189,3052,Oculus Quest_Android
17.259,15.530,3056,Oculus Quest_Android
17.286,24.590,3062,Oculus Quest_Android
17.302,17.055,3066,Oculus Quest_Android
17.326,24.103,3072,Oculus Quest_Android
17.340,15.427,3075,Oculus Quest_Android
17.355,14.780,3079,Oculus Quest_Android
17.369,14.675,3082,Oculus Quest_Android
17.386,14.123,3086,Oculus Quest_Android
17.409,24.777,3092,Oculus Quest_Android
17.416,15.550,3095,Oculus Quest_Android
17.429,12.471,3098,Oculus Quest_Android
17.444,14.347,3102,Oculus Quest_Android
17.456,13.152,3105,Oculus Quest_Android
17.471,14.253,3108,Oculus Quest_Android
17.485,14.107,3112,Oculus Quest_Android
17.499,13.603,3115,Oculus Quest_Android
17.513,14.008,3118,Oculus Quest_Android
17.526,13.943,3122,Oculus Quest_Android
17.548,13.623,3125,Oculus Quest_Android
17.555,15.628,3129,Oculus Quest_Android
17.568,12.071,3132,Oculus Quest_Android
17.582,14.224,3135,Oculus Quest_Android
17.596,13.546,3138,Oculus Quest_Android
17.611,14.236,3142,Oculus Quest_Android
17.624,13.905,3145,Oculus Quest_Android
17.638,14.030,3148,Oculus Quest_Android
17.662,13.908,3152,Oculus Quest_Android
17.678,17.020,3156,Oculus Quest_Android
17.703,24.578,3162,Oculus Quest_Android
17.710,16.882,3166,Oculus Quest_Android
17.722,10.945,3168,Oculus Quest_Android
17.735,13.745,3172,Oculus Quest_Android
17.750,14.185,3175,Oculus Quest_Android
17.763,13.639,3178,Oculus Quest_Android
17.777,14.127,3182,Oculus Quest_Android
17.791,13.722,3185,Oculus Quest_Android
17.805,13.983,3189,Oculus Quest_Android
17.819,14.185,3192,Oculus Quest_Android
17.842,13.595,3195,Oculus Quest_Android
17.849,16.549,3199,Oculus Quest_Android
17.860,11.230,3202,Oculus Quest_Android
17.875,13.671,3205,Oculus Quest_Android
17.888,14.139,3209,Oculus Quest_Android
17.902,13.598,3212,Oculus Quest_Android
17.927,14.155,3215,Oculus Quest_Android
17.945,28.166,3222,Oculus Quest_Android
17.957,13.318,3226,Oculus Quest_Android
17.972,14.063,3229,Oculus Quest_Android
17.986,13.960,3232,Oculus Quest_Android
18.000,13.981,3236,Oculus Quest_Android
18.014,13.651,3239,Oculus Quest_Android
18.027,13.713,3242,Oculus Quest_Android
18.041,13.650,3246,Oculus Quest_Android
18.055,14.341,3249,Oculus Quest_Android
18.077,13.844,3253,Oculus Quest_Android
18.084,16.161,3256,Oculus Quest_Android
18.096,11.887,3259,Oculus Quest_Android
18.111,13.906,3263,Oculus Quest_Android
18.125,14.105,3266,Oculus Quest_Android
18.139,13.813,3269,Oculus Quest_Android
18.153,13.859,3273,Oculus Quest_Android
18.166,13.723,3276,Oculus Quest_Android
18.180,14.011,3280,Oculus Quest_Android
18.194,13.922,3283,Oculus Quest_Android
18.217,13.373,3286,Oculus Quest_Android
18.236,28.256,3293,Oculus Quest_Android
18.250,14.218,3296,Oculus Quest_Android
18.263,13.317,3300,Oculus Quest_Android
18.278,14.148,3303,Oculus Quest_Android
18.302,14.154,3307,Oculus Quest_Android
18.330,28.026,3313,Oculus Quest_Android
18.357,27.783,3320,Oculus Quest_Android
18.383,27.438,3327,Oculus Quest_Android
18.397,15.668,3331,Oculus Quest_Android
18.412,13.824,3334,Oculus Quest_Android
18.425,14.567,3337,Oculus Quest_Android
18.439,13.370,3341,Oculus Quest_Android
18.452,13.670,3344,Oculus Quest_Android
18.466,13.606,3347,Oculus Quest_Android
18.483,16.019,3351,Oculus Quest_Android
18.496,13.945,3355,Oculus Quest_Android
18.509,13.181,3358,Oculus Quest_Android
18.523,13.437,3361,Oculus Quest_Android
18.536,13.521,3364,Oculus Quest_Android
18.549,12.827,3367,Oculus Quest_Android
18.562,13.614,3371,Oculus Quest_Android
18.575,12.966,3374,Oculus Quest_Android
18.589,14.126,3377,Oculus Quest_Android
18.603,13.554,3381,Oculus Quest_Android
18.617,13.789,3384,Oculus Quest_Android
18.630,13.843,3387,Oculus Quest_Android
18.645,14.369,3391,Oculus Quest_Android
18.659,13.716,3394,Oculus Quest_Android
18.672,13.757,3397,Oculus Quest_Android
18.687,14.032,3401,Oculus Quest_Android
18.700,13.937,3404,Oculus Quest_Android
18.714,13.612,3407,Oculus Quest_Android
18.728,14.109,3411,Oculus Quest_Android
18.742,13.599,3414,Oculus Quest_Android
18.756,14.225,3418,Oculus Quest_Android
18.770,13.779,3421,Oculus Quest_Android
18.784,13.918,3424,Oculus Quest_Android
18.797,13.703,3428,Oculus Quest_Android
18.812,14.098,3431,Oculus Quest_Android
18.825,13.850,3434,Oculus Quest_Android
18.839,13.793,3438,Oculus Quest_Android
18.853,14.131,3441,Oculus Quest_Android
18.867,13.836,3444,Oculus Quest_Android
18.881,13.522,3448,Oculus Quest_Android
18.895,14.139,3451,Oculus Quest_Android
18.909,13.779,3454,Oculus Quest_Android
18.923,14.551,3458,Oculus Quest_Android
18.936,13.169,3461,Oculus Quest_Android
18.951,14.140,3464,Oculus Quest_Android
18.964,13.604,3468,Oculus Quest_Android
18.979,14.273,3471,Oculus Quest_Android
18.992,13.659,3474,Oculus Quest_Android
19.006,14.032,3478,Oculus Quest_Android
19.020,13.915,3481,Oculus Quest_Android
19.034,13.810,3484,Oculus Quest_Android
19.048,13.702,3488,Oculus Quest_Android
19.061,13.972,3491,Oculus Quest_Android
19.075,13.712,3494,Oculus Quest_Android
19.090,14.083,3498,Oculus Quest_Android
19.103,13.717,3501,Oculus Quest_Android
19.118,14.395,3504,Oculus Quest_Android
19.131,14.542,3508,Oculus Quest_Android
19.145,13.221,3511,Oculus Quest_Android
19.159,13.604,3514,Oculus Quest_Android
19.166,13.810,3518,Oculus Quest_Android
19.179,14.186,3521,Oculus Quest_Android
19.194,14.052,3524,Oculus Quest_Android
19.208,13.762,3528,Oculus Quest_Android
19.222,14.465,3531,Oculus Quest_Android
19.235,13.350,3534,Oculus Quest_Android
19.250,14.344,3538,Oculus Quest_Android
19.263,13.485,3541,Oculus Quest_Android
19.278,13.862,3544,Oculus Quest_Android
19.300,13.911,3548,Oculus Quest_Android
19.318,16.136,3552,Oculus Quest_Android
19.332,16.901,3556,Oculus Quest_Android
19.346,14.704,3559,Oculus Quest_Android
19.360,13.580,3562,Oculus Quest_Android
19.373,13.541,3566,Oculus Quest_Android
19.386,13.188,3569,Oculus Quest_Android
19.392,13.359,3572,Oculus Quest_Android
19.401,9.314,3574,Oculus Quest_Android
19.417,14.478,3578,Oculus Quest_Android
19.439,13.540,3581,Oculus Quest_Android
19.453,15.618,3585,Oculus Quest_Android
19.467,14.147,3588,Oculus Quest_Android
19.480,13.442,3591,Oculus Quest_Android
19.494,13.663,3595,Oculus Quest_Android
19.507,13.825,3598,Oculus Quest_Android
19.520,13.250,3601,Oculus Quest_Android
19.534,13.196,3604,Oculus Quest_Android
19.548,13.673,3608,Oculus Quest_Android
19.562,14.155,3611,Oculus Quest_Android
19.575,13.596,3614,Oculus Quest_Android
19.589,14.215,3618,Oculus Quest_Android
19.603,13.604,3621,Oculus Quest_Android
19.617,13.919,3624,Oculus Quest_Android
19.631,13.828,3628,Oculus Quest_Android
19.645,13.928,3631,Oculus Quest_Android
19.659,14.105,3634,Oculus Quest_Android
19.673,13.923,3638,Oculus Quest_Android
19.687,13.949,3641,Oculus Quest_Android
19.701,13.725,3644,Oculus Quest_Android
19.715,13.907,3648,Oculus Quest_Android
19.721,13.794,3651,Oculus Quest_Android
19.735,14.085,3654,Oculus Quest_Android
19.750,14.101,3658,Oculus Quest_Android
19.764,13.808,3661,Oculus Quest_Android
19.778,14.219,3664,Oculus Quest_Android
19.792,13.589,3668,Oculus Quest_Android
19.806,14.310,3671,Oculus Quest_Android
19.820,14.123,3674,Oculus Quest_Android
19.834,13.638,3678,Oculus Quest_Android
19.858,13.999,3681,Oculus Quest_Android
19.864,17.300,3685,Oculus Quest_Android
19.875,9.905,3688,Oculus Quest_Android
19.889,14.549,3691,Oculus Quest_Android
19.903,13.324,3694,Oculus Quest_Android
19.917,14.447,3698,Oculus Quest_Android
19.931,13.736,3701,Oculus Quest_Android
19.946,14.216,3704,Oculus Quest_Android
19.959,13.467,3708,Oculus Quest_Android
19.973,14.060,3711,Oculus Quest_Android
19.997,13.752,3714,Oculus Quest_Android
20.003,17.163,3719,Oculus Quest_Android
20.014,10.440,3721,Oculus Quest_Android
20.028,14.312,3724,Oculus Quest_Android
20.042,13.343,3728,Oculus Quest_Android
20.056,14.067,3731,Oculus Quest_Android
20.070,13.798,3734,Oculus Quest_Android
20.084,14.447,3738,Oculus Quest_Android
20.098,13.549,3741,Oculus Quest_Android
20.112,14.369,3745,Oculus Quest_Android
20.135,13.013,3748,Oculus Quest_Android
20.143,17.814,3752,Oculus Quest_Android
20.155,12.637,3755,Oculus Quest_Android
20.167,11.474,3758,Oculus Quest_Android
20.180,13.958,3761,Oculus Quest_Android
20.194,14.049,3764,Oculus Quest_Android
20.209,13.858,3768,Oculus Quest_Android
20.222,13.882,3771,Oculus Quest_Android
20.236,13.810,3774,Oculus Quest_Android
20.250,13.929,3778,Oculus Quest_Android
20.271,13.331,3781,Oculus Quest_Android
20.278,14.464,3784,Oculus Quest_Android
20.291,13.220,3788,Oculus Quest_Android
20.305,14.200,3791,Oculus Quest_Android
20.319,13.883,3794,Oculus Quest_Android
20.334,14.282,3798,Oculus Quest_Android
20.349,13.940,3801,Oculus Quest_Android
20.360,13.319,3804,Oculus Quest_Android
20.375,13.823,3808,Oculus Quest_Android
20.390,14.559,3811,Oculus Quest_Android
20.410,13.308,3814,Oculus Quest_Android
20.417,14.913,3818,Oculus Quest_Android
20.430,12.732,3821,Oculus Quest_Android
20.444,13.886,3824,Oculus Quest_Android
20.458,14.046,3828,Oculus Quest_Android
20.472,14.177,3831,Oculus Quest_Android
20.497,24.603,3837,Oculus Quest_Android
20.511,13.386,3840,Oculus Quest_Android
20.524,14.170,3844,Oculus Quest_Android
20.538,13.467,3847,Oculus Quest_Android
20.561,14.415,3850,Oculus Quest_Android
20.568,16.342,3854,Oculus Quest_Android
20.580,11.139,3857,Oculus Quest_Android
20.593,13.727,3860,Oculus Quest_Android
20.609,14.244,3864,Oculus Quest_Android
20.622,13.830,3867,Oculus Quest_Android
20.637,13.869,3870,Oculus Quest_Android
20.650,13.776,3874,Oculus Quest_Android
20.664,13.968,3877,Oculus Quest_Android
20.679,14.285,3880,Oculus Quest_Android
20.701,13.782,3884,Oculus Quest_Android
20.717,17.696,3888,Oculus Quest_Android
20.744,24.185,3894,Oculus Quest_Android
20.758,17.894,3898,Oculus Quest_Android
20.772,13.953,3901,Oculus Quest_Android
20.786,14.412,3905,Oculus Quest_Android
20.800,13.533,3908,Oculus Quest_Android
20.813,13.636,3911,Oculus Quest_Android
20.827,13.679,3915,Oculus Quest_Android
20.841,13.680,3918,Oculus Quest_Android
20.854,13.706,3921,Oculus Quest_Android
20.868,13.735,3925,Oculus Quest_Android
20.881,12.954,3928,Oculus Quest_Android
20.895,13.714,3931,Oculus Quest_Android
20.909,13.966,3935,Oculus Quest_Android
20.922,13.503,3938,Oculus Quest_Android
20.936,13.346,3941,Oculus Quest_Android
20.949,13.396,3944,Oculus Quest_Android
20.963,13.755,3948,Oculus Quest_Android
20.976,13.481,3951,Oculus Quest_Android
20.990,13.944,3954,Oculus Quest_Android
21.005,13.749,3958,Oculus Quest_Android
21.019,14.389,3961,Oculus Quest_Android
21.032,14.432,3965,Oculus Quest_Android
21.046,12.928,3968,Oculus Quest_Android
21.059,13.725,3971,Oculus Quest_Android
21.073,13.882,3974,Oculus Quest_Android
21.088,14.044,3978,Oculus Quest_Android
21.102,14.481,3981,Oculus Quest_Android
21.116,13.292,3985,Oculus Quest_Android
21.129,13.690,3988,Oculus Quest_Android
21.143,13.810,3991,Oculus Quest_Android
21.157,14.140,3995,Oculus Quest_Android
21.171,13.813,3998,Oculus Quest_Android
21.185,13.833,4001,Oculus Quest_Android
21.200,14.014,4005,Oculus Quest_Android
21.216,15.326,4008,Oculus Quest_Android
21.230,16.175,4012,Oculus Quest_Android
21.243,13.114,4016,Oculus Quest_Android
21.256,13.708,4019,Oculus Quest_Android
21.262,13.015,4022,Oculus Quest_Android
21.276,12.924,4025,Oculus Quest_Android
21.290,13.762,4029,Oculus Quest_Android
21.304,14.122,4032,Oculus Quest_Android
21.319,14.276,4035,Oculus Quest_Android
21.332,13.693,4039,Oculus Quest_Android
21.347,14.126,4042,Oculus Quest_Android
21.360,13.754,4045,Oculus Quest_Android
21.374,13.515,4049,Oculus Quest_Android
21.401,14.312,4052,Oculus Quest_Android
21.417,28.242,4059,Oculus Quest_Android
21.430,13.549,4062,Oculus Quest_Android
21.444,13.733,4066,Oculus Quest_Android
21.457,12.701,4069,Oculus Quest_Android
21.471,14.656,4072,Oculus Quest_Android
21.486,14.130,4076,Oculus Quest_Android
21.498,13.219,4079,Oculus Quest_Android
21.513,14.287,4082,Oculus Quest_Android
21.527,13.998,4086,Oculus Quest_Android
21.551,13.668,4089,Oculus Quest_Android
21.569,28.090,4096,Oculus Quest_Android
21.594,14.081,4099,Oculus Quest_Android
21.622,27.643,4106,Oculus Quest_Android
21.648,27.884,4113,Oculus Quest_Android
21.676,27.593,4120,Oculus Quest_Android
21.703,27.641,4126,Oculus Quest_Android
21.719,17.662,4130,Oculus Quest_Android
21.744,24.171,4136,Oculus Quest_Android
21.759,16.463,4140,Oculus Quest_Android
21.773,14.905,4144,Oculus Quest_Android
21.799,24.599,4150,Oculus Quest_Android
21.814,15.955,4154,Oculus Quest_Android
21.828,14.687,4157,Oculus Quest_Android
21.842,13.918,4161,Oculus Quest_Android
21.855,13.613,4164,Oculus Quest_Android
21.868,13.432,4168,Oculus Quest_Android
21.883,13.083,4171,Oculus Quest_Android
21.896,14.656,4174,Oculus Quest_Android
21.911,13.595,4178,Oculus Quest_Android
21.924,14.243,4181,Oculus Quest_Android
21.937,13.138,4184,Oculus Quest_Android
21.951,13.190,4188,Oculus Quest_Android
21.964,13.727,4191,Oculus Quest_Android
21.978,13.417,4194,Oculus Quest_Android
21.992,14.000,4198,Oculus Quest_Android
22.006,13.898,4201,Oculus Quest_Android
22.020,13.920,4204,Oculus Quest_Android
22.033,13.748,4208,Oculus Quest_Android
22.049,13.911,4211,Oculus Quest_Android
22.063,15.364,4215,Oculus Quest_Android
22.076,13.540,4218,Oculus Quest_Android
22.089,13.292,4222,Oculus Quest_Android
22.102,13.536,4225,Oculus Quest_Android
22.119,14.021,4228,Oculus Quest_Android
22.133,15.823,4232,Oculus Quest_Android
22.147,13.407,4235,Oculus Quest_Android
22.161,14.052,4239,Oculus Quest_Android
22.174,13.722,4242,Oculus Quest_Android
22.187,13.462,4246,Oculus Quest_Android
22.200,13.480,4249,Oculus Quest_Android
22.214,13.421,4252,Oculus Quest_Android
22.228,14.351,4256,Oculus Quest_Android
22.242,13.475,4259,Oculus Quest_Android
22.256,13.954,4262,Oculus Quest_Android
22.270,13.746,4266,Oculus Quest_Android
22.284,13.945,4269,Oculus Quest_Android
22.297,13.804,4273,Oculus Quest_Android
22.311,13.739,4276,Oculus Quest_Android
22.325,13.851,4279,Oculus Quest_Android
22.339,13.992,4283,Oculus Quest_Android
22.354,14.165,4286,Oculus Quest_Android
22.367,13.768,4290,Oculus Quest_Android
22.381,13.550,4293,Oculus Quest_Android
22.398,14.159,4296,Oculus Quest_Android
22.414,16.882,4301,Oculus Quest_Android
22.438,25.424,4307,Oculus Quest_Android
22.455,14.772,4310,Oculus Quest_Android
22.480,27.082,4317,Oculus Quest_Android
22.494,14.569,4321,Oculus Quest_Android
22.510,16.736,4325,Oculus Quest_Android
22.528,24.217,4331,Oculus Quest_Android
22.542,13.782,4334,Oculus Quest_Android
22.556,14.227,4337,Oculus Quest_Android
22.569,13.574,4341,Oculus Quest_Android
22.584,14.425,4344,Oculus Quest_Android
22.597,13.611,4348,Oculus Quest_Android
22.612,14.110,4351,Oculus Quest_Android
22.625,13.352,4354,Oculus Quest_Android
22.639,14.080,4358,Oculus Quest_Android
22.664,14.184,4361,Oculus Quest_Android
22.692,27.792,4368,Oculus Quest_Android
22.717,26.974,4375,Oculus Quest_Android
22.732,16.450,4379,Oculus Quest_Android
22.746,13.961,4382,Oculus Quest_Android
22.760,14.287,4386,Oculus Quest_Android
22.773,13.722,4389,Oculus Quest_Android
22.787,13.860,4392,Oculus Quest_Android
22.800,13.030,4395,Oculus Quest_Android
22.813,13.195,4399,Oculus Quest_Android
22.828,13.749,4402,Oculus Quest_Android
22.841,14.167,4405,Oculus Quest_Android
22.855,13.799,4409,Oculus Quest_Android
22.869,14.255,4412,Oculus Quest_Android
22.883,13.075,4415,Oculus Quest_Android
22.896,14.200,4419,Oculus Quest_Android
22.909,13.303,4422,Oculus Quest_Android
22.923,13.593,4425,Oculus Quest_Android
22.936,13.102,4428,Oculus Quest_Android
22.951,14.081,4432,Oculus Quest_Android
22.957,14.014,4435,Oculus Quest_Android
22.971,13.449,4438,Oculus Quest_Android
22.985,14.232,4442,Oculus Quest_Android
23.000,14.277,4445,Oculus Quest_Android
23.014,14.290,4448,Oculus Quest_Android
23.027,13.565,4452,Oculus Quest_Android
23.050,13.608,4455,Oculus Quest_Android
23.064,16.073,4459,Oculus Quest_Android
23.079,14.227,4462,Oculus Quest_Android
23.093,14.827,4466,Oculus Quest_Android
23.107,13.621,4469,Oculus Quest_Android
23.120,13.683,4472,Oculus Quest_Android
23.133,12.970,4475,Oculus Quest_Android
23.150,13.747,4479,Oculus Quest_Android
23.169,17.074,4483,Oculus Quest_Android
23.187,18.085,4487,Oculus Quest_Android
23.206,18.413,4492,Oculus Quest_Android
23.224,19.412,4496,Oculus Quest_Android
23.240,17.611,4500,Oculus Quest_Android
23.255,15.917,4504,Oculus Quest_Android
23.270,15.113,4508,Oculus Quest_Android
23.286,15.820,4512,Oculus Quest_Android
23.301,15.696,4515,Oculus Quest_Android
23.316,14.694,4519,Oculus Quest_Android
23.330,14.536,4522,Oculus Quest_Android
23.344,13.874,4526,Oculus Quest_Android
23.358,13.889,4529,Oculus Quest_Android
23.372,14.348,4533,Oculus Quest_Android
23.386,14.072,4536,Oculus Quest_Android
23.403,13.865,4539,Oculus Quest_Android
23.418,16.885,4543,Oculus Quest_Android
23.432,15.043,4547,Oculus Quest_Android
23.446,14.257,4550,Oculus Quest_Android
23.461,13.855,4554,Oculus Quest_Android
23.476,14.567,4557,Oculus Quest_Android
23.490,15.321,4561,Oculus Quest_Android
23.504,13.841,4564,Oculus Quest_Android
23.518,13.932,4568,Oculus Quest_Android
23.524,14.371,4571,Oculus Quest_Android
23.530,6.739,4573,Oculus Quest_Android
23.541,9.682,4575,Oculus Quest_Android
23.555,14.143,4578,Oculus Quest_Android
23.569,13.518,4582,Oculus Quest_Android
23.583,14.114,4585,Oculus Quest_Android
23.596,13.348,4588,Oculus Quest_Android
23.611,14.072,4592,Oculus Quest_Android
23.624,13.842,4595,Oculus Quest_Android
23.648,13.879,4598,Oculus Quest_Android
23.654,16.312,4602,Oculus Quest_Android
23.666,11.437,4605,Oculus Quest_Android
23.680,14.527,4608,Oculus Quest_Android
23.694,13.330,4612,Oculus Quest_Android
23.708,13.865,4615,Oculus Quest_Android
23.722,13.946,4618,Oculus Quest_Android
23.735,13.681,4621,Oculus Quest_Android
23.750,14.553,4625,Oculus Quest_Android
23.763,13.406,4628,Oculus Quest_Android
23.786,13.862,4632,Oculus Quest_Android
23.793,16.268,4636,Oculus Quest_Android
23.805,11.377,4638,Oculus Quest_Android
23.819,14.324,4642,Oculus Quest_Android
23.832,13.695,4645,Oculus Quest_Android
23.846,13.726,4648,Oculus Quest_Android
23.860,14.033,4652,Oculus Quest_Android
23.884,13.848,4655,Oculus Quest_Android
23.899,16.864,4659,Oculus Quest_Android
23.914,15.193,4663,Oculus Quest_Android
23.927,14.185,4666,Oculus Quest_Android
23.941,13.565,4670,Oculus Quest_Android
23.955,13.765,4673,Oculus Quest_Android
23.969,13.734,4676,Oculus Quest_Android
23.982,13.675,4680,Oculus Quest_Android
23.995,13.557,4683,Oculus Quest_Android
24.010,13.306,4686,Oculus Quest_Android
24.016,14.254,4690,Oculus Quest_Android
24.027,10.536,4692,Oculus Quest_Android
24.041,13.771,4695,Oculus Quest_Android
24.055,14.194,4699,Oculus Quest_Android
24.068,13.683,4702,Oculus Quest_Android
24.083,14.241,4706,Oculus Quest_Android
24.096,13.555,4709,Oculus Quest_Android
24.111,14.306,4712,Oculus Quest_Android
24.124,13.621,4716,Oculus Quest_Android
24.148,14.227,4719,Oculus Quest_Android
24.162,16.343,4723,Oculus Quest_Android
24.168,14.134,4727,Oculus Quest_Android
24.180,11.005,4729,Oculus Quest_Android
24.194,13.769,4733,Oculus Quest_Android
24.208,13.835,4736,Oculus Quest_Android
24.222,14.453,4739,Oculus Quest_Android
24.244,13.329,4743,Oculus Quest_Android
24.259,15.636,4746,Oculus Quest_Android
24.265,14.587,4750,Oculus Quest_Android
24.277,11.405,4753,Oculus Quest_Android
24.291,14.162,4756,Oculus Quest_Android
24.305,13.989,4760,Oculus Quest_Android
24.319,14.072,4763,Oculus Quest_Android
24.333,13.637,4766,Oculus Quest_Android
24.347,14.287,4770,Oculus Quest_Android
24.361,13.419,4773,Oculus Quest_Android
24.375,13.778,4776,Oculus Quest_Android
24.398,14.621,4780,Oculus Quest_Android
24.413,15.751,4784,Oculus Quest_Android
24.427,14.854,4787,Oculus Quest_Android
24.441,13.713,4791,Oculus Quest_Android
24.455,14.329,4794,Oculus Quest_Android
24.460,13.392,4797,Oculus Quest_Android
24.471,10.452,4800,Oculus Quest_Android
24.486,13.899,4803,Oculus Quest_Android
24.500,14.413,4807,Oculus Quest_Android
24.514,13.702,4810,Oculus Quest_Android
24.527,13.811,4813,Oculus Quest_Android
24.541,13.752,4817,Oculus Quest_Android
24.555,14.313,4820,Oculus Quest_Android
24.568,13.342,4823,Oculus Quest_Android
24.592,14.064,4827,Oculus Quest_Android
24.599,16.032,4831,Oculus Quest_Android
24.612,12.400,4834,Oculus Quest_Android
24.625,13.608,4837,Oculus Quest_Android
24.647,13.619,4840,Oculus Quest_Android
24.661,15.810,4844,Oculus Quest_Android
24.676,14.280,4848,Oculus Quest_Android
24.691,14.253,4851,Oculus Quest_Android
24.704,14.313,4855,Oculus Quest_Android
24.718,13.867,4858,Oculus Quest_Android
24.724,13.970,4861,Oculus Quest_Android
24.735,10.344,4864,Oculus Quest_Android
24.750,14.661,4867,Oculus Quest_Android
24.764,13.521,4871,Oculus Quest_Android
24.800,25.677,4877,Oculus Quest_Android
24.816,18.098,4881,Oculus Quest_Android
24.841,23.605,4887,Oculus Quest_Android
24.855,17.052,4891,Oculus Quest_Android
24.869,14.371,4894,Oculus Quest_Android
24.884,14.006,4898,Oculus Quest_Android
24.899,14.698,4901,Oculus Quest_Android
24.922,23.501,4907,Oculus Quest_Android
24.936,14.570,4910,Oculus Quest_Android
24.951,14.148,4914,Oculus Quest_Android
24.964,14.364,4917,Oculus Quest_Android
24.978,13.784,4921,Oculus Quest_Android
24.992,13.709,4924,Oculus Quest_Android
24.998,13.282,4927,Oculus Quest_Android
25.011,12.662,4930,Oculus Quest_Android
25.025,14.090,4933,Oculus Quest_Android
25.039,13.910,4937,Oculus Quest_Android
25.053,14.196,4940,Oculus Quest_Android
25.068,13.829,4944,Oculus Quest_Android
25.082,14.059,4947,Oculus Quest_Android
25.095,13.326,4950,Oculus Quest_Android
25.110,14.261,4954,Oculus Quest_Android
25.132,13.478,4957,Oculus Quest_Android
25.149,17.510,4961,Oculus Quest_Android
25.164,24.203,4967,Oculus Quest_Android
25.178,13.749,4970,Oculus Quest_Android
25.201,13.964,4973,Oculus Quest_Android
25.208,16.478,4977,Oculus Quest_Android
25.220,11.722,4980,Oculus Quest_Android
25.234,13.730,4983,Oculus Quest_Android
25.248,13.844,4987,Oculus Quest_Android
25.262,13.824,4990,Oculus Quest_Android
25.277,14.512,4994,Oculus Quest_Android
25.289,13.296,4997,Oculus Quest_Android
25.303,13.737,5000,Oculus Quest_Android
25.317,13.968,5003,Oculus Quest_Android
25.342,13.786,5007,Oculus Quest_Android
25.359,18.461,5011,Oculus Quest_Android
25.381,23.557,5017,Oculus Quest_Android
25.395,14.972,5020,Oculus Quest_Android
25.408,13.844,5024,Oculus Quest_Android
25.422,13.963,5027,Oculus Quest_Android
25.436,13.720,5030,Oculus Quest_Android
25.450,14.149,5034,Oculus Quest_Android
25.464,14.279,5037,Oculus Quest_Android
25.478,13.353,5040,Oculus Quest_Android
25.491,13.655,5044,Oculus Quest_Android
25.505,13.618,5047,Oculus Quest_Android
25.518,13.451,5050,Oculus Quest_Android
25.532,13.953,5054,Oculus Quest_Android
25.547,13.902,5057,Oculus Quest_Android
25.561,14.457,5060,Oculus Quest_Android
25.574,13.439,5064,Oculus Quest_Android
25.588,13.833,5067,Oculus Quest_Android
25.602,13.823,5070,Oculus Quest_Android
25.616,14.104,5074,Oculus Quest_Android
25.629,13.912,5077,Oculus Quest_Android
25.644,14.009,5080,Oculus Quest_Android
25.658,13.986,5084,Oculus Quest_Android
25.671,13.639,5087,Oculus Quest_Android
25.686,14.015,5090,Oculus Quest_Android
25.699,14.200,5094,Oculus Quest_Android
25.713,13.647,5097,Oculus Quest_Android
25.727,14.072,5100,Oculus Quest_Android
25.741,13.785,5104,Oculus Quest_Android
25.748,13.963,5107,Oculus Quest_Android
25.762,14.055,5110,Oculus Quest_Android
25.776,13.947,5114,Oculus Quest_Android
25.790,13.986,5117,Oculus Quest_Android
25.805,13.825,5121,Oculus Quest_Android
25.818,14.279,5124,Oculus Quest_Android
25.832,13.491,5127,Oculus Quest_Android
25.856,14.241,5131,Oculus Quest_Android
25.871,17.045,5135,Oculus Quest_Android
25.897,24.370,5141,Oculus Quest_Android
25.911,16.131,5145,Oculus Quest_Android
25.925,14.410,5148,Oculus Quest_Android
25.938,13.261,5151,Oculus Quest_Android
25.952,13.660,5155,Oculus Quest_Android
25.965,13.893,5158,Oculus Quest_Android
25.978,13.390,5161,Oculus Quest_Android
25.992,13.631,5165,Oculus Quest_Android
26.005,12.970,5168,Oculus Quest_Android
26.019,13.676,5171,Oculus Quest_Android
26.033,13.704,5174,Oculus Quest_Android
26.047,13.920,5178,Oculus Quest_Android
26.061,13.919,5181,Oculus Quest_Android
26.075,13.745,5184,Oculus Quest_Android
26.089,14.085,5188,Oculus Quest_Android
26.102,13.839,5191,Oculus Quest_Android
26.116,13.683,5195,Oculus Quest_Android
26.130,14.017,5198,Oculus Quest_Android
26.146,14.145,5201,Oculus Quest_Android
26.164,16.184,5205,Oculus Quest_Android
26.193,25.704,5212,Oculus Quest_Android
26.219,27.786,5218,Oculus Quest_Android
26.244,27.746,5225,Oculus Quest_Android
26.258,15.871,5229,Oculus Quest_Android
26.272,13.956,5232,Oculus Quest_Android
26.289,14.932,5236,Oculus Quest_Android
26.312,24.868,5242,Oculus Quest_Android
26.326,14.700,5245,Oculus Quest_Android
26.340,13.923,5249,Oculus Quest_Android
26.354,13.697,5252,Oculus Quest_Android
26.368,14.076,5256,Oculus Quest_Android
26.382,14.139,5259,Oculus Quest_Android
26.397,14.145,5262,Oculus Quest_Android
26.411,14.772,5266,Oculus Quest_Android
26.426,14.529,5269,Oculus Quest_Android
26.440,13.964,5273,Oculus Quest_Android
26.458,25.703,5279,Oculus Quest_Android
26.480,13.875,5282,Oculus Quest_Android
26.494,14.730,5286,Oculus Quest_Android
26.508,14.305,5290,Oculus Quest_Android
26.522,14.019,5293,Oculus Quest_Android
26.536,13.765,5296,Oculus Quest_Android
26.551,14.039,5300,Oculus Quest_Android
26.565,15.195,5303,Oculus Quest_Android
26.580,13.862,5307,Oculus Quest_Android
26.605,25.005,5313,Oculus Quest_Android
26.619,14.568,5316,Oculus Quest_Android
26.632,13.976,5320,Oculus Quest_Android
26.645,13.196,5323,Oculus Quest_Android
26.660,13.740,5326,Oculus Quest_Android
26.674,14.439,5330,Oculus Quest_Android
26.688,14.046,5333,Oculus Quest_Android
26.702,14.133,5337,Oculus Quest_Android
26.716,13.735,5340,Oculus Quest_Android
26.729,13.831,5343,Oculus Quest_Android
26.742,13.110,5346,Oculus Quest_Android
26.756,14.000,5350,Oculus Quest_Android
26.772,13.758,5353,Oculus Quest_Android
26.786,15.612,5357,Oculus Quest_Android
26.799,13.485,5360,Oculus Quest_Android
26.813,13.258,5363,Oculus Quest_Android
26.827,14.197,5367,Oculus Quest_Android
26.840,13.497,5370,Oculus Quest_Android
26.854,13.687,5373,Oculus Quest_Android
26.860,13.686,5376,Oculus Quest_Android
26.875,14.135,5380,Oculus Quest_Android
26.889,14.090,5383,Oculus Quest_Android
26.903,13.601,5387,Oculus Quest_Android
26.927,14.436,5390,Oculus Quest_Android
26.956,27.676,5397,Oculus Quest_Android
26.982,27.576,5403,Oculus Quest_Android
27.010,27.771,5410,Oculus Quest_Android
27.026,16.827,5414,Oculus Quest_Android
27.042,15.397,5418,Oculus Quest_Android
27.058,16.309,5422,Oculus Quest_Android
27.073,16.264,5425,Oculus Quest_Android
27.087,14.181,5429,Oculus Quest_Android
27.100,13.964,5432,Oculus Quest_Android
27.113,13.264,5435,Oculus Quest_Android
27.127,13.786,5439,Oculus Quest_Android
27.140,13.184,5442,Oculus Quest_Android
27.154,13.716,5445,Oculus Quest_Android
27.167,13.329,5448,Oculus Quest_Android
27.180,13.156,5452,Oculus Quest_Android
27.193,13.098,5455,Oculus Quest_Android
27.206,13.007,5458,Oculus Quest_Android
27.220,13.480,5461,Oculus Quest_Android
27.234,13.892,5464,Oculus Quest_Android
27.247,13.185,5468,Oculus Quest_Android
27.260,13.519,5471,Oculus Quest_Android
27.273,12.775,5474,Oculus Quest_Android
27.287,13.110,5477,Oculus Quest_Android
27.300,14.024,5480,Oculus Quest_Android
27.314,13.338,5484,Oculus Quest_Android
27.327,13.644,5487,Oculus Quest_Android
27.340,13.018,5490,Oculus Quest_Android
27.354,13.530,5493,Oculus Quest_Android
27.367,13.532,5496,Oculus Quest_Android
27.381,12.835,5500,Oculus Quest_Android
27.394,13.951,5503,Oculus Quest_Android
27.408,13.657,5506,Oculus Quest_Android
27.422,14.315,5510,Oculus Quest_Android
27.436,13.464,5513,Oculus Quest_Android
27.450,14.184,5516,Oculus Quest_Android
27.464,13.772,5520,Oculus Quest_Android
27.478,13.855,5523,Oculus Quest_Android
27.491,14.118,5526,Oculus Quest_Android
27.505,13.738,5530,Oculus Quest_Android
27.519,14.115,5533,Oculus Quest_Android
27.533,13.763,5536,Oculus Quest_Android
27.547,13.594,5539,Oculus Quest_Android
27.561,14.249,5543,Oculus Quest_Android
27.575,13.613,5546,Oculus Quest_Android
27.589,14.166,5550,Oculus Quest_Android
27.603,13.734,5553,Oculus Quest_Android
27.617,13.868,5556,Oculus Quest_Android
27.631,13.932,5560,Oculus Quest_Android
27.645,13.836,5563,Oculus Quest_Android
27.658,13.989,5566,Oculus Quest_Android
27.672,13.900,5570,Oculus Quest_Android
27.686,13.926,5573,Oculus Quest_Android
27.700,13.846,5576,Oculus Quest_Android
27.714,13.928,5580,Oculus Quest_Android
27.727,13.746,5583,Oculus Quest_Android
27.741,13.881,5586,Oculus Quest_Android
27.756,14.183,5590,Oculus Quest_Android
27.769,13.610,5593,Oculus Quest_Android
27.783,13.875,5596,Oculus Quest_Android
27.797,13.970,5599,Oculus Quest_Android
27.811,13.772,5603,Oculus Quest_Android
27.825,14.307,5606,Oculus Quest_Android
27.839,13.598,5609,Oculus Quest_Android
27.853,14.017,5613,Oculus Quest_Android
27.867,13.737,5616,Oculus Quest_Android
27.881,13.967,5619,Oculus Quest_Android
27.894,14.018,5623,Oculus Quest_Android
27.908,13.686,5626,Oculus Quest_Android
27.922,13.954,5629,Oculus Quest_Android
27.936,13.792,5632,Oculus Quest_Android
27.950,13.901,5636,Oculus Quest_Android
27.964,13.892,5639,Oculus Quest_Android
27.977,13.796,5642,Oculus Quest_Android
27.991,13.892,5646,Oculus Quest_Android
28.005,13.888,5649,Oculus Quest_Android
28.020,14.270,5652,Oculus Quest_Android
28.033,14.234,5656,Oculus Quest_Android
28.047,13.260,5659,Oculus Quest_Android
28.061,13.973,5662,Oculus Quest_Android
28.075,13.727,5665,Oculus Quest_Android
28.089,14.288,5669,Oculus Quest_Android
28.102,13.557,5672,Oculus Quest_Android
28.117,13.884,5675,Oculus Quest_Android
28.130,13.824,5679,Oculus Quest_Android
28.145,14.356,5682,Oculus Quest_Android
28.159,13.796,5685,Oculus Quest_Android
28.172,14.286,5689,Oculus Quest_Android
28.186,13.392,5692,Oculus Quest_Android
28.200,13.923,5695,Oculus Quest_Android
28.214,13.794,5698,Oculus Quest_Android
28.228,14.027,5702,Oculus Quest_Android
28.242,13.786,5705,Oculus Quest_Android
28.256,13.958,5708,Oculus Quest_Android
28.269,13.715,5712,Oculus Quest_Android
28.284,13.850,5715,Oculus Quest_Android
28.297,13.941,5718,Oculus Quest_Android
28.311,13.834,5722,Oculus Quest_Android
28.325,14.043,5725,Oculus Quest_Android
28.339,13.946,5728,Oculus Quest_Android
28.353,14.058,5732,Oculus Quest_Android
28.367,14.001,5735,Oculus Quest_Android
28.381,13.572,5738,Oculus Quest_Android
28.395,13.963,5741,Oculus Quest_Android
28.409,13.876,5745,Oculus Quest_Android
28.423,13.999,5748,Oculus Quest_Android
28.436,13.634,5751,Oculus Quest_Android
28.450,13.946,5755,Oculus Quest_Android
28.464,13.783,5758,Oculus Quest_Android
28.478,13.926,5761,Oculus Quest_Android
28.492,13.927,5764,Oculus Quest_Android
28.505,13.802,5768,Oculus Quest_Android
28.520,14.061,5771,Oculus Quest_Android
28.533,13.949,5774,Oculus Quest_Android
28.547,13.614,5778,Oculus Quest_Android
28.561,13.985,5781,Oculus Quest_Android
28.575,14.025,5784,Oculus Quest_Android
28.589,13.905,5788,Oculus Quest_Android
28.603,13.720,5791,Oculus Quest_Android
28.617,13.803,5794,Oculus Quest_Android
28.631,14.285,5798,Oculus Quest_Android
28.645,13.769,5801,Oculus Quest_Android
28.659,13.805,5804,Oculus Quest_Android
28.672,13.864,5807,Oculus Quest_Android
28.686,13.992,5811,Oculus Quest_Android
28.700,13.596,5814,Oculus Quest_Android
28.714,13.928,5817,Oculus Quest_Android
28.728,13.909,5821,Oculus Quest_Android
28.742,13.957,5824,Oculus Quest_Android
28.756,14.046,5827,Oculus Quest_Android
28.769,14.041,5831,Oculus Quest_Android
28.783,13.722,5834,Oculus Quest_Android
28.797,13.685,5837,Oculus Quest_Android
28.812,14.204,5841,Oculus Quest_Android
28.826,14.491,5844,Oculus Quest_Android
28.839,13.338,5847,Oculus Quest_Android
28.853,13.778,5851,Oculus Quest_Android
28.867,13.824,5854,Oculus Quest_Android
28.881,13.830,5857,Oculus Quest_Android
28.894,13.970,5861,Oculus Quest_Android
28.909,13.710,5864,Oculus Quest_Android
28.922,14.024,5867,Oculus Quest_Android
28.936,13.729,5870,Oculus Quest_Android
28.951,14.084,5874,Oculus Quest_Android
28.964,13.868,5877,Oculus Quest_Android
28.978,13.885,5881,Oculus Quest_Android
28.992,13.780,5884,Oculus Quest_Android
29.006,14.076,5887,Oculus Quest_Android
29.020,13.960,5891,Oculus Quest_Android
29.047,25.957,5897,Oculus Quest_Android
29.061,15.084,5900,Oculus Quest_Android
29.073,13.034,5904,Oculus Quest_Android
29.088,12.985,5907,Oculus Quest_Android
29.101,14.122,5910,Oculus Quest_Android
29.115,13.161,5913,Oculus Quest_Android
29.128,14.196,5917,Oculus Quest_Android
29.148,13.448,5920,Oculus Quest_Android
29.174,28.492,5927,Oculus Quest_Android
29.192,17.646,5931,Oculus Quest_Android
29.216,23.883,5937,Oculus Quest_Android
29.232,18.167,5941,Oculus Quest_Android
29.255,23.439,5947,Oculus Quest_Android
29.270,15.241,5950,Oculus Quest_Android
29.285,14.780,5954,Oculus Quest_Android
29.300,15.531,5958,Oculus Quest_Android
29.324,24.322,5963,Oculus Quest_Android
29.338,14.273,5967,Oculus Quest_Android
29.353,13.921,5970,Oculus Quest_Android
29.367,15.525,5974,Oculus Quest_Android
29.382,13.633,5977,Oculus Quest_Android
29.396,15.165,5981,Oculus Quest_Android
29.413,14.392,5984,Oculus Quest_Android
29.436,24.455,5990,Oculus Quest_Android
29.455,15.128,5994,Oculus Quest_Android
29.477,26.281,6000,Oculus Quest_Android
29.492,14.601,6004,Oculus Quest_Android
29.506,14.945,6007,Oculus Quest_Android
29.520,14.246,6011,Oculus Quest_Android
29.535,14.287,6014,Oculus Quest_Android
29.548,14.013,6017,Oculus Quest_Android
29.563,13.942,6021,Oculus Quest_Android
29.577,14.364,6024,Oculus Quest_Android
29.591,14.104,6028,Oculus Quest_Android
29.604,13.937,6031,Oculus Quest_Android
29.618,13.396,6034,Oculus Quest_Android
29.625,14.177,6037,Oculus Quest_Android
29.636,11.445,6040,Oculus Quest_Android
29.651,13.926,6044,Oculus Quest_Android
29.665,14.237,6047,Oculus Quest_Android
29.679,13.454,6050,Oculus Quest_Android
29.692,13.871,6054,Oculus Quest_Android
29.706,13.745,6057,Oculus Quest_Android
29.720,13.823,6060,Oculus Quest_Android
29.734,13.933,6064,Oculus Quest_Android
29.757,14.152,6067,Oculus Quest_Android
29.763,15.959,6071,Oculus Quest_Android
29.776,11.631,6073,Oculus Quest_Android
29.789,13.763,6077,Oculus Quest_Android
29.803,13.843,6080,Oculus Quest_Android
29.818,14.188,6083,Oculus Quest_Android
29.831,13.690,6087,Oculus Quest_Android
29.845,14.081,6090,Oculus Quest_Android
29.859,13.670,6093,Oculus Quest_Android
29.873,14.001,6097,Oculus Quest_Android
29.896,14.445,6100,Oculus Quest_Android
29.903,15.961,6104,Oculus Quest_Android
29.915,11.444,6107,Oculus Quest_Android
29.928,13.655,6110,Oculus Quest_Android
29.943,14.020,6113,Oculus Quest_Android
29.956,14.060,6116,Oculus Quest_Android
29.970,14.017,6120,Oculus Quest_Android
29.984,13.920,6123,Oculus Quest_Android
29.998,13.687,6126,Oculus Quest_Android
30.013,14.638,6130,Oculus Quest_Android
30.035,13.254,6133,Oculus Quest_Android
30.042,16.234,6137,Oculus Quest_Android
30.053,11.288,6139,Oculus Quest_Android
30.067,13.712,6143,Oculus Quest_Android
30.083,14.800,6146,Oculus Quest_Android
30.095,13.128,6149,Oculus Quest_Android
30.111,14.308,6153,Oculus Quest_Android
30.124,13.838,6156,Oculus Quest_Android
30.133,9.387,6158,Oculus Quest_Android
30.140,7.591,6160,Oculus Quest_Android
30.162,11.931,6163,Oculus Quest_Android
30.178,17.075,6167,Oculus Quest_Android
30.195,15.723,6171,Oculus Quest_Android
30.209,16.343,6175,Oculus Quest_Android
30.222,14.292,6178,Oculus Quest_Android
30.237,13.570,6181,Oculus Quest_Android
30.251,14.236,6185,Oculus Quest_Android
30.265,14.414,6188,Oculus Quest_Android
30.280,14.380,6191,Oculus Quest_Android
30.294,14.525,6195,Oculus Quest_Android
30.308,14.190,6198,Oculus Quest_Android
30.322,14.415,6202,Oculus Quest_Android
30.336,13.780,6205,Oculus Quest_Android
30.352,14.011,6208,Oculus Quest_Android
30.366,15.631,6212,Oculus Quest_Android
30.380,14.557,6215,Oculus Quest_Android
30.398,18.029,6220,Oculus Quest_Android
30.412,13.958,6223,Oculus Quest_Android
30.427,14.008,6226,Oculus Quest_Android
30.441,14.071,6230,Oculus Quest_Android
30.455,15.073,6233,Oculus Quest_Android
30.469,13.599,6237,Oculus Quest_Android
30.482,13.446,6240,Oculus Quest_Android
30.497,14.087,6243,Oculus Quest_Android
30.511,14.493,6247,Oculus Quest_Android
30.525,13.920,6250,Oculus Quest_Android
30.538,13.536,6253,Oculus Quest_Android
30.552,13.575,6256,Oculus Quest_Android
30.566,14.122,6260,Oculus Quest_Android
30.580,14.119,6263,Oculus Quest_Android
30.594,13.784,6266,Oculus Quest_Android
30.608,13.845,6270,Oculus Quest_Android
30.622,13.957,6273,Oculus Quest_Android
30.636,14.032,6276,Oculus Quest_Android
30.650,13.616,6279,Oculus Quest_Android
30.665,14.030,6283,Oculus Quest_Android
30.679,15.511,6286,Oculus Quest_Android
30.694,13.860,6290,Oculus Quest_Android
30.708,14.654,6293,Oculus Quest_Android
30.722,14.290,6297,Oculus Quest_Android
30.737,14.116,6300,Oculus Quest_Android
30.744,14.990,6304,Oculus Quest_Android
30.751,7.327,6305,Oculus Quest_Android
30.763,11.761,6308,Oculus Quest_Android
30.777,14.091,6312,Oculus Quest_Android
30.791,13.755,6315,Oculus Quest_Android
30.805,14.042,6318,Oculus Quest_Android
30.819,14.093,6322,Oculus Quest_Android
30.833,13.651,6325,Oculus Quest_Android
30.847,13.773,6328,Oculus Quest_Android
30.870,14.190,6332,Oculus Quest_Android
30.877,15.897,6335,Oculus Quest_Android
30.889,11.904,6338,Oculus Quest_Android
30.902,13.612,6341,Oculus Quest_Android
30.916,14.088,6345,Oculus Quest_Android
30.930,13.685,6348,Oculus Quest_Android
30.944,13.845,6351,Oculus Quest_Android
30.958,14.090,6355,Oculus Quest_Android
30.972,14.108,6358,Oculus Quest_Android
30.986,13.945,6362,Oculus Quest_Android
31.009,13.778,6365,Oculus Quest_Android
31.016,16.274,6369,Oculus Quest_Android
31.027,11.362,6372,Oculus Quest_Android
31.049,13.644,6375,Oculus Quest_Android
31.063,15.646,6379,Oculus Quest_Android
31.078,13.926,6382,Oculus Quest_Android
31.092,14.476,6385,Oculus Quest_Android
31.106,14.442,6389,Oculus Quest_Android
31.120,13.826,6392,Oculus Quest_Android
31.134,14.081,6396,Oculus Quest_Android
31.148,13.760,6399,Oculus Quest_Android
31.164,14.636,6402,Oculus Quest_Android
31.178,14.791,6406,Oculus Quest_Android
31.192,14.233,6409,Oculus Quest_Android
31.205,13.671,6413,Oculus Quest_Android
31.211,13.752,6416,Oculus Quest_Android
31.221,9.164,6418,Oculus Quest_Android
31.243,13.879,6421,Oculus Quest_Android
31.257,14.827,6425,Oculus Quest_Android
31.263,13.707,6428,Oculus Quest_Android
31.285,13.193,6431,Oculus Quest_Android
31.299,15.126,6435,Oculus Quest_Android
31.313,14.438,6439,Oculus Quest_Android
31.328,13.965,6442,Oculus Quest_Android
31.334,14.332,6445,Oculus Quest_Android
31.347,11.581,6448,Oculus Quest_Android
31.360,14.193,6452,Oculus Quest_Android
31.375,14.009,6455,Oculus Quest_Android
31.388,13.540,6458,Oculus Quest_Android
31.402,14.124,6462,Oculus Quest_Android
31.418,15.280,6465,Oculus Quest_Android
31.432,13.958,6469,Oculus Quest_Android
31.450,11.861,6471,Oculus Quest_Android
31.464,14.064,6475,Oculus Quest_Android
31.478,13.628,6478,Oculus Quest_Android
31.492,14.359,6481,Oculus Quest_Android
31.505,13.246,6485,Oculus Quest_Android
31.519,14.126,6488,Oculus Quest_Android
31.533,13.685,6491,Oculus Quest_Android
31.548,14.011,6495,Oculus Quest_Android
31.563,15.048,6498,Oculus Quest_Android
31.576,14.050,6502,Oculus Quest_Android
31.591,13.685,6505,Oculus Quest_Android
31.604,14.421,6508,Oculus Quest_Android
31.619,13.528,6512,Oculus Quest_Android
31.632,14.699,6515,Oculus Quest_Android
31.646,13.421,6518,Oculus Quest_Android
31.660,13.869,6522,Oculus Quest_Android
31.673,13.823,6525,Oculus Quest_Android
31.687,13.322,6528,Oculus Quest_Android
31.700,13.878,6532,Oculus Quest_Android
31.714,12.844,6535,Oculus Quest_Android
31.728,13.860,6538,Oculus Quest_Android
31.742,14.036,6541,Oculus Quest_Android
31.756,13.933,6545,Oculus Quest_Android
31.770,14.681,6548,Oculus Quest_Android
31.784,13.892,6551,Oculus Quest_Android
31.798,13.928,6555,Oculus Quest_Android
31.811,13.211,6558,Oculus Quest_Android
31.825,13.778,6561,Oculus Quest_Android
31.839,13.818,6565,Oculus Quest_Android
31.853,14.070,6568,Oculus Quest_Android
31.866,13.548,6571,Oculus Quest_Android
31.873,14.052,6574,Oculus Quest_Android
31.888,14.856,6578,Oculus Quest_Android
31.902,13.143,6581,Oculus Quest_Android
31.916,14.353,6584,Oculus Quest_Android
31.929,13.450,6588,Oculus Quest_Android
31.954,14.342,6591,Oculus Quest_Android
31.969,17.348,6595,Oculus Quest_Android
31.984,15.027,6599,Oculus Quest_Android
31.998,14.240,6602,Oculus Quest_Android
32.004,13.753,6605,Oculus Quest_Android
32.013,9.009,6608,Oculus Quest_Android
32.027,14.106,6611,Oculus Quest_Android
32.042,13.591,6614,Oculus Quest_Android
32.054,13.653,6617,Oculus Quest_Android
32.068,13.904,6621,Oculus Quest_Android
32.083,13.996,6624,Oculus Quest_Android
32.096,13.741,6627,Oculus Quest_Android
32.111,13.873,6631,Oculus Quest_Android
32.133,14.047,6634,Oculus Quest_Android
32.140,15.695,6638,Oculus Quest_Android
32.152,12.062,6641,Oculus Quest_Android
32.177,24.580,6646,Oculus Quest_Android
32.194,16.441,6650,Oculus Quest_Android
32.207,13.668,6654,Oculus Quest_Android
32.218,10.776,6656,Oculus Quest_Android
32.232,13.942,6659,Oculus Quest_Android
32.245,13.739,6663,Oculus Quest_Android
32.259,14.112,6666,Oculus Quest_Android
32.282,13.828,6669,Oculus Quest_Android
32.289,16.228,6673,Oculus Quest_Android
32.301,11.670,6676,Oculus Quest_Android
32.316,14.075,6679,Oculus Quest_Android
32.329,13.863,6683,Oculus Quest_Android
32.343,14.057,6686,Oculus Quest_Android
32.357,13.842,6689,Oculus Quest_Android
32.371,13.825,6692,Oculus Quest_Android
32.386,14.106,6696,Oculus Quest_Android
32.398,13.538,6699,Oculus Quest_Android
32.421,14.384,6702,Oculus Quest_Android
32.428,15.687,6706,Oculus Quest_Android
32.441,12.020,6709,Oculus Quest_Android
32.454,13.721,6712,Oculus Quest_Android
32.468,13.718,6716,Oculus Quest_Android
32.482,14.197,6719,Oculus Quest_Android
32.496,13.632,6722,Oculus Quest_Android
32.510,13.778,6725,Oculus Quest_Android
32.524,14.312,6729,Oculus Quest_Android
32.537,13.555,6732,Oculus Quest_Android
32.560,14.120,6735,Oculus Quest_Android
32.566,15.434,6739,Oculus Quest_Android
32.580,12.363,6742,Oculus Quest_Android
32.593,13.845,6745,Oculus Quest_Android
32.608,14.274,6749,Oculus Quest_Android
32.621,13.976,6752,Oculus Quest_Android
32.635,13.473,6755,Oculus Quest_Android
32.649,14.165,6759,Oculus Quest_Android
32.664,13.822,6762,Oculus Quest_Android
32.688,13.869,6765,Oculus Quest_Android
32.703,18.796,6770,Oculus Quest_Android
32.728,23.155,6775,Oculus Quest_Android
32.742,16.147,6779,Oculus Quest_Android
32.757,14.973,6783,Oculus Quest_Android
32.771,14.362,6786,Oculus Quest_Android
32.784,13.408,6789,Oculus Quest_Android
32.797,13.353,6792,Oculus Quest_Android
32.811,13.359,6796,Oculus Quest_Android
32.825,14.452,6799,Oculus Quest_Android
32.838,13.063,6802,Oculus Quest_Android
32.845,13.560,6805,Oculus Quest_Android
32.857,12.371,6808,Oculus Quest_Android
32.872,14.249,6812,Oculus Quest_Android
32.886,14.307,6815,Oculus Quest_Android
32.899,13.409,6819,Oculus Quest_Android
32.914,14.285,6822,Oculus Quest_Android
32.928,13.933,6825,Oculus Quest_Android
32.942,13.482,6829,Oculus Quest_Android
32.966,14.454,6832,Oculus Quest_Android
32.973,17.126,6836,Oculus Quest_Android
32.993,10.687,6839,Oculus Quest_Android
33.007,16.293,6843,Oculus Quest_Android
33.022,14.605,6846,Oculus Quest_Android
33.048,24.619,6852,Oculus Quest_Android
33.063,16.626,6856,Oculus Quest_Android
33.077,14.035,6859,Oculus Quest_Android
33.091,13.983,6863,Oculus Quest_Android
33.104,13.593,6866,Oculus Quest_Android
33.110,13.504,6869,Oculus Quest_Android
33.130,11.417,6872,Oculus Quest_Android
33.144,14.437,6875,Oculus Quest_Android
33.158,15.198,6879,Oculus Quest_Android
33.172,13.576,6882,Oculus Quest_Android
33.185,13.360,6886,Oculus Quest_Android
33.199,13.173,6889,Oculus Quest_Android
33.212,13.362,6892,Oculus Quest_Android
33.226,14.035,6895,Oculus Quest_Android
33.240,13.964,6899,Oculus Quest_Android
33.254,13.915,6902,Oculus Quest_Android
33.267,13.656,6905,Oculus Quest_Android
33.282,14.171,6909,Oculus Quest_Android
33.296,14.083,6912,Oculus Quest_Android
33.310,13.684,6915,Oculus Quest_Android
33.324,14.148,6919,Oculus Quest_Android
33.338,13.698,6922,Oculus Quest_Android
33.352,13.813,6925,Oculus Quest_Android
33.365,13.877,6929,Oculus Quest_Android
33.380,14.124,6932,Oculus Quest_Android
33.393,13.879,6935,Oculus Quest_Android
33.407,13.603,6939,Oculus Quest_Android
33.421,14.387,6942,Oculus Quest_Android
33.435,13.915,6945,Oculus Quest_Android
33.449,13.622,6949,Oculus Quest_Android
33.462,13.860,6952,Oculus Quest_Android
33.469,13.864,6955,Oculus Quest_Android
33.484,14.198,6959,Oculus Quest_Android
33.498,13.734,6962,Oculus Quest_Android
33.513,14.466,6965,Oculus Quest_Android
33.525,13.390,6969,Oculus Quest_Android
33.540,14.244,6972,Oculus Quest_Android
33.555,14.072,6976,Oculus Quest_Android
33.569,13.649,6979,Oculus Quest_Android
33.582,14.044,6982,Oculus Quest_Android
33.606,13.520,6985,Oculus Quest_Android
33.635,28.210,6992,Oculus Quest_Android
33.663,27.387,6999,Oculus Quest_Android
33.690,27.939,7005,Oculus Quest_Android
33.718,27.583,7012,Oculus Quest_Android
33.745,27.752,7019,Oculus Quest_Android
33.772,27.997,7025,Oculus Quest_Android
33.798,27.557,7032,Oculus Quest_Android
33.814,16.439,7036,Oculus Quest_Android
33.840,25.315,7042,Oculus Quest_Android
33.855,16.201,7046,Oculus Quest_Android
33.869,14.444,7050,Oculus Quest_Android
33.883,13.570,7053,Oculus Quest_Android
33.896,14.355,7056,Oculus Quest_Android
33.909,13.344,7060,Oculus Quest_Android
33.923,13.329,7063,Oculus Quest_Android
33.936,13.600,7066,Oculus Quest_Android
33.950,12.967,7069,Oculus Quest_Android
33.963,13.883,7073,Oculus Quest_Android
33.977,13.547,7076,Oculus Quest_Android
33.991,13.861,7079,Oculus Quest_Android
34.005,13.799,7083,Oculus Quest_Android
34.019,14.502,7086,Oculus Quest_Android
34.033,13.854,7090,Oculus Quest_Android
34.047,13.331,7093,Oculus Quest_Android
34.063,14.419,7096,Oculus Quest_Android
34.077,16.141,7100,Oculus Quest_Android
34.091,13.427,7103,Oculus Quest_Android
34.104,13.751,7107,Oculus Quest_Android
34.119,13.983,7110,Oculus Quest_Android
34.132,14.031,7114,Oculus Quest_Android
34.146,13.380,7117,Oculus Quest_Android
34.160,13.987,7120,Oculus Quest_Android
34.174,14.230,7124,Oculus Quest_Android
34.188,13.745,7127,Oculus Quest_Android
34.201,13.862,7130,Oculus Quest_Android
34.215,13.755,7134,Oculus Quest_Android
34.229,14.039,7137,Oculus Quest_Android
34.242,13.232,7140,Oculus Quest_Android
34.256,13.776,7144,Oculus Quest_Android
34.269,13.455,7147,Oculus Quest_Android
34.285,14.153,7150,Oculus Quest_Android
34.299,14.952,7154,Oculus Quest_Android
34.312,13.432,7157,Oculus Quest_Android
34.326,13.885,7161,Oculus Quest_Android
34.341,13.448,7164,Oculus Quest_Android
34.356,15.068,7168,Oculus Quest_Android
34.369,14.856,7171,Oculus Quest_Android
34.375,12.995,7174,Oculus Quest_Android
34.395,12.255,7177,Oculus Quest_Android
34.408,13.828,7181,Oculus Quest_Android
34.423,14.043,7184,Oculus Quest_Android
34.436,14.005,7187,Oculus Quest_Android
34.450,13.169,7191,Oculus Quest_Android
34.464,14.165,7194,Oculus Quest_Android
34.478,13.761,7197,Oculus Quest_Android
34.496,14.709,7201,Oculus Quest_Android
34.509,16.473,7205,Oculus Quest_Android
34.525,13.879,7208,Oculus Quest_Android
34.540,16.288,7212,Oculus Quest_Android
34.554,14.630,7216,Oculus Quest_Android
34.568,14.126,7219,Oculus Quest_Android
34.581,13.194,7222,Oculus Quest_Android
34.595,13.751,7226,Oculus Quest_Android
34.608,13.264,7229,Oculus Quest_Android
34.622,13.691,7232,Oculus Quest_Android
34.636,13.838,7236,Oculus Quest_Android
34.651,14.050,7239,Oculus Quest_Android
34.664,14.844,7243,Oculus Quest_Android
34.678,13.289,7246,Oculus Quest_Android
34.692,13.821,7249,Oculus Quest_Android
34.705,13.695,7253,Oculus Quest_Android
34.721,13.798,7256,Oculus Quest_Android
34.733,14.963,7260,Oculus Quest_Android
34.747,12.767,7263,Oculus Quest_Android
34.760,13.577,7266,Oculus Quest_Android
34.773,12.907,7269,Oculus Quest_Android
34.787,13.013,7272,Oculus Quest_Android
34.800,14.107,7275,Oculus Quest_Android
34.815,13.584,7279,Oculus Quest_Android
34.829,14.560,7282,Oculus Quest_Android
34.842,13.591,7286,Oculus Quest_Android
34.856,13.712,7289,Oculus Quest_Android
34.869,13.421,7292,Oculus Quest_Android
34.883,13.335,7295,Oculus Quest_Android
34.897,14.518,7299,Oculus Quest_Android
34.910,13.334,7302,Oculus Quest_Android
34.924,13.640,7305,Oculus Quest_Android
34.937,13.338,7308,Oculus Quest_Android
34.951,13.417,7312,Oculus Quest_Android
34.965,14.382,7315,Oculus Quest_Android
34.978,13.401,7318,Oculus Quest_Android
34.992,13.676,7322,Oculus Quest_Android
35.005,13.478,7325,Oculus Quest_Android
35.020,13.491,7328,Oculus Quest_Android
35.033,14.525,7332,Oculus Quest_Android
35.047,13.219,7335,Oculus Quest_Android
35.061,14.036,7338,Oculus Quest_Android
35.075,13.861,7341,Oculus Quest_Android
35.089,13.999,7345,Oculus Quest_Android
35.102,14.047,7348,Oculus Quest_Android
35.117,13.532,7351,Oculus Quest_Android
35.130,13.799,7355,Oculus Quest_Android
35.150,13.767,7358,Oculus Quest_Android
35.166,19.579,7363,Oculus Quest_Android
35.188,16.139,7367,Oculus Quest_Android
35.209,22.441,7372,Oculus Quest_Android
35.226,20.682,7377,Oculus Quest_Android
35.242,16.905,7381,Oculus Quest_Android
35.258,16.033,7385,Oculus Quest_Android
35.272,15.555,7389,Oculus Quest_Android
35.287,14.383,7392,Oculus Quest_Android
35.301,15.066,7396,Oculus Quest_Android
35.318,14.532,7399,Oculus Quest_Android
35.333,16.650,7403,Oculus Quest_Android
35.348,14.384,7407,Oculus Quest_Android
35.363,15.318,7410,Oculus Quest_Android
35.378,15.265,7414,Oculus Quest_Android
35.393,15.061,7417,Oculus Quest_Android
35.407,14.220,7421,Oculus Quest_Android
35.422,14.374,7424,Oculus Quest_Android
35.439,15.561,7428,Oculus Quest_Android
35.453,16.257,7432,Oculus Quest_Android
35.467,14.522,7435,Oculus Quest_Android
35.482,13.798,7439,Oculus Quest_Android
35.496,14.563,7442,Oculus Quest_Android
35.510,13.939,7446,Oculus Quest_Android
35.524,14.467,7449,Oculus Quest_Android
35.538,14.266,7453,Oculus Quest_Android
35.553,14.127,7456,Oculus Quest_Android
35.568,14.848,7459,Oculus Quest_Android
35.582,14.169,7463,Oculus Quest_Android
35.595,14.203,7466,Oculus Quest_Android
35.608,13.141,7469,Oculus Quest_Android
35.622,13.419,7473,Oculus Quest_Android
35.635,13.657,7476,Oculus Quest_Android
35.649,13.389,7479,Oculus Quest_Android
35.662,13.482,7482,Oculus Quest_Android
35.677,13.545,7486,Oculus Quest_Android
35.691,14.896,7489,Oculus Quest_Android
35.705,13.996,7493,Oculus Quest_Android
35.720,13.699,7496,Oculus Quest_Android
35.733,15.137,7499,Oculus Quest_Android
35.747,13.182,7503,Oculus Quest_Android
35.761,13.790,7506,Oculus Quest_Android
35.774,13.226,7509,Oculus Quest_Android
35.788,13.372,7512,Oculus Quest_Android
35.801,14.398,7516,Oculus Quest_Android
35.816,13.109,7519,Oculus Quest_Android
35.829,14.532,7523,Oculus Quest_Android
35.843,13.615,7526,Oculus Quest_Android
35.856,13.410,7529,Oculus Quest_Android
35.870,13.505,7532,Oculus Quest_Android
35.884,13.396,7536,Oculus Quest_Android
35.897,14.238,7539,Oculus Quest_Android
35.911,13.042,7542,Oculus Quest_Android
35.924,13.843,7546,Oculus Quest_Android
35.930,13.384,7549,Oculus Quest_Android
35.944,12.289,7552,Oculus Quest_Android
35.957,13.958,7555,Oculus Quest_Android
35.980,13.747,7559,Oculus Quest_Android
35.995,15.986,7562,Oculus Quest_Android
36.010,14.736,7566,Oculus Quest_Android
36.024,14.925,7570,Oculus Quest_Android
36.029,13.828,7573,Oculus Quest_Android
36.040,9.836,7575,Oculus Quest_Android
36.063,14.821,7579,Oculus Quest_Android
36.077,14.773,7583,Oculus Quest_Android
36.091,13.862,7586,Oculus Quest_Android
36.105,13.879,7589,Oculus Quest_Android
36.119,14.032,7593,Oculus Quest_Android
36.132,13.838,7596,Oculus Quest_Android
36.146,13.451,7599,Oculus Quest_Android
36.160,13.651,7603,Oculus Quest_Android
36.173,14.018,7606,Oculus Quest_Android
36.187,13.937,7609,Oculus Quest_Android
36.201,13.885,7613,Oculus Quest_Android
36.207,13.426,7616,Oculus Quest_Android
36.221,13.673,7619,Oculus Quest_Android
36.235,13.388,7623,Oculus Quest_Android
36.249,14.257,7626,Oculus Quest_Android
36.263,13.513,7629,Oculus Quest_Android
36.277,14.149,7633,Oculus Quest_Android
36.291,13.894,7636,Oculus Quest_Android
36.304,13.763,7639,Oculus Quest_Android
36.319,14.176,7643,Oculus Quest_Android
36.343,13.589,7646,Oculus Quest_Android
36.349,17.666,7650,Oculus Quest_Android
36.360,10.302,7653,Oculus Quest_Android
36.374,13.773,7656,Oculus Quest_Android
36.388,14.325,7660,Oculus Quest_Android
36.401,13.349,7663,Oculus Quest_Android
36.416,14.277,7666,Oculus Quest_Android
36.429,13.568,7670,Oculus Quest_Android
36.453,14.094,7673,Oculus Quest_Android
36.467,16.253,7677,Oculus Quest_Android
36.482,14.150,7681,Oculus Quest_Android
36.495,14.580,7684,Oculus Quest_Android
36.509,13.556,7687,Oculus Quest_Android
36.523,13.975,7691,Oculus Quest_Android
36.536,13.640,7694,Oculus Quest_Android
36.550,13.256,7697,Oculus Quest_Android
36.563,14.011,7701,Oculus Quest_Android
36.577,13.020,7704,Oculus Quest_Android
36.591,13.763,7707,Oculus Quest_Android
36.604,13.870,7711,Oculus Quest_Android
36.618,13.508,7714,Oculus Quest_Android
36.632,13.897,7717,Oculus Quest_Android
36.646,13.921,7721,Oculus Quest_Android
36.660,13.790,7724,Oculus Quest_Android
36.673,13.463,7727,Oculus Quest_Android
36.687,13.727,7730,Oculus Quest_Android
36.700,14.126,7734,Oculus Quest_Android
36.714,12.973,7737,Oculus Quest_Android
36.727,13.797,7740,Oculus Quest_Android
36.742,13.947,7744,Oculus Quest_Android
36.755,13.670,7747,Oculus Quest_Android
36.769,13.933,7750,Oculus Quest_Android
36.783,13.764,7754,Oculus Quest_Android
36.797,13.923,7757,Oculus Quest_Android
36.811,13.976,7760,Oculus Quest_Android
36.825,13.913,7764,Oculus Quest_Android
36.838,13.823,7767,Oculus Quest_Android
36.853,13.855,7770,Oculus Quest_Android
36.868,14.651,7774,Oculus Quest_Android
36.874,14.269,7777,Oculus Quest_Android
36.888,13.682,7781,Oculus Quest_Android
36.901,13.248,7784,Oculus Quest_Android
36.916,14.458,7787,Oculus Quest_Android
36.938,13.625,7791,Oculus Quest_Android
36.952,15.448,7794,Oculus Quest_Android
36.965,13.960,7798,Oculus Quest_Android
36.980,13.538,7801,Oculus Quest_Android
36.993,13.733,7804,Oculus Quest_Android
37.007,13.726,7807,Oculus Quest_Android
37.021,13.628,7811,Oculus Quest_Android
37.035,14.523,7814,Oculus Quest_Android
37.049,13.368,7817,Oculus Quest_Android
37.065,14.055,7821,Oculus Quest_Android
37.079,16.336,7825,Oculus Quest_Android
37.093,13.954,7828,Oculus Quest_Android
37.106,13.398,7831,Oculus Quest_Android
37.120,13.722,7835,Oculus Quest_Android
37.133,13.484,7838,Oculus Quest_Android
37.147,13.476,7841,Oculus Quest_Android
37.160,13.649,7844,Oculus Quest_Android
37.174,13.678,7848,Oculus Quest_Android
37.188,13.796,7851,Oculus Quest_Android
37.201,13.670,7854,Oculus Quest_Android
37.215,13.501,7857,Oculus Quest_Android
37.229,14.221,7861,Oculus Quest_Android
37.242,13.195,7864,Oculus Quest_Android
37.256,13.823,7867,Oculus Quest_Android
37.269,13.182,7871,Oculus Quest_Android
37.283,13.545,7874,Oculus Quest_Android
37.297,14.022,7877,Oculus Quest_Android
37.311,13.759,7880,Oculus Quest_Android
37.325,13.938,7884,Oculus Quest_Android
37.344,14.079,7887,Oculus Quest_Android
37.363,21.128,7892,Oculus Quest_Android
37.378,17.055,7896,Oculus Quest_Android
37.392,14.776,7900,Oculus Quest_Android
37.406,13.884,7903,Oculus Quest_Android
37.427,14.161,7907,Oculus Quest_Android
37.434,21.284,7912,Oculus Quest_Android
37.444,9.595,7914,Oculus Quest_Android
37.456,13.049,7917,Oculus Quest_Android
37.471,14.111,7921,Oculus Quest_Android
37.492,13.645,7924,Oculus Quest_Android
37.498,14.493,7927,Oculus Quest_Android
37.513,13.789,7931,Oculus Quest_Android
37.527,13.562,7934,Oculus Quest_Android
37.540,13.770,7937,Oculus Quest_Android
37.563,14.443,7941,Oculus Quest_Android
37.570,15.792,7944,Oculus Quest_Android
37.582,11.486,7947,Oculus Quest_Android
37.605,13.994,7951,Oculus Quest_Android
37.621,16.849,7955,Oculus Quest_Android
37.635,15.348,7958,Oculus Quest_Android
37.641,13.863,7962,Oculus Quest_Android
37.651,9.424,7964,Oculus Quest_Android
37.673,13.570,7967,Oculus Quest_Android
37.688,14.991,7971,Oculus Quest_Android
37.702,14.827,7974,Oculus Quest_Android
37.716,13.598,7978,Oculus Quest_Android
37.729,13.992,7981,Oculus Quest_Android
37.743,13.371,7984,Oculus Quest_Android
37.757,14.234,7987,Oculus Quest_Android
37.771,13.870,7991,Oculus Quest_Android
37.784,13.666,7994,Oculus Quest_Android
37.797,13.535,7997,Oculus Quest_Android
37.811,12.927,8001,Oculus Quest_Android
37.825,13.874,8004,Oculus Quest_Android
37.838,13.734,8007,Oculus Quest_Android
37.852,13.847,8011,Oculus Quest_Android
37.866,14.170,8014,Oculus Quest_Android
37.880,13.581,8017,Oculus Quest_Android
37.894,14.062,8021,Oculus Quest_Android
37.908,13.684,8024,Oculus Quest_Android
37.922,13.976,8027,Oculus Quest_Android
37.936,13.823,8031,Oculus Quest_Android
37.950,13.849,8034,Oculus Quest_Android
37.964,14.373,8038,Oculus Quest_Android
37.978,13.995,8041,Oculus Quest_Android
37.991,13.862,8044,Oculus Quest_Android
38.008,13.345,8048,Oculus Quest_Android
38.022,17.257,8052,Oculus Quest_Android
38.036,13.828,8055,Oculus Quest_Android
38.050,13.484,8058,Oculus Quest_Android
38.063,13.714,8062,Oculus Quest_Android
38.076,13.324,8065,Oculus Quest_Android
38.091,13.741,8068,Oculus Quest_Android
38.104,13.749,8072,Oculus Quest_Android
38.117,13.224,8075,Oculus Quest_Android
38.131,13.674,8078,Oculus Quest_Android
38.148,14.262,8082,Oculus Quest_Android
38.165,17.203,8086,Oculus Quest_Android
38.183,16.210,8090,Oculus Quest_Android
38.202,18.121,8094,Oculus Quest_Android
38.223,19.766,8099,Oculus Quest_Android
38.240,20.774,8104,Oculus Quest_Android
38.255,16.216,8108,Oculus Quest_Android
38.269,15.001,8112,Oculus Quest_Android
38.285,14.550,8115,Oculus Quest_Android
38.301,16.414,8119,Oculus Quest_Android
38.316,14.763,8123,Oculus Quest_Android
38.329,15.023,8126,Oculus Quest_Android
38.343,13.408,8130,Oculus Quest_Android
38.358,14.328,8133,Oculus Quest_Android
38.364,14.373,8136,Oculus Quest_Android
38.372,8.475,8139,Oculus Quest_Android
38.387,14.376,8142,Oculus Quest_Android
38.402,13.626,8145,Oculus Quest_Android
38.415,14.092,8149,Oculus Quest_Android
38.429,13.673,8152,Oculus Quest_Android
38.443,14.469,8156,Oculus Quest_Android
38.456,13.317,8159,Oculus Quest_Android
38.471,14.037,8162,Oculus Quest_Android
38.494,14.343,8166,Oculus Quest_Android
38.500,15.487,8169,Oculus Quest_Android
38.513,12.031,8172,Oculus Quest_Android
38.526,13.731,8176,Oculus Quest_Android
38.540,13.831,8179,Oculus Quest_Android
38.554,14.072,8182,Oculus Quest_Android
38.568,13.575,8186,Oculus Quest_Android
38.582,13.977,8189,Oculus Quest_Android
38.596,13.971,8193,Oculus Quest_Android
38.611,14.533,8196,Oculus Quest_Android
38.633,13.707,8199,Oculus Quest_Android
38.648,15.987,8203,Oculus Quest_Android
38.662,15.067,8207,Oculus Quest_Android
38.676,13.672,8210,Oculus Quest_Android
38.691,14.667,8214,Oculus Quest_Android
38.705,14.513,8217,Oculus Quest_Android
38.719,13.842,8221,Oculus Quest_Android
38.732,13.799,8224,Oculus Quest_Android
38.746,13.248,8227,Oculus Quest_Android
38.759,14.023,8231,Oculus Quest_Android
38.773,13.195,8234,Oculus Quest_Android
38.786,13.540,8237,Oculus Quest_Android
38.800,13.468,8240,Oculus Quest_Android
38.814,13.582,8243,Oculus Quest_Android
38.828,14.076,8247,Oculus Quest_Android
38.841,13.929,8250,Oculus Quest_Android
38.848,13.527,8253,Oculus Quest_Android
38.859,11.349,8256,Oculus Quest_Android
38.873,13.773,8259,Oculus Quest_Android
38.888,14.233,8263,Oculus Quest_Android
38.901,13.667,8266,Oculus Quest_Android
38.916,14.623,8270,Oculus Quest_Android
38.929,13.353,8273,Oculus Quest_Android
38.944,14.104,8276,Oculus Quest_Android
38.958,14.202,8280,Oculus Quest_Android
38.982,13.989,8283,Oculus Quest_Android
38.989,17.900,8287,Oculus Quest_Android
38.999,9.481,8290,Oculus Quest_Android
39.025,14.446,8293,Oculus Quest_Android
39.040,18.531,8298,Oculus Quest_Android
39.055,15.385,8301,Oculus Quest_Android
39.068,14.495,8305,Oculus Quest_Android
39.082,12.883,8308,Oculus Quest_Android
39.095,14.074,8311,Oculus Quest_Android
39.109,13.308,8314,Oculus Quest_Android
39.123,14.279,8318,Oculus Quest_Android
39.137,13.451,8321,Oculus Quest_Android
39.151,13.682,8324,Oculus Quest_Android
39.164,14.157,8328,Oculus Quest_Android
39.170,13.210,8331,Oculus Quest_Android
39.179,8.165,8333,Oculus Quest_Android
39.192,13.998,8336,Oculus Quest_Android
39.207,14.048,8340,Oculus Quest_Android
39.221,14.197,8343,Oculus Quest_Android
39.235,13.636,8346,Oculus Quest_Android
39.259,14.092,8350,Oculus Quest_Android
39.275,17.599,8354,Oculus Quest_Android
39.281,15.414,8358,Oculus Quest_Android
39.290,8.274,8360,Oculus Quest_Android
39.304,14.026,8363,Oculus Quest_Android
39.318,13.930,8366,Oculus Quest_Android
39.332,13.933,8370,Oculus Quest_Android
39.347,13.999,8373,Oculus Quest_Android
39.360,14.135,8376,Oculus Quest_Android
39.375,14.055,8380,Oculus Quest_Android
39.388,14.109,8383,Oculus Quest_Android
39.412,13.080,8386,Oculus Quest_Android
39.419,17.523,8390,Oculus Quest_Android
39.429,10.057,8393,Oculus Quest_Android
39.444,14.424,8396,Oculus Quest_Android
39.457,13.940,8400,Oculus Quest_Android
39.471,13.593,8403,Oculus Quest_Android
39.485,14.236,8406,Oculus Quest_Android
39.512,25.727,8413,Oculus Quest_Android
39.524,13.023,8416,Oculus Quest_Android
39.538,13.692,8419,Oculus Quest_Android
39.562,14.112,8422,Oculus Quest_Android
39.569,17.624,8427,Oculus Quest_Android
39.580,9.965,8429,Oculus Quest_Android
39.593,13.722,8432,Oculus Quest_Android
39.608,14.026,8436,Oculus Quest_Android
39.621,13.569,8439,Oculus Quest_Android
39.635,13.778,8442,Oculus Quest_Android
39.649,14.442,8446,Oculus Quest_Android
39.663,13.678,8449,Oculus Quest_Android
39.677,13.966,8452,Oculus Quest_Android
39.701,13.826,8456,Oculus Quest_Android
39.708,18.094,8460,Oculus Quest_Android
39.718,9.412,8462,Oculus Quest_Android
39.732,14.122,8466,Oculus Quest_Android
39.746,13.842,8469,Oculus Quest_Android
39.760,13.920,8472,Oculus Quest_Android
39.775,13.899,8476,Oculus Quest_Android
39.788,13.987,8479,Oculus Quest_Android
39.801,13.603,8482,Oculus Quest_Android
39.817,14.390,8486,Oculus Quest_Android
39.843,13.915,8489,Oculus Quest_Android
39.859,28.047,8496,Oculus Quest_Android
39.872,13.436,8499,Oculus Quest_Android
39.886,13.938,8502,Oculus Quest_Android
39.899,13.583,8506,Oculus Quest_Android
39.914,14.090,8509,Oculus Quest_Android
39.927,13.863,8512,Oculus Quest_Android
39.942,13.790,8516,Oculus Quest_Android
39.955,14.209,8519,Oculus Quest_Android
39.969,13.516,8522,Oculus Quest_Android
39.995,14.201,8526,Oculus Quest_Android
40.012,27.716,8532,Oculus Quest_Android
40.025,13.932,8536,Oculus Quest_Android
40.038,13.655,8539,Oculus Quest_Android
40.053,14.079,8542,Oculus Quest_Android
40.067,13.863,8546,Oculus Quest_Android
40.090,13.569,8549,Oculus Quest_Android
40.105,18.423,8553,Oculus Quest_Android
40.131,23.368,8559,Oculus Quest_Android
40.145,16.812,8563,Oculus Quest_Android
40.159,15.035,8567,Oculus Quest_Android
40.173,13.609,8570,Oculus Quest_Android
40.187,13.691,8573,Oculus Quest_Android
40.200,13.701,8576,Oculus Quest_Android
40.213,13.206,8580,Oculus Quest_Android
40.227,13.352,8583,Oculus Quest_Android
40.240,13.453,8586,Oculus Quest_Android
40.254,13.606,8589,Oculus Quest_Android
40.268,13.976,8593,Oculus Quest_Android
40.282,13.267,8596,Oculus Quest_Android
40.296,14.448,8599,Oculus Quest_Android
40.302,13.595,8603,Oculus Quest_Android
40.317,14.203,8606,Oculus Quest_Android
40.331,13.721,8609,Oculus Quest_Android
40.345,14.022,8613,Oculus Quest_Android
40.368,13.814,8616,Oculus Quest_Android
40.382,16.363,8620,Oculus Quest_Android
40.396,14.298,8623,Oculus Quest_Android
40.409,13.798,8627,Oculus Quest_Android
40.423,13.803,8630,Oculus Quest_Android
40.438,13.699,8633,Oculus Quest_Android
40.451,14.193,8637,Oculus Quest_Android
40.465,13.720,8640,Oculus Quest_Android
40.479,13.979,8643,Oculus Quest_Android
40.493,13.904,8647,Oculus Quest_Android
40.506,13.486,8650,Oculus Quest_Android
40.520,13.647,8653,Oculus Quest_Android
40.533,13.558,8656,Oculus Quest_Android
40.547,13.458,8660,Oculus Quest_Android
40.560,13.538,8663,Oculus Quest_Android
40.574,13.440,8666,Oculus Quest_Android
40.588,13.854,8669,Oculus Quest_Android
40.602,13.834,8673,Oculus Quest_Android
40.616,13.890,8676,Oculus Quest_Android
40.629,14.079,8679,Oculus Quest_Android
40.643,13.129,8683,Oculus Quest_Android
40.657,14.123,8686,Oculus Quest_Android
40.671,14.061,8689,Oculus Quest_Android
40.686,14.269,8693,Oculus Quest_Android
40.699,14.530,8696,Oculus Quest_Android
40.714,13.534,8699,Oculus Quest_Android
40.728,14.102,8703,Oculus Quest_Android
40.746,14.414,8706,Oculus Quest_Android
40.770,26.766,8713,Oculus Quest_Android
40.785,15.081,8716,Oculus Quest_Android
40.801,15.346,8720,Oculus Quest_Android
40.826,25.136,8726,Oculus Quest_Android
40.843,15.606,8730,Oculus Quest_Android
40.868,25.936,8736,Oculus Quest_Android
40.884,15.787,8740,Oculus Quest_Android
40.910,25.683,8746,Oculus Quest_Android
40.927,16.771,8750,Oculus Quest_Android
40.951,25.219,8757,Oculus Quest_Android
40.967,16.374,8760,Oculus Quest_Android
40.992,25.356,8767,Oculus Quest_Android
41.007,15.345,8770,Oculus Quest_Android
41.015,15.072,8774,Oculus Quest_Android
41.025,10.983,8777,Oculus Quest_Android
41.039,13.771,8780,Oculus Quest_Android
41.054,14.163,8783,Oculus Quest_Android
41.078,13.644,8787,Oculus Quest_Android
41.105,28.007,8794,Oculus Quest_Android
41.120,16.809,8798,Oculus Quest_Android
41.154,25.318,8804,Oculus Quest_Android
41.176,27.381,8810,Oculus Quest_Android
41.212,27.489,8817,Oculus Quest_Android
41.236,28.121,8824,Oculus Quest_Android
41.263,27.434,8831,Oculus Quest_Android
41.286,27.929,8837,Oculus Quest_Android
41.313,27.267,8844,Oculus Quest_Android
41.342,28.025,8851,Oculus Quest_Android
41.373,28.287,8858,Oculus Quest_Android
41.396,27.968,8864,Oculus Quest_Android
41.416,16.555,8868,Oculus Quest_Android
41.439,24.769,8874,Oculus Quest_Android
41.473,30.224,8882,Oculus Quest_Android
41.497,25.718,8888,Oculus Quest_Android
41.521,26.897,8894,Oculus Quest_Android
41.552,27.953,8901,Oculus Quest_Android
41.576,27.898,8908,Oculus Quest_Android
41.592,16.525,8912,Oculus Quest_Android
41.618,25.567,8918,Oculus Quest_Android
41.633,15.940,8922,Oculus Quest_Android
41.659,25.767,8928,Oculus Quest_Android
41.675,15.540,8932,Oculus Quest_Android
41.693,26.422,8938,Oculus Quest_Android
41.707,13.752,8942,Oculus Quest_Android
41.720,13.816,8945,Oculus Quest_Android
41.735,14.002,8949,Oculus Quest_Android
41.750,14.418,8952,Oculus Quest_Android
41.762,12.743,8955,Oculus Quest_Android
41.776,14.192,8958,Oculus Quest_Android
41.790,13.750,8962,Oculus Quest_Android
41.804,13.935,8965,Oculus Quest_Android
41.827,14.997,8969,Oculus Quest_Android
41.846,27.565,8975,Oculus Quest_Android
41.860,13.269,8979,Oculus Quest_Android
41.874,14.287,8982,Oculus Quest_Android
41.888,14.138,8985,Oculus Quest_Android
41.901,12.950,8988,Oculus Quest_Android
41.916,14.410,8992,Oculus Quest_Android
41.929,13.249,8995,Oculus Quest_Android
41.943,14.346,8999,Oculus Quest_Android
41.951,7.840,9000,Oculus Quest_Android
41.966,8.179,9002,Oculus Quest_Android
41.973,14.517,9006,Oculus Quest_Android
41.984,11.594,9009,Oculus Quest_Android
41.999,13.863,9012,Oculus Quest_Android
42.014,14.570,9015,Oculus Quest_Android
42.027,13.776,9019,Oculus Quest_Android
42.041,13.600,9022,Oculus Quest_Android
42.055,14.053,9025,Oculus Quest_Android
42.068,13.581,9029,Oculus Quest_Android
42.083,14.130,9032,Oculus Quest_Android
42.104,13.312,9035,Oculus Quest_Android
42.111,15.599,9039,Oculus Quest_Android
42.124,12.770,9042,Oculus Quest_Android
42.138,14.119,9045,Oculus Quest_Android
42.151,13.610,9049,Oculus Quest_Android
42.166,13.824,9052,Oculus Quest_Android
42.180,13.805,9055,Oculus Quest_Android
42.193,13.758,9059,Oculus Quest_Android
42.208,14.302,9062,Oculus Quest_Android
42.221,13.569,9065,Oculus Quest_Android
42.244,14.639,9069,Oculus Quest_Android
42.259,15.251,9073,Oculus Quest_Android
42.274,15.325,9076,Oculus Quest_Android
42.281,14.578,9080,Oculus Quest_Android
42.290,9.183,9082,Oculus Quest_Android
42.305,14.596,9085,Oculus Quest_Android
42.318,13.532,9089,Oculus Quest_Android
42.332,13.761,9092,Oculus Quest_Android
42.346,14.035,9095,Oculus Quest_Android
42.360,14.047,9099,Oculus Quest_Android
42.374,14.055,9102,Oculus Quest_Android
42.389,13.972,9105,Oculus Quest_Android
42.409,13.335,9109,Oculus Quest_Android
42.416,14.782,9112,Oculus Quest_Android
42.428,12.830,9115,Oculus Quest_Android
42.444,14.543,9119,Oculus Quest_Android
42.457,13.572,9122,Oculus Quest_Android
42.471,13.870,9125,Oculus Quest_Android
42.493,13.725,9129,Oculus Quest_Android
42.507,15.106,9132,Oculus Quest_Android
42.521,14.501,9136,Oculus Quest_Android
42.535,13.764,9139,Oculus Quest_Android
42.549,13.720,9142,Oculus Quest_Android
42.564,14.925,9146,Oculus Quest_Android
42.578,13.997,9149,Oculus Quest_Android
42.592,14.248,9153,Oculus Quest_Android
42.606,13.927,9156,Oculus Quest_Android
42.621,14.177,9159,Oculus Quest_Android
42.635,14.745,9163,Oculus Quest_Android
42.649,13.774,9166,Oculus Quest_Android
42.664,14.759,9170,Oculus Quest_Android
42.677,13.949,9173,Oculus Quest_Android
42.692,13.640,9176,Oculus Quest_Android
42.706,14.675,9180,Oculus Quest_Android
42.721,14.304,9183,Oculus Quest_Android
42.735,15.495,9187,Oculus Quest_Android
42.749,13.193,9190,Oculus Quest_Android
42.763,14.616,9194,Oculus Quest_Android
42.780,14.269,9197,Oculus Quest_Android
42.796,16.573,9201,Oculus Quest_Android
42.813,16.036,9205,Oculus Quest_Android
42.830,17.514,9209,Oculus Quest_Android
42.846,16.605,9213,Oculus Quest_Android
42.863,16.253,9217,Oculus Quest_Android
42.880,16.834,9221,Oculus Quest_Android
42.897,17.545,9226,Oculus Quest_Android
42.914,16.505,9230,Oculus Quest_Android
42.931,17.220,9234,Oculus Quest_Android
42.948,16.497,9238,Oculus Quest_Android
42.969,17.463,9242,Oculus Quest_Android
42.987,21.612,9247,Oculus Quest_Android
43.007,19.281,9252,Oculus Quest_Android
43.025,18.172,9256,Oculus Quest_Android
43.042,17.933,9261,Oculus Quest_Android
43.060,17.085,9265,Oculus Quest_Android
43.077,17.764,9269,Oculus Quest_Android
43.094,17.801,9274,Oculus Quest_Android
43.110,16.091,9277,Oculus Quest_Android
43.117,16.173,9281,Oculus Quest_Android
43.124,7.455,9283,Oculus Quest_Android
43.138,12.835,9286,Oculus Quest_Android
43.152,13.600,9290,Oculus Quest_Android
43.166,13.953,9293,Oculus Quest_Android
43.180,14.321,9296,Oculus Quest_Android
43.193,13.401,9300,Oculus Quest_Android
43.217,13.709,9303,Oculus Quest_Android
43.234,17.729,9307,Oculus Quest_Android
43.250,16.197,9311,Oculus Quest_Android
43.266,16.580,9315,Oculus Quest_Android
43.274,15.653,9319,Oculus Quest_Android
43.282,8.680,9321,Oculus Quest_Android
43.290,8.965,9323,Oculus Quest_Android
43.314,13.910,9327,Oculus Quest_Android
43.331,17.238,9331,Oculus Quest_Android
43.347,15.825,9335,Oculus Quest_Android
43.363,16.400,9339,Oculus Quest_Android
43.380,16.124,9343,Oculus Quest_Android
43.396,16.836,9347,Oculus Quest_Android
43.414,16.562,9351,Oculus Quest_Android
43.431,17.841,9355,Oculus Quest_Android
43.448,16.716,9359,Oculus Quest_Android
43.466,17.868,9363,Oculus Quest_Android
43.484,17.550,9368,Oculus Quest_Android
43.500,17.648,9372,Oculus Quest_Android
43.517,16.263,9376,Oculus Quest_Android
43.535,17.440,9380,Oculus Quest_Android
43.553,17.558,9384,Oculus Quest_Android
43.569,17.793,9389,Oculus Quest_Android
43.586,16.349,9393,Oculus Quest_Android
43.603,17.207,9397,Oculus Quest_Android
43.620,16.664,9401,Oculus Quest_Android
43.636,16.975,9405,Oculus Quest_Android
43.653,16.326,9409,Oculus Quest_Android
43.669,16.476,9413,Oculus Quest_Android
43.687,16.190,9417,Oculus Quest_Android
43.704,18.329,9421,Oculus Quest_Android
43.720,16.271,9425,Oculus Quest_Android
43.737,16.456,9429,Oculus Quest_Android
43.754,16.719,9433,Oculus Quest_Android
43.771,17.556,9438,Oculus Quest_Android
43.789,17.286,9442,Oculus Quest_Android
43.805,17.095,9446,Oculus Quest_Android
43.822,16.260,9450,Oculus Quest_Android
43.838,16.601,9454,Oculus Quest_Android
43.856,16.864,9458,Oculus Quest_Android
43.872,17.488,9462,Oculus Quest_Android
43.889,15.979,9466,Oculus Quest_Android
43.905,16.596,9470,Oculus Quest_Android
43.922,16.515,9474,Oculus Quest_Android
43.939,17.057,9478,Oculus Quest_Android
43.955,16.857,9482,Oculus Quest_Android
43.971,16.670,9486,Oculus Quest_Android
43.988,15.685,9490,Oculus Quest_Android
44.005,16.894,9494,Oculus Quest_Android
44.023,17.374,9498,Oculus Quest_Android
44.040,17.281,9502,Oculus Quest_Android
44.057,17.458,9506,Oculus Quest_Android
44.075,17.179,9510,Oculus Quest_Android
44.093,17.992,9515,Oculus Quest_Android
44.109,16.980,9519,Oculus Quest_Android
44.126,16.620,9523,Oculus Quest_Android
44.145,17.356,9527,Oculus Quest_Android
44.174,19.270,9531,Oculus Quest_Android
44.202,28.429,9538,Oculus Quest_Android
44.229,27.952,9545,Oculus Quest_Android
44.252,27.285,9552,Oculus Quest_Android
44.273,22.604,9557,Oculus Quest_Android
44.296,21.920,9562,Oculus Quest_Android
44.316,22.280,9568,Oculus Quest_Android
44.323,19.913,9572,Oculus Quest_Android
44.345,9.178,9575,Oculus Quest_Android
44.364,19.612,9579,Oculus Quest_Android
44.383,19.153,9584,Oculus Quest_Android
44.403,20.082,9589,Oculus Quest_Android
44.422,18.747,9593,Oculus Quest_Android
44.439,19.193,9598,Oculus Quest_Android
44.456,16.819,9602,Oculus Quest_Android
44.474,17.647,9606,Oculus Quest_Android
44.492,17.421,9610,Oculus Quest_Android
44.511,18.367,9615,Oculus Quest_Android
44.528,18.434,9619,Oculus Quest_Android
44.546,17.375,9623,Oculus Quest_Android
44.565,18.824,9628,Oculus Quest_Android
44.583,18.442,9632,Oculus Quest_Android
44.600,17.682,9636,Oculus Quest_Android
44.620,16.921,9640,Oculus Quest_Android
44.639,20.059,9645,Oculus Quest_Android
44.657,18.845,9650,Oculus Quest_Android
44.676,17.832,9654,Oculus Quest_Android
44.697,19.644,9659,Oculus Quest_Android
44.717,20.675,9664,Oculus Quest_Android
44.725,20.469,9669,Oculus Quest_Android
44.735,9.625,9671,Oculus Quest_Android
44.749,14.247,9674,Oculus Quest_Android
44.763,14.004,9678,Oculus Quest_Android
44.776,13.435,9681,Oculus Quest_Android
44.801,14.189,9684,Oculus Quest_Android
44.820,17.920,9689,Oculus Quest_Android
44.837,18.859,9693,Oculus Quest_Android
44.854,17.372,9697,Oculus Quest_Android
44.870,16.919,9701,Oculus Quest_Android
44.887,16.150,9705,Oculus Quest_Android
44.904,17.032,9709,Oculus Quest_Android
44.921,16.540,9713,Oculus Quest_Android
44.938,17.167,9717,Oculus Quest_Android
44.954,16.987,9721,Oculus Quest_Android
44.969,15.375,9725,Oculus Quest_Android
44.984,15.549,9728,Oculus Quest_Android
45.000,15.133,9732,Oculus Quest_Android
45.016,15.597,9736,Oculus Quest_Android
45.032,16.057,9740,Oculus Quest_Android
45.049,16.339,9743,Oculus Quest_Android
45.065,16.872,9747,Oculus Quest_Android
45.084,15.756,9751,Oculus Quest_Android
45.100,19.218,9756,Oculus Quest_Android
45.116,15.611,9759,Oculus Quest_Android
45.132,16.525,9763,Oculus Quest_Android
45.148,15.957,9767,Oculus Quest_Android
45.164,16.381,9771,Oculus Quest_Android
45.179,14.969,9775,Oculus Quest_Android
45.194,15.519,9778,Oculus Quest_Android
45.209,15.035,9782,Oculus Quest_Android
45.226,15.658,9786,Oculus Quest_Android
45.243,16.821,9790,Oculus Quest_Android
45.259,16.760,9794,Oculus Quest_Android
45.275,15.602,9797,Oculus Quest_Android
45.291,15.807,9801,Oculus Quest_Android
45.306,15.774,9805,Oculus Quest_Android
45.313,15.687,9809,Oculus Quest_Android
45.320,7.285,9810,Oculus Quest_Android
45.332,10.843,9813,Oculus Quest_Android
45.346,14.115,9816,Oculus Quest_Android
45.360,14.638,9820,Oculus Quest_Android
45.373,12.969,9823,Oculus Quest_Android
45.388,14.494,9826,Oculus Quest_Android
45.400,13.205,9829,Oculus Quest_Android
45.416,14.821,9833,Oculus Quest_Android
45.438,13.367,9836,Oculus Quest_Android
45.445,16.324,9840,Oculus Quest_Android
45.466,11.315,9843,Oculus Quest_Android
45.482,16.359,9847,Oculus Quest_Android
45.497,15.771,9850,Oculus Quest_Android
45.513,15.485,9854,Oculus Quest_Android
45.529,15.716,9858,Oculus Quest_Android
45.544,15.652,9861,Oculus Quest_Android
45.561,16.109,9865,Oculus Quest_Android
45.577,16.575,9869,Oculus Quest_Android
45.592,15.723,9873,Oculus Quest_Android
45.608,15.540,9877,Oculus Quest_Android
45.624,15.633,9880,Oculus Quest_Android
45.639,15.479,9884,Oculus Quest_Android
45.655,15.710,9888,Oculus Quest_Android
45.672,16.068,9892,Oculus Quest_Android
45.689,17.364,9896,Oculus Quest_Android
45.704,16.108,9899,Oculus Quest_Android
45.720,15.025,9903,Oculus Quest_Android
45.735,15.630,9907,Oculus Quest_Android
45.751,15.543,9910,Oculus Quest_Android
45.768,16.553,9914,Oculus Quest_Android
45.785,16.465,9918,Oculus Quest_Android
45.800,16.624,9922,Oculus Quest_Android
45.816,15.263,9926,Oculus Quest_Android
45.832,16.175,9930,Oculus Quest_Android
45.838,15.283,9934,Oculus Quest_Android
45.846,7.461,9935,Oculus Quest_Android
45.859,13.106,9938,Oculus Quest_Android
45.873,13.871,9942,Oculus Quest_Android
45.887,14.285,9945,Oculus Quest_Android
45.901,13.537,9949,Oculus Quest_Android
45.915,14.232,9952,Oculus Quest_Android
45.929,13.762,9955,Oculus Quest_Android
45.943,13.938,9959,Oculus Quest_Android
45.966,13.908,9962,Oculus Quest_Android
45.982,16.309,9966,Oculus Quest_Android
45.998,16.210,9970,Oculus Quest_Android
46.014,15.624,9973,Oculus Quest_Android
46.030,16.481,9977,Oculus Quest_Android
46.048,16.160,9981,Oculus Quest_Android
46.064,18.192,9986,Oculus Quest_Android
46.081,15.894,9989,Oculus Quest_Android
46.097,17.155,9994,Oculus Quest_Android
46.113,15.399,9997,Oculus Quest_Android
46.128,16.083,10001,Oculus Quest_Android
46.145,15.570,10005,Oculus Quest_Android
46.161,16.671,10009,Oculus Quest_Android
46.177,16.131,10013,Oculus Quest_Android
46.195,15.910,10017,Oculus Quest_Android
46.210,17.338,10021,Oculus Quest_Android
46.226,15.799,10025,Oculus Quest_Android
46.242,15.666,10028,Oculus Quest_Android
46.257,16.030,10032,Oculus Quest_Android
46.273,15.462,10036,Oculus Quest_Android
46.289,15.775,10040,Oculus Quest_Android
46.305,16.079,10043,Oculus Quest_Android
46.321,15.693,10047,Oculus Quest_Android
46.336,15.779,10051,Oculus Quest_Android
46.354,15.698,10055,Oculus Quest_Android
46.369,17.302,10059,Oculus Quest_Android
46.385,15.313,10063,Oculus Quest_Android
46.400,15.997,10066,Oculus Quest_Android
46.416,15.095,10070,Oculus Quest_Android
46.432,15.884,10074,Oculus Quest_Android
46.448,15.888,10078,Oculus Quest_Android
46.464,16.637,10082,Oculus Quest_Android
46.481,16.155,10086,Oculus Quest_Android
46.497,16.196,10089,Oculus Quest_Android
46.503,15.570,10093,Oculus Quest_Android
46.512,7.899,10095,Oculus Quest_Android
46.526,14.112,10099,Oculus Quest_Android
46.539,13.827,10102,Oculus Quest_Android
46.563,14.178,10105,Oculus Quest_Android
46.579,16.260,10109,Oculus Quest_Android
46.595,15.855,10113,Oculus Quest_Android
46.610,15.550,10117,Oculus Quest_Android
46.626,15.755,10120,Oculus Quest_Android
46.644,15.951,10124,Oculus Quest_Android
46.660,18.034,10129,Oculus Quest_Android
46.676,16.101,10132,Oculus Quest_Android
46.693,16.577,10136,Oculus Quest_Android
46.710,16.826,10140,Oculus Quest_Android
46.726,16.060,10144,Oculus Quest_Android
46.742,16.437,10148,Oculus Quest_Android
46.759,16.868,10152,Oculus Quest_Android
46.775,16.674,10156,Oculus Quest_Android
46.791,15.919,10160,Oculus Quest_Android
46.807,15.673,10164,Oculus Quest_Android
46.823,15.753,10168,Oculus Quest_Android
46.840,16.741,10172,Oculus Quest_Android
46.856,16.261,10176,Oculus Quest_Android
46.871,16.019,10180,Oculus Quest_Android
46.886,14.858,10183,Oculus Quest_Android
46.902,15.689,10187,Oculus Quest_Android
46.917,14.961,10191,Oculus Quest_Android
46.933,15.400,10195,Oculus Quest_Android
46.950,16.322,10198,Oculus Quest_Android
46.966,16.991,10203,Oculus Quest_Android
46.981,15.554,10206,Oculus Quest_Android
46.988,15.618,10210,Oculus Quest_Android
46.998,9.480,10212,Oculus Quest_Android
47.012,14.035,10216,Oculus Quest_Android
47.026,13.850,10219,Oculus Quest_Android
47.040,13.888,10223,Oculus Quest_Android
47.054,14.477,10226,Oculus Quest_Android
47.068,13.315,10229,Oculus Quest_Android
47.091,14.358,10233,Oculus Quest_Android
47.107,16.063,10237,Oculus Quest_Android
47.122,16.016,10241,Oculus Quest_Android
47.143,15.626,10244,Oculus Quest_Android
47.165,21.101,10249,Oculus Quest_Android
47.192,21.862,10255,Oculus Quest_Android
47.222,26.944,10261,Oculus Quest_Android
47.245,32.995,10269,Oculus Quest_Android
47.262,19.911,10274,Oculus Quest_Android
47.279,16.394,10278,Oculus Quest_Android
47.298,17.187,10282,Oculus Quest_Android
47.317,19.605,10287,Oculus Quest_Android
47.335,18.863,10292,Oculus Quest_Android
47.353,17.444,10296,Oculus Quest_Android
47.370,18.635,10300,Oculus Quest_Android
47.390,16.285,10304,Oculus Quest_Android
47.410,20.467,10309,Oculus Quest_Android
47.427,20.659,10314,Oculus Quest_Android
47.444,16.246,10318,Oculus Quest_Android
47.461,17.494,10322,Oculus Quest_Android
47.478,16.329,10326,Oculus Quest_Android
47.495,17.549,10331,Oculus Quest_Android
47.513,17.020,10335,Oculus Quest_Android
47.529,17.128,10339,Oculus Quest_Android
47.537,16.852,10343,Oculus Quest_Android
47.543,6.988,10345,Oculus Quest_Android
47.555,10.703,10347,Oculus Quest_Android
47.568,13.578,10351,Oculus Quest_Android
47.582,14.251,10354,Oculus Quest_Android
47.595,13.496,10357,Oculus Quest_Android
47.610,14.148,10361,Oculus Quest_Android
47.633,13.751,10364,Oculus Quest_Android
47.649,16.915,10368,Oculus Quest_Android
47.664,15.708,10372,Oculus Quest_Android
47.680,14.879,10376,Oculus Quest_Android
47.696,15.870,10379,Oculus Quest_Android
47.712,15.983,10383,Oculus Quest_Android
47.727,16.217,10387,Oculus Quest_Android
47.743,15.851,10391,Oculus Quest_Android
47.759,15.432,10395,Oculus Quest_Android
47.775,16.042,10399,Oculus Quest_Android
47.790,15.489,10402,Oculus Quest_Android
47.805,15.149,10406,Oculus Quest_Android
47.822,15.280,10410,Oculus Quest_Android
47.838,16.761,10414,Oculus Quest_Android
47.855,15.899,10418,Oculus Quest_Android
47.871,17.519,10422,Oculus Quest_Android
47.888,15.625,10425,Oculus Quest_Android
47.904,17.325,10430,Oculus Quest_Android
47.921,15.728,10433,Oculus Quest_Android
47.938,16.939,10437,Oculus Quest_Android
47.956,18.083,10442,Oculus Quest_Android
47.972,17.230,10446,Oculus Quest_Android
47.987,15.300,10450,Oculus Quest_Android
48.003,15.666,10453,Oculus Quest_Android
48.019,15.934,10457,Oculus Quest_Android
48.035,16.420,10461,Oculus Quest_Android
48.051,15.613,10465,Oculus Quest_Android
48.066,15.197,10469,Oculus Quest_Android
48.082,15.375,10472,Oculus Quest_Android
48.097,15.877,10476,Oculus Quest_Android
48.112,14.934,10480,Oculus Quest_Android
48.128,15.606,10483,Oculus Quest_Android
48.136,16.137,10487,Oculus Quest_Android
48.142,7.170,10489,Oculus Quest_Android
48.151,9.116,10491,Oculus Quest_Android
48.164,12.799,10494,Oculus Quest_Android
48.179,14.202,10498,Oculus Quest_Android
48.192,13.604,10501,Oculus Quest_Android
48.206,14.359,10504,Oculus Quest_Android
48.220,13.923,10508,Oculus Quest_Android
48.234,13.351,10511,Oculus Quest_Android
48.257,14.370,10514,Oculus Quest_Android
48.264,16.145,10518,Oculus Quest_Android
48.276,11.579,10521,Oculus Quest_Android
48.289,13.496,10524,Oculus Quest_Android
48.304,14.374,10528,Oculus Quest_Android
48.317,13.608,10531,Oculus Quest_Android
48.331,13.776,10534,Oculus Quest_Android
48.346,13.988,10538,Oculus Quest_Android
48.359,14.270,10541,Oculus Quest_Android
48.373,13.275,10544,Oculus Quest_Android
48.396,14.311,10548,Oculus Quest_Android
48.403,16.075,10552,Oculus Quest_Android
48.424,11.769,10554,Oculus Quest_Android
48.440,16.498,10558,Oculus Quest_Android
48.456,15.523,10562,Oculus Quest_Android
48.472,16.154,10566,Oculus Quest_Android
48.489,15.947,10570,Oculus Quest_Android
48.496,16.928,10574,Oculus Quest_Android
48.503,7.329,10576,Oculus Quest_Android
48.512,8.978,10578,Oculus Quest_Android
48.526,13.360,10581,Oculus Quest_Android
48.540,14.695,10584,Oculus Quest_Android
48.554,13.547,10588,Oculus Quest_Android
48.567,13.425,10591,Oculus Quest_Android
48.581,13.968,10594,Oculus Quest_Android
48.595,14.102,10598,Oculus Quest_Android
48.619,13.978,10601,Oculus Quest_Android
48.626,16.791,10605,Oculus Quest_Android
48.637,10.968,10608,Oculus Quest_Android
48.651,13.926,10611,Oculus Quest_Android
48.665,13.722,10614,Oculus Quest_Android
48.679,14.079,10618,Oculus Quest_Android
48.702,13.967,10621,Oculus Quest_Android
48.718,15.945,10625,Oculus Quest_Android
48.734,16.443,10629,Oculus Quest_Android
48.749,15.282,10632,Oculus Quest_Android
48.765,15.952,10636,Oculus Quest_Android
48.781,15.431,10640,Oculus Quest_Android
48.797,16.455,10644,Oculus Quest_Android
48.814,16.016,10648,Oculus Quest_Android
48.829,16.437,10652,Oculus Quest_Android
48.844,15.333,10655,Oculus Quest_Android
48.860,15.268,10659,Oculus Quest_Android
48.875,15.288,10662,Oculus Quest_Android
48.892,15.476,10666,Oculus Quest_Android
48.908,16.644,10670,Oculus Quest_Android
48.923,16.406,10674,Oculus Quest_Android
48.940,15.272,10678,Oculus Quest_Android
48.956,16.219,10682,Oculus Quest_Android
48.972,16.846,10686,Oculus Quest_Android
48.987,15.161,10689,Oculus Quest_Android
49.003,15.748,10693,Oculus Quest_Android
49.020,15.733,10697,Oculus Quest_Android
49.036,17.034,10701,Oculus Quest_Android
49.052,15.472,10704,Oculus Quest_Android
49.067,15.998,10708,Oculus Quest_Android
49.083,15.417,10712,Oculus Quest_Android
49.099,16.008,10716,Oculus Quest_Android
49.115,15.510,10719,Oculus Quest_Android
49.130,15.997,10723,Oculus Quest_Android
49.147,16.130,10727,Oculus Quest_Android
49.163,16.806,10731,Oculus Quest_Android
49.180,15.806,10735,Oculus Quest_Android
49.196,16.407,10739,Oculus Quest_Android
49.212,16.355,10742,Oculus Quest_Android
49.229,16.780,10746,Oculus Quest_Android
49.245,16.579,10750,Oculus Quest_Android
49.260,15.662,10754,Oculus Quest_Android
49.277,15.124,10758,Oculus Quest_Android
49.293,16.358,10762,Oculus Quest_Android
49.309,16.169,10765,Oculus Quest_Android
49.325,16.651,10769,Oculus Quest_Android
49.341,16.087,10773,Oculus Quest_Android
49.357,15.377,10777,Oculus Quest_Android
49.373,16.373,10781,Oculus Quest_Android
49.389,15.698,10784,Oculus Quest_Android
49.405,16.107,10788,Oculus Quest_Android
49.421,15.212,10792,Oculus Quest_Android
49.437,16.905,10796,Oculus Quest_Android
49.453,15.923,10800,Oculus Quest_Android
49.468,15.779,10803,Oculus Quest_Android
49.484,15.621,10807,Oculus Quest_Android
49.500,15.918,10811,Oculus Quest_Android
49.516,15.874,10815,Oculus Quest_Android
49.532,15.585,10818,Oculus Quest_Android
49.548,16.309,10822,Oculus Quest_Android
49.565,16.778,10826,Oculus Quest_Android
49.581,16.019,10830,Oculus Quest_Android
49.597,16.059,10834,Oculus Quest_Android
49.613,15.779,10838,Oculus Quest_Android
49.628,15.888,10841,Oculus Quest_Android
49.644,15.668,10845,Oculus Quest_Android
49.661,16.362,10849,Oculus Quest_Android
49.676,15.612,10853,Oculus Quest_Android
49.692,15.784,10857,Oculus Quest_Android
49.707,15.813,10860,Oculus Quest_Android
49.723,15.121,10864,Oculus Quest_Android
49.739,15.802,10868,Oculus Quest_Android
49.755,16.070,10871,Oculus Quest_Android
49.770,16.124,10875,Oculus Quest_Android
49.789,15.684,10879,Oculus Quest_Android
49.806,18.744,10884,Oculus Quest_Android
49.825,16.553,10888,Oculus Quest_Android
49.842,19.845,10892,Oculus Quest_Android
49.858,16.385,10896,Oculus Quest_Android
49.874,16.065,10900,Oculus Quest_Android
49.891,15.964,10904,Oculus Quest_Android
49.908,17.219,10908,Oculus Quest_Android
49.926,18.051,10912,Oculus Quest_Android
49.943,16.853,10916,Oculus Quest_Android
49.959,16.398,10920,Oculus Quest_Android
49.975,16.372,10924,Oculus Quest_Android
49.991,15.832,10928,Oculus Quest_Android
50.007,16.318,10932,Oculus Quest_Android
50.023,15.711,10936,Oculus Quest_Android
50.040,16.288,10940,Oculus Quest_Android
50.059,16.425,10944,Oculus Quest_Android
50.074,18.915,10948,Oculus Quest_Android
50.091,15.945,10952,Oculus Quest_Android
50.106,16.080,10956,Oculus Quest_Android
50.122,15.283,10960,Oculus Quest_Android
50.140,15.826,10963,Oculus Quest_Android
50.159,18.044,10968,Oculus Quest_Android
50.184,20.396,10973,Oculus Quest_Android
50.210,27.291,10979,Oculus Quest_Android
50.234,25.102,10985,Oculus Quest_Android
50.252,21.388,10990,Oculus Quest_Android
50.268,17.633,10995,Oculus Quest_Android
50.287,17.366,10999,Oculus Quest_Android
50.304,17.986,11003,Oculus Quest_Android
50.323,17.980,11007,Oculus Quest_Android
50.341,18.713,11012,Oculus Quest_Android
50.359,17.776,11016,Oculus Quest_Android
50.375,17.316,11020,Oculus Quest_Android
50.392,16.205,11024,Oculus Quest_Android
50.409,16.818,11028,Oculus Quest_Android
50.427,17.431,11032,Oculus Quest_Android
50.448,18.145,11037,Oculus Quest_Android
50.465,20.931,11042,Oculus Quest_Android
50.484,17.947,11046,Oculus Quest_Android
50.501,18.253,11050,Oculus Quest_Android
50.520,17.052,11054,Oculus Quest_Android
50.538,18.881,11059,Oculus Quest_Android
50.556,17.691,11063,Oculus Quest_Android
50.573,17.850,11068,Oculus Quest_Android
50.591,17.692,11072,Oculus Quest_Android
50.607,17.257,11076,Oculus Quest_Android
50.625,16.841,11080,Oculus Quest_Android
50.640,17.044,11084,Oculus Quest_Android
50.656,15.561,11088,Oculus Quest_Android
50.672,15.914,11092,Oculus Quest_Android
50.689,15.999,11095,Oculus Quest_Android
50.705,16.744,11099,Oculus Quest_Android
50.722,16.160,11103,Oculus Quest_Android
50.738,16.856,11107,Oculus Quest_Android
50.754,15.832,11111,Oculus Quest_Android
50.771,17.071,11115,Oculus Quest_Android
50.786,15.668,11119,Oculus Quest_Android
50.802,15.860,11123,Oculus Quest_Android
50.818,15.483,11127,Oculus Quest_Android
50.833,15.768,11131,Oculus Quest_Android
50.849,15.372,11134,Oculus Quest_Android
50.865,15.637,11138,Oculus Quest_Android
50.881,15.866,11142,Oculus Quest_Android
50.897,17.062,11146,Oculus Quest_Android
50.913,15.131,11150,Oculus Quest_Android
50.928,15.902,11154,Oculus Quest_Android
50.944,15.572,11157,Oculus Quest_Android
50.961,15.911,11161,Oculus Quest_Android
50.977,16.302,11165,Oculus Quest_Android
50.993,17.270,11169,Oculus Quest_Android
51.009,15.533,11173,Oculus Quest_Android
51.026,16.419,11177,Oculus Quest_Android
51.041,15.735,11181,Oculus Quest_Android
51.057,15.291,11185,Oculus Quest_Android
51.072,15.809,11188,Oculus Quest_Android
51.089,15.687,11192,Oculus Quest_Android
51.105,16.758,11196,Oculus Quest_Android
51.120,15.753,11200,Oculus Quest_Android
51.135,15.126,11204,Oculus Quest_Android
51.152,15.364,11207,Oculus Quest_Android
51.169,17.395,11212,Oculus Quest_Android
51.186,16.364,11216,Oculus Quest_Android
51.203,17.469,11220,Oculus Quest_Android
51.220,16.115,11224,Oculus Quest_Android
51.236,17.908,11228,Oculus Quest_Android
51.254,16.025,11232,Oculus Quest_Android
51.270,17.419,11236,Oculus Quest_Android
51.286,15.944,11240,Oculus Quest_Android
51.301,15.943,11244,Oculus Quest_Android
51.317,15.364,11248,Oculus Quest_Android
51.332,15.711,11252,Oculus Quest_Android
51.352,15.331,11255,Oculus Quest_Android
51.368,19.971,11260,Oculus Quest_Android
51.386,17.790,11264,Oculus Quest_Android
51.402,16.345,11268,Oculus Quest_Android
51.419,15.131,11272,Oculus Quest_Android
51.437,18.300,11276,Oculus Quest_Android
51.456,17.932,11281,Oculus Quest_Android
51.476,19.752,11286,Oculus Quest_Android
51.492,18.770,11290,Oculus Quest_Android
51.508,15.805,11294,Oculus Quest_Android
51.524,16.388,11298,Oculus Quest_Android
51.540,15.436,11302,Oculus Quest_Android
51.557,16.399,11306,Oculus Quest_Android
51.573,16.196,11310,Oculus Quest_Android
51.589,16.203,11314,Oculus Quest_Android
51.606,17.349,11318,Oculus Quest_Android
51.614,16.623,11322,Oculus Quest_Android
51.623,9.553,11324,Oculus Quest_Android
51.638,13.858,11327,Oculus Quest_Android
51.661,14.071,11331,Oculus Quest_Android
51.668,17.079,11335,Oculus Quest_Android
51.679,10.648,11338,Oculus Quest_Android
51.693,13.913,11341,Oculus Quest_Android
51.707,13.719,11344,Oculus Quest_Android
51.721,13.952,11348,Oculus Quest_Android
51.735,13.954,11351,Oculus Quest_Android
51.759,14.250,11354,Oculus Quest_Android
51.775,17.143,11359,Oculus Quest_Android
51.792,16.695,11363,Oculus Quest_Android
51.808,16.198,11367,Oculus Quest_Android
51.826,16.901,11371,Oculus Quest_Android
51.843,17.965,11375,Oculus Quest_Android
51.860,16.563,11379,Oculus Quest_Android
51.877,17.127,11383,Oculus Quest_Android
51.885,16.625,11387,Oculus Quest_Android
51.892,8.642,11389,Oculus Quest_Android
51.902,8.981,11391,Oculus Quest_Android
51.916,13.622,11394,Oculus Quest_Android
51.929,13.653,11398,Oculus Quest_Android
51.943,13.607,11401,Oculus Quest_Android
51.957,14.127,11404,Oculus Quest_Android
51.970,13.758,11408,Oculus Quest_Android
51.985,14.226,11411,Oculus Quest_Android
52.007,13.759,11414,Oculus Quest_Android
52.015,16.425,11418,Oculus Quest_Android
52.035,11.702,11421,Oculus Quest_Android
52.057,15.985,11425,Oculus Quest_Android
52.075,21.890,11430,Oculus Quest_Android
52.093,18.969,11435,Oculus Quest_Android
52.109,17.091,11439,Oculus Quest_Android
52.126,16.208,11443,Oculus Quest_Android
52.147,16.754,11447,Oculus Quest_Android
52.164,21.207,11452,Oculus Quest_Android
52.181,16.838,11456,Oculus Quest_Android
52.197,16.650,11460,Oculus Quest_Android
52.214,16.530,11464,Oculus Quest_Android
52.231,17.253,11468,Oculus Quest_Android
52.248,16.628,11472,Oculus Quest_Android
52.265,16.466,11476,Oculus Quest_Android
52.281,16.737,11480,Oculus Quest_Android
52.298,17.220,11484,Oculus Quest_Android
52.316,16.728,11488,Oculus Quest_Android
52.332,17.439,11492,Oculus Quest_Android
52.348,16.055,11496,Oculus Quest_Android
52.365,16.713,11500,Oculus Quest_Android
52.383,16.784,11504,Oculus Quest_Android
52.399,17.401,11508,Oculus Quest_Android
52.416,16.319,11512,Oculus Quest_Android
52.434,17.612,11517,Oculus Quest_Android
52.451,17.563,11521,Oculus Quest_Android
52.467,16.773,11525,Oculus Quest_Android
52.484,15.838,11529,Oculus Quest_Android
52.500,16.892,11533,Oculus Quest_Android
52.516,16.172,11537,Oculus Quest_Android
52.533,16.227,11540,Oculus Quest_Android
52.551,16.986,11545,Oculus Quest_Android
52.567,17.798,11549,Oculus Quest_Android
52.585,16.435,11553,Oculus Quest_Android
52.601,17.538,11557,Oculus Quest_Android
52.620,16.336,11561,Oculus Quest_Android
52.636,18.970,11565,Oculus Quest_Android
52.653,15.970,11569,Oculus Quest_Android
52.670,17.002,11573,Oculus Quest_Android
52.687,16.451,11577,Oculus Quest_Android
52.703,17.201,11581,Oculus Quest_Android
52.720,16.492,11585,Oculus Quest_Android
52.735,16.094,11589,Oculus Quest_Android
52.754,15.287,11593,Oculus Quest_Android
52.774,20.109,11598,Oculus Quest_Android
52.790,18.976,11602,Oculus Quest_Android
52.806,15.709,11606,Oculus Quest_Android
52.822,16.148,11610,Oculus Quest_Android
52.839,16.757,11614,Oculus Quest_Android
52.856,17.041,11618,Oculus Quest_Android
52.871,16.144,11622,Oculus Quest_Android
52.888,15.253,11626,Oculus Quest_Android
52.903,16.752,11630,Oculus Quest_Android
52.919,15.328,11634,Oculus Quest_Android
52.935,16.429,11638,Oculus Quest_Android
52.951,15.425,11641,Oculus Quest_Android
52.967,16.463,11645,Oculus Quest_Android
52.983,15.421,11649,Oculus Quest_Android
52.999,15.821,11653,Oculus Quest_Android
53.015,15.795,11657,Oculus Quest_Android
53.031,16.517,11661,Oculus Quest_Android
53.047,16.241,11665,Oculus Quest_Android
53.063,16.209,11669,Oculus Quest_Android
53.079,15.667,11672,Oculus Quest_Android
53.094,15.971,11676,Oculus Quest_Android
53.110,14.842,11680,Oculus Quest_Android
53.126,16.055,11684,Oculus Quest_Android
53.146,15.599,11688,Oculus Quest_Android
53.167,21.137,11693,Oculus Quest_Android
53.189,21.272,11698,Oculus Quest_Android
53.219,21.544,11703,Oculus Quest_Android
53.240,29.663,11710,Oculus Quest_Android
53.261,21.510,11715,Oculus Quest_Android
53.269,20.947,11721,Oculus Quest_Android
53.277,7.736,11722,Oculus Quest_Android
53.290,13.492,11726,Oculus Quest_Android
53.305,14.381,11729,Oculus Quest_Android
53.318,13.505,11732,Oculus Quest_Android
53.332,14.215,11736,Oculus Quest_Android
53.356,13.291,11739,Oculus Quest_Android
53.372,17.484,11743,Oculus Quest_Android
53.389,16.382,11747,Oculus Quest_Android
53.405,16.740,11751,Oculus Quest_Android
53.424,16.807,11755,Oculus Quest_Android
53.441,18.600,11760,Oculus Quest_Android
53.458,17.368,11764,Oculus Quest_Android
53.475,16.879,11768,Oculus Quest_Android
53.493,17.095,11772,Oculus Quest_Android
53.510,18.304,11777,Oculus Quest_Android
53.517,16.597,11781,Oculus Quest_Android
53.526,7.815,11783,Oculus Quest_Android
53.540,14.618,11786,Oculus Quest_Android
53.554,13.987,11790,Oculus Quest_Android
53.568,13.621,11793,Oculus Quest_Android
53.582,14.476,11797,Oculus Quest_Android
53.595,13.367,11800,Oculus Quest_Android
53.610,14.152,11803,Oculus Quest_Android
53.623,13.666,11807,Oculus Quest_Android
53.646,13.679,11810,Oculus Quest_Android
53.653,16.524,11814,Oculus Quest_Android
53.664,10.780,11816,Oculus Quest_Android
53.679,13.862,11820,Oculus Quest_Android
53.693,14.606,11823,Oculus Quest_Android
53.707,13.737,11827,Oculus Quest_Android
53.720,14.086,11830,Oculus Quest_Android
53.734,13.442,11833,Oculus Quest_Android
53.749,14.305,11837,Oculus Quest_Android
53.761,13.522,11840,Oculus Quest_Android
53.785,14.098,11843,Oculus Quest_Android
53.792,16.425,11847,Oculus Quest_Android
53.803,10.816,11850,Oculus Quest_Android
53.817,14.326,11853,Oculus Quest_Android
53.831,13.977,11857,Oculus Quest_Android
53.845,13.390,11860,Oculus Quest_Android
53.859,14.433,11863,Oculus Quest_Android
53.873,13.689,11867,Oculus Quest_Android
53.887,14.402,11870,Oculus Quest_Android
53.900,13.046,11873,Oculus Quest_Android
53.925,15.126,11877,Oculus Quest_Android
53.932,16.887,11881,Oculus Quest_Android
53.943,10.034,11883,Oculus Quest_Android
53.956,14.071,11887,Oculus Quest_Android
53.970,13.452,11890,Oculus Quest_Android
53.984,14.109,11893,Oculus Quest_Android
53.998,13.726,11897,Oculus Quest_Android
54.013,14.323,11900,Oculus Quest_Android
54.026,14.223,11904,Oculus Quest_Android
54.040,13.287,11907,Oculus Quest_Android
54.063,14.167,11910,Oculus Quest_Android
54.069,16.059,11914,Oculus Quest_Android
54.082,11.845,11917,Oculus Quest_Android
54.095,13.658,11920,Oculus Quest_Android
54.110,14.026,11924,Oculus Quest_Android
54.123,13.833,11927,Oculus Quest_Android
54.137,13.911,11930,Oculus Quest_Android
54.152,14.139,11934,Oculus Quest_Android
54.165,13.799,11937,Oculus Quest_Android
54.179,13.287,11940,Oculus Quest_Android
54.201,14.370,11944,Oculus Quest_Android
54.209,16.121,11947,Oculus Quest_Android
54.221,11.731,11950,Oculus Quest_Android
54.233,13.184,11953,Oculus Quest_Android
54.249,14.358,11957,Oculus Quest_Android
54.262,13.671,11960,Oculus Quest_Android
54.276,14.099,11963,Oculus Quest_Android
54.290,13.948,11967,Oculus Quest_Android
54.304,13.387,11970,Oculus Quest_Android
54.318,14.595,11974,Oculus Quest_Android
54.342,13.212,11977,Oculus Quest_Android
54.350,18.561,11981,Oculus Quest_Android
54.360,10.319,11984,Oculus Quest_Android
54.373,12.806,11987,Oculus Quest_Android
54.387,14.567,11990,Oculus Quest_Android
54.401,13.585,11993,Oculus Quest_Android
54.426,14.059,11997,Oculus Quest_Android
54.443,18.275,12001,Oculus Quest_Android
54.459,16.893,12005,Oculus Quest_Android
54.477,16.188,12009,Oculus Quest_Android
54.495,18.449,12014,Oculus Quest_Android
54.512,17.185,12018,Oculus Quest_Android
54.528,16.809,12022,Oculus Quest_Android
54.544,16.096,12026,Oculus Quest_Android
54.561,16.660,12030,Oculus Quest_Android
54.579,17.297,12034,Oculus Quest_Android
54.595,16.998,12038,Oculus Quest_Android
54.612,16.296,12042,Oculus Quest_Android
54.630,17.662,12046,Oculus Quest_Android
54.648,18.398,12050,Oculus Quest_Android
54.663,16.697,12054,Oculus Quest_Android
54.670,15.922,12058,Oculus Quest_Android
54.678,7.370,12060,Oculus Quest_Android
54.692,14.074,12063,Oculus Quest_Android
54.706,13.717,12067,Oculus Quest_Android
54.720,14.466,12070,Oculus Quest_Android
54.743,13.293,12073,Oculus Quest_Android
54.750,16.303,12077,Oculus Quest_Android
54.770,11.387,12080,Oculus Quest_Android
54.787,16.368,12084,Oculus Quest_Android
54.802,15.944,12088,Oculus Quest_Android
54.818,15.848,12092,Oculus Quest_Android
54.834,15.953,12096,Oculus Quest_Android
54.850,15.591,12099,Oculus Quest_Android
54.867,16.145,12103,Oculus Quest_Android
54.886,16.832,12107,Oculus Quest_Android
54.902,18.983,12112,Oculus Quest_Android
54.918,15.648,12116,Oculus Quest_Android
54.933,15.641,12120,Oculus Quest_Android
54.949,15.469,12123,Oculus Quest_Android
54.965,16.625,12127,Oculus Quest_Android
54.981,16.070,12131,Oculus Quest_Android
54.996,15.534,12135,Oculus Quest_Android
55.012,15.036,12139,Oculus Quest_Android
55.028,16.044,12142,Oculus Quest_Android
55.043,15.714,12146,Oculus Quest_Android
55.059,15.441,12150,Oculus Quest_Android
55.076,16.382,12154,Oculus Quest_Android
55.092,16.606,12158,Oculus Quest_Android
55.108,15.924,12162,Oculus Quest_Android
55.123,15.497,12166,Oculus Quest_Android
55.138,15.300,12169,Oculus Quest_Android
55.155,15.310,12173,Oculus Quest_Android
55.171,16.604,12177,Oculus Quest_Android
55.188,16.837,12181,Oculus Quest_Android
55.203,15.861,12185,Oculus Quest_Android
55.218,14.783,12189,Oculus Quest_Android
55.235,16.391,12193,Oculus Quest_Android
55.251,16.092,12196,Oculus Quest_Android
55.267,16.315,12200,Oculus Quest_Android
55.275,16.347,12204,Oculus Quest_Android
55.283,7.866,12206,Oculus Quest_Android
55.290,7.807,12208,Oculus Quest_Android
55.303,13.178,12211,Oculus Quest_Android
55.317,13.877,12215,Oculus Quest_Android
55.331,13.950,12218,Oculus Quest_Android
55.345,13.857,12221,Oculus Quest_Android
55.359,13.889,12225,Oculus Quest_Android
55.372,13.529,12228,Oculus Quest_Android
55.396,14.224,12232,Oculus Quest_Android
55.412,16.207,12236,Oculus Quest_Android
55.428,16.524,12240,Oculus Quest_Android
55.444,15.123,12243,Oculus Quest_Android
55.459,16.254,12247,Oculus Quest_Android
55.475,15.202,12251,Oculus Quest_Android
55.492,16.377,12255,Oculus Quest_Android
55.508,17.009,12259,Oculus Quest_Android
55.525,15.759,12263,Oculus Quest_Android
55.541,16.786,12267,Oculus Quest_Android
55.556,15.931,12271,Oculus Quest_Android
55.572,15.497,12274,Oculus Quest_Android
55.588,15.481,12278,Oculus Quest_Android
55.604,16.763,12282,Oculus Quest_Android
55.620,15.269,12286,Oculus Quest_Android
55.635,15.776,12290,Oculus Quest_Android
55.650,15.073,12293,Oculus Quest_Android
55.664,15.016,12297,Oculus Quest_Android
55.680,14.469,12301,Oculus Quest_Android
55.695,15.669,12304,Oculus Quest_Android
55.711,15.479,12308,Oculus Quest_Android
55.728,16.159,12312,Oculus Quest_Android
55.744,16.674,12316,Oculus Quest_Android
55.761,16.862,12320,Oculus Quest_Android
55.778,15.934,12324,Oculus Quest_Android
55.795,16.748,12328,Oculus Quest_Android
55.811,17.441,12332,Oculus Quest_Android
55.828,16.697,12336,Oculus Quest_Android
55.843,15.746,12340,Oculus Quest_Android
55.859,15.774,12344,Oculus Quest_Android
55.873,15.242,12347,Oculus Quest_Android
55.890,14.973,12351,Oculus Quest_Android
55.905,16.053,12355,Oculus Quest_Android
55.922,16.096,12359,Oculus Quest_Android
55.938,16.671,12363,Oculus Quest_Android
55.954,15.969,12367,Oculus Quest_Android
55.971,16.299,12370,Oculus Quest_Android
55.987,15.997,12374,Oculus Quest_Android
56.003,16.326,12378,Oculus Quest_Android
56.022,18.945,12383,Oculus Quest_Android
56.040,18.375,12387,Oculus Quest_Android
56.056,15.487,12391,Oculus Quest_Android
56.073,16.596,12395,Oculus Quest_Android
56.089,16.281,12399,Oculus Quest_Android
56.105,16.890,12403,Oculus Quest_Android
56.121,15.252,12407,Oculus Quest_Android
56.139,15.828,12410,Oculus Quest_Android
56.147,18.928,12415,Oculus Quest_Android
56.173,8.728,12417,Oculus Quest_Android
56.203,26.147,12423,Oculus Quest_Android
56.229,29.417,12430,Oculus Quest_Android
56.248,25.424,12436,Oculus Quest_Android
56.266,19.063,12441,Oculus Quest_Android
56.284,17.732,12445,Oculus Quest_Android
56.303,18.173,12450,Oculus Quest_Android
56.320,18.883,12454,Oculus Quest_Android
56.338,17.590,12458,Oculus Quest_Android
56.355,17.251,12462,Oculus Quest_Android
56.372,17.559,12467,Oculus Quest_Android
56.388,16.272,12471,Oculus Quest_Android
56.404,16.254,12474,Oculus Quest_Android
56.424,16.335,12478,Oculus Quest_Android
56.442,19.942,12483,Oculus Quest_Android
56.459,17.734,12487,Oculus Quest_Android
56.477,17.577,12492,Oculus Quest_Android
56.496,18.166,12496,Oculus Quest_Android
56.515,18.613,12500,Oculus Quest_Android
56.533,18.742,12505,Oculus Quest_Android
56.551,18.548,12509,Oculus Quest_Android
56.567,17.296,12514,Oculus Quest_Android
56.584,16.168,12517,Oculus Quest_Android
56.600,17.043,12522,Oculus Quest_Android
56.621,16.334,12525,Oculus Quest_Android
56.637,20.738,12530,Oculus Quest_Android
56.653,15.659,12534,Oculus Quest_Android
56.669,16.056,12538,Oculus Quest_Android
56.685,15.638,12542,Oculus Quest_Android
56.701,17.158,12546,Oculus Quest_Android
56.718,15.491,12550,Oculus Quest_Android
56.733,16.525,12554,Oculus Quest_Android
56.750,15.167,12557,Oculus Quest_Android
56.766,17.001,12561,Oculus Quest_Android
56.782,15.880,12565,Oculus Quest_Android
56.797,16.237,12569,Oculus Quest_Android
56.814,15.551,12573,Oculus Quest_Android
56.829,16.168,12577,Oculus Quest_Android
56.845,15.653,12580,Oculus Quest_Android
56.852,15.835,12584,Oculus Quest_Android
56.868,7.454,12586,Oculus Quest_Android
56.884,15.449,12590,Oculus Quest_Android
56.900,15.959,12594,Oculus Quest_Android
56.916,15.530,12597,Oculus Quest_Android
56.932,16.691,12601,Oculus Quest_Android
56.949,16.004,12605,Oculus Quest_Android
56.965,16.792,12609,Oculus Quest_Android
56.981,15.828,12613,Oculus Quest_Android
56.997,16.016,12617,Oculus Quest_Android
57.013,15.645,12621,Oculus Quest_Android
57.029,16.147,12624,Oculus Quest_Android
57.048,16.417,12628,Oculus Quest_Android
57.065,19.599,12633,Oculus Quest_Android
57.081,16.015,12637,Oculus Quest_Android
57.097,16.018,12641,Oculus Quest_Android
57.113,16.228,12645,Oculus Quest_Android
57.129,16.070,12649,Oculus Quest_Android
57.146,15.978,12652,Oculus Quest_Android
57.162,16.844,12656,Oculus Quest_Android
57.178,15.681,12660,Oculus Quest_Android
57.195,16.664,12664,Oculus Quest_Android
57.212,16.953,12668,Oculus Quest_Android
57.229,17.027,12672,Oculus Quest_Android
57.245,16.592,12676,Oculus Quest_Android
57.260,15.804,12680,Oculus Quest_Android
57.276,15.406,12684,Oculus Quest_Android
57.292,16.266,12688,Oculus Quest_Android
57.309,16.172,12692,Oculus Quest_Android
57.325,16.442,12696,Oculus Quest_Android
57.340,16.015,12699,Oculus Quest_Android
57.348,15.831,12703,Oculus Quest_Android
57.359,11.097,12706,Oculus Quest_Android
57.373,13.450,12709,Oculus Quest_Android
57.387,14.273,12712,Oculus Quest_Android
57.400,13.596,12716,Oculus Quest_Android
57.415,14.043,12719,Oculus Quest_Android
57.437,13.765,12722,Oculus Quest_Android
57.454,16.469,12726,Oculus Quest_Android
57.470,16.510,12730,Oculus Quest_Android
57.486,15.552,12734,Oculus Quest_Android
57.502,16.376,12738,Oculus Quest_Android
57.519,16.810,12742,Oculus Quest_Android
57.535,17.129,12746,Oculus Quest_Android
57.552,15.608,12750,Oculus Quest_Android
57.568,16.490,12754,Oculus Quest_Android
57.584,16.064,12758,Oculus Quest_Android
57.601,16.346,12762,Oculus Quest_Android
57.618,16.513,12766,Oculus Quest_Android
57.634,17.090,12770,Oculus Quest_Android
57.650,15.680,12773,Oculus Quest_Android
57.666,16.268,12777,Oculus Quest_Android
57.683,15.948,12781,Oculus Quest_Android
57.691,17.166,12785,Oculus Quest_Android
57.697,7.178,12787,Oculus Quest_Android
57.707,9.332,12789,Oculus Quest_Android
57.720,13.037,12792,Oculus Quest_Android
57.734,13.750,12796,Oculus Quest_Android
57.749,14.644,12799,Oculus Quest_Android
57.770,13.162,12802,Oculus Quest_Android
57.787,16.282,12806,Oculus Quest_Android
57.802,16.211,12810,Oculus Quest_Android
57.818,15.140,12814,Oculus Quest_Android
57.824,15.869,12817,Oculus Quest_Android
57.831,7.161,12819,Oculus Quest_Android
57.845,12.826,12822,Oculus Quest_Android
57.859,13.928,12825,Oculus Quest_Android
57.873,13.985,12829,Oculus Quest_Android
57.896,14.048,12832,Oculus Quest_Android
57.911,16.106,12836,Oculus Quest_Android
57.927,15.529,12840,Oculus Quest_Android
57.942,15.315,12843,Oculus Quest_Android
57.949,15.350,12847,Oculus Quest_Android
57.956,7.570,12849,Oculus Quest_Android
57.970,13.214,12852,Oculus Quest_Android
57.984,14.035,12855,Oculus Quest_Android
57.998,13.655,12858,Oculus Quest_Android
58.012,13.735,12862,Oculus Quest_Android
58.026,14.334,12865,Oculus Quest_Android
58.039,13.473,12868,Oculus Quest_Android
58.053,14.006,12872,Oculus Quest_Android
58.076,13.965,12875,Oculus Quest_Android
58.084,16.861,12879,Oculus Quest_Android
58.094,10.786,12882,Oculus Quest_Android
58.109,14.552,12885,Oculus Quest_Android
58.123,13.800,12888,Oculus Quest_Android
58.137,13.488,12892,Oculus Quest_Android
58.151,14.217,12895,Oculus Quest_Android
58.164,13.513,12898,Oculus Quest_Android
58.178,13.731,12901,Oculus Quest_Android
58.192,13.819,12905,Oculus Quest_Android
58.216,14.145,12908,Oculus Quest_Android
58.231,17.500,12912,Oculus Quest_Android
58.247,14.992,12916,Oculus Quest_Android
58.262,15.784,12919,Oculus Quest_Android
58.278,14.912,12923,Oculus Quest_Android
58.294,16.162,12927,Oculus Quest_Android
58.311,16.416,12931,Oculus Quest_Android
58.326,16.076,12935,Oculus Quest_Android
58.342,15.672,12938,Oculus Quest_Android
58.357,15.502,12942,Oculus Quest_Android
58.374,15.651,12946,Oculus Quest_Android
58.390,16.170,12950,Oculus Quest_Android
58.407,16.058,12953,Oculus Quest_Android
58.425,17.295,12957,Oculus Quest_Android
58.442,18.347,12962,Oculus Quest_Android
58.458,17.223,12966,Oculus Quest_Android
58.475,15.652,12970,Oculus Quest_Android
58.491,16.739,12974,Oculus Quest_Android
58.507,16.520,12978,Oculus Quest_Android
58.523,15.731,12981,Oculus Quest_Android
58.539,16.039,12985,Oculus Quest_Android
58.555,15.273,12989,Oculus Quest_Android
58.571,16.611,12993,Oculus Quest_Android
58.588,15.529,12996,Oculus Quest_Android
58.603,17.116,13000,Oculus Quest_Android
58.620,15.825,13004,Oculus Quest_Android
58.636,16.296,13008,Oculus Quest_Android
58.643,16.039,13012,Oculus Quest_Android
58.650,7.263,13014,Oculus Quest_Android
58.664,13.862,13017,Oculus Quest_Android
58.678,14.038,13020,Oculus Quest_Android
58.693,14.250,13024,Oculus Quest_Android
58.706,13.321,13027,Oculus Quest_Android
58.720,14.181,13030,Oculus Quest_Android
58.733,13.652,13033,Oculus Quest_Android
58.748,14.506,13037,Oculus Quest_Android
58.770,13.296,13040,Oculus Quest_Android
58.786,16.243,13044,Oculus Quest_Android
58.793,15.816,13048,Oculus Quest_Android
58.813,9.379,13050,Oculus Quest_Android
58.829,17.604,13054,Oculus Quest_Android
58.844,15.590,13058,Oculus Quest_Android
58.851,15.416,13062,Oculus Quest_Android
58.858,7.032,13063,Oculus Quest_Android
58.882,14.161,13067,Oculus Quest_Android
58.898,16.984,13071,Oculus Quest_Android
58.914,14.988,13074,Oculus Quest_Android
58.929,16.562,13078,Oculus Quest_Android
58.945,15.017,13082,Oculus Quest_Android
58.962,16.239,13086,Oculus Quest_Android
58.978,16.369,13090,Oculus Quest_Android
58.993,16.159,13094,Oculus Quest_Android
59.009,15.581,13097,Oculus Quest_Android
59.025,15.694,13101,Oculus Quest_Android
59.041,16.187,13105,Oculus Quest_Android
59.057,15.142,13109,Oculus Quest_Android
59.073,16.306,13113,Oculus Quest_Android
59.089,16.199,13116,Oculus Quest_Android
59.105,16.536,13120,Oculus Quest_Android
59.121,15.737,13124,Oculus Quest_Android
59.138,15.531,13128,Oculus Quest_Android
59.161,17.359,13132,Oculus Quest_Android
59.187,23.378,13138,Oculus Quest_Android
59.215,26.293,13144,Oculus Quest_Android
59.238,27.897,13151,Oculus Quest_Android
59.247,23.398,13156,Oculus Quest_Android
59.254,7.783,13158,Oculus Quest_Android
59.262,7.893,13160,Oculus Quest_Android
59.277,13.888,13163,Oculus Quest_Android
59.290,13.821,13167,Oculus Quest_Android
59.304,13.542,13170,Oculus Quest_Android
59.318,13.932,13173,Oculus Quest_Android
59.332,14.028,13177,Oculus Quest_Android
59.346,14.058,13180,Oculus Quest_Android
59.369,13.716,13183,Oculus Quest_Android
59.386,17.264,13188,Oculus Quest_Android
59.402,17.270,13192,Oculus Quest_Android
59.410,15.923,13196,Oculus Quest_Android
59.418,7.804,13197,Oculus Quest_Android
59.428,11.268,13200,Oculus Quest_Android
59.452,13.807,13203,Oculus Quest_Android
59.469,17.201,13208,Oculus Quest_Android
59.486,16.602,13212,Oculus Quest_Android
59.504,17.923,13216,Oculus Quest_Android
59.522,17.562,13220,Oculus Quest_Android
59.537,17.255,13224,Oculus Quest_Android
59.554,15.001,13228,Oculus Quest_Android
59.570,17.119,13232,Oculus Quest_Android
59.586,15.959,13236,Oculus Quest_Android
59.602,16.300,13240,Oculus Quest_Android
59.619,16.142,13243,Oculus Quest_Android
59.635,16.992,13248,Oculus Quest_Android
59.650,15.428,13251,Oculus Quest_Android
59.666,15.912,13255,Oculus Quest_Android
59.682,15.559,13259,Oculus Quest_Android
59.699,16.246,13263,Oculus Quest_Android
59.715,16.351,13267,Oculus Quest_Android
59.731,16.670,13271,Oculus Quest_Android
59.747,15.476,13274,Oculus Quest_Android
59.763,16.405,13278,Oculus Quest_Android
59.779,15.323,13282,Oculus Quest_Android
59.794,15.992,13286,Oculus Quest_Android
59.811,15.663,13290,Oculus Quest_Android
59.826,16.863,13294,Oculus Quest_Android
59.842,15.432,13297,Oculus Quest_Android
59.859,15.810,13301,Oculus Quest_Android
59.876,16.543,13305,Oculus Quest_Android
59.892,17.168,13309,Oculus Quest_Android
59.910,16.850,13314,Oculus Quest_Android
59.927,17.908,13318,Oculus Quest_Android
59.944,16.762,13322,Oculus Quest_Android
59.964,16.783,13326,Oculus Quest_Android
59.981,20.450,13331,Oculus Quest_Android
59.997,16.548,13335,Oculus Quest_Android
60.013,15.728,13339,Oculus Quest_Android
60.029,16.222,13343,Oculus Quest_Android
60.045,15.784,13347,Oculus Quest_Android
60.060,15.713,13350,Oculus Quest_Android
60.076,16.059,13354,Oculus Quest_Android
60.093,15.935,13358,Oculus Quest_Android
60.109,16.224,13362,Oculus Quest_Android
60.116,15.842,13366,Oculus Quest_Android
60.123,7.445,13368,Oculus Quest_Android
60.136,12.806,13371,Oculus Quest_Android
60.151,14.244,13374,Oculus Quest_Android
60.164,13.794,13378,Oculus Quest_Android
60.178,13.695,13381,Oculus Quest_Android
60.192,14.068,13384,Oculus Quest_Android
60.206,13.784,13388,Oculus Quest_Android
60.219,13.859,13391,Oculus Quest_Android
60.242,13.710,13394,Oculus Quest_Android
60.249,16.270,13398,Oculus Quest_Android
60.271,11.897,13401,Oculus Quest_Android
60.278,16.440,13405,Oculus Quest_Android
60.289,11.165,13408,Oculus Quest_Android
60.303,13.590,13411,Oculus Quest_Android
60.317,14.111,13415,Oculus Quest_Android
60.330,13.703,13418,Oculus Quest_Android
60.345,13.981,13421,Oculus Quest_Android
60.358,13.953,13425,Oculus Quest_Android
60.372,13.977,13428,Oculus Quest_Android
60.395,13.867,13431,Oculus Quest_Android
60.411,15.899,13435,Oculus Quest_Android
60.427,16.424,13439,Oculus Quest_Android
60.443,15.153,13443,Oculus Quest_Android
60.459,16.360,13447,Oculus Quest_Android
60.475,16.259,13451,Oculus Quest_Android
60.492,16.370,13455,Oculus Quest_Android
60.509,17.458,13459,Oculus Quest_Android
60.528,16.753,13463,Oculus Quest_Android
60.546,19.346,13468,Oculus Quest_Android
60.566,20.189,13473,Oculus Quest_Android
60.582,16.203,13477,Oculus Quest_Android
60.598,16.220,13481,Oculus Quest_Android
60.614,16.335,13485,Oculus Quest_Android
60.630,16.547,13489,Oculus Quest_Android
60.647,16.127,13492,Oculus Quest_Android
60.662,16.080,13496,Oculus Quest_Android
60.677,15.152,13500,Oculus Quest_Android
60.684,15.050,13504,Oculus Quest_Android
60.692,7.563,13506,Oculus Quest_Android
60.706,13.916,13509,Oculus Quest_Android
60.720,13.901,13512,Oculus Quest_Android
60.733,13.591,13516,Oculus Quest_Android
60.748,14.338,13519,Oculus Quest_Android
60.761,13.494,13522,Oculus Quest_Android
60.775,13.893,13526,Oculus Quest_Android
60.789,14.631,13529,Oculus Quest_Android
60.813,13.327,13532,Oculus Quest_Android
60.829,17.895,13537,Oculus Quest_Android
60.844,15.532,13540,Oculus Quest_Android
60.860,15.249,13544,Oculus Quest_Android
60.875,15.029,13548,Oculus Quest_Android
60.891,15.726,13551,Oculus Quest_Android
60.907,16.321,13555,Oculus Quest_Android
60.923,16.374,13559,Oculus Quest_Android
60.939,15.679,13563,Oculus Quest_Android
60.955,15.509,13567,Oculus Quest_Android
60.961,15.339,13570,Oculus Quest_Android
60.969,7.647,13572,Oculus Quest_Android
60.984,14.499,13576,Oculus Quest_Android
60.997,14.110,13579,Oculus Quest_Android
61.011,13.220,13582,Oculus Quest_Android
61.025,14.301,13586,Oculus Quest_Android
61.038,13.477,13589,Oculus Quest_Android
61.053,14.166,13592,Oculus Quest_Android
61.067,13.656,13596,Oculus Quest_Android
61.090,14.389,13599,Oculus Quest_Android
61.097,16.349,13603,Oculus Quest_Android
61.109,10.890,13606,Oculus Quest_Android
61.122,14.369,13609,Oculus Quest_Android
61.136,13.354,13612,Oculus Quest_Android
61.151,14.551,13616,Oculus Quest_Android
61.164,13.383,13619,Oculus Quest_Android
61.178,13.969,13622,Oculus Quest_Android
61.192,13.960,13626,Oculus Quest_Android
61.206,14.352,13629,Oculus Quest_Android
61.229,14.059,13633,Oculus Quest_Android
61.236,16.048,13636,Oculus Quest_Android
61.248,11.416,13639,Oculus Quest_Android
61.261,13.389,13642,Oculus Quest_Android
61.276,14.372,13646,Oculus Quest_Android
61.289,13.865,13649,Oculus Quest_Android
61.303,13.932,13652,Oculus Quest_Android
61.317,13.499,13656,Oculus Quest_Android
61.330,13.807,13659,Oculus Quest_Android
61.345,13.913,13662,Oculus Quest_Android
61.367,14.325,13666,Oculus Quest_Android
61.374,15.808,13670,Oculus Quest_Android
61.386,11.632,13672,Oculus Quest_Android
61.400,13.836,13676,Oculus Quest_Android
61.415,14.678,13679,Oculus Quest_Android
61.428,13.522,13682,Oculus Quest_Android
61.442,13.470,13686,Oculus Quest_Android
61.456,14.219,13689,Oculus Quest_Android
61.469,13.766,13692,Oculus Quest_Android
61.484,13.703,13696,Oculus Quest_Android
61.506,13.726,13699,Oculus Quest_Android
61.513,16.401,13703,Oculus Quest_Android
61.525,11.670,13706,Oculus Quest_Android
61.540,14.570,13709,Oculus Quest_Android
61.554,13.908,13713,Oculus Quest_Android
61.567,13.373,13716,Oculus Quest_Android
61.581,14.058,13719,Oculus Quest_Android
61.594,13.334,13722,Oculus Quest_Android
61.609,14.223,13726,Oculus Quest_Android
61.623,14.105,13729,Oculus Quest_Android
61.647,13.426,13732,Oculus Quest_Android
61.654,18.537,13737,Oculus Quest_Android
61.664,9.451,13739,Oculus Quest_Android
61.678,13.791,13742,Oculus Quest_Android
61.693,14.662,13746,Oculus Quest_Android
61.706,13.279,13749,Oculus Quest_Android
61.720,14.104,13752,Oculus Quest_Android
61.734,13.768,13756,Oculus Quest_Android
61.749,14.214,13759,Oculus Quest_Android
61.762,13.730,13762,Oculus Quest_Android
61.787,14.268,13766,Oculus Quest_Android
61.794,18.186,13770,Oculus Quest_Android
61.804,9.449,13772,Oculus Quest_Android
61.818,13.908,13776,Oculus Quest_Android
61.831,13.538,13779,Oculus Quest_Android
61.846,14.210,13782,Oculus Quest_Android
61.859,13.374,13786,Oculus Quest_Android
61.884,14.207,13789,Oculus Quest_Android
61.901,18.652,13793,Oculus Quest_Android
61.919,16.817,13797,Oculus Quest_Android
61.936,17.953,13802,Oculus Quest_Android
61.955,18.102,13806,Oculus Quest_Android
61.972,17.652,13810,Oculus Quest_Android
61.990,17.496,13814,Oculus Quest_Android
62.008,18.659,13819,Oculus Quest_Android
62.026,17.497,13823,Oculus Quest_Android
62.033,17.230,13827,Oculus Quest_Android
62.040,7.209,13829,Oculus Quest_Android
62.055,13.683,13832,Oculus Quest_Android
62.079,13.684,13835,Oculus Quest_Android
62.087,19.023,13840,Oculus Quest_Android
62.095,8.552,13842,Oculus Quest_Android
62.120,13.885,13845,Oculus Quest_Android
62.138,18.140,13849,Oculus Quest_Android
62.160,18.257,13854,Oculus Quest_Android
62.189,22.667,13859,Oculus Quest_Android
62.219,29.287,13866,Oculus Quest_Android
62.249,29.294,13873,Oculus Quest_Android
62.272,29.947,13880,Oculus Quest_Android
62.293,24.066,13886,Oculus Quest_Android
62.312,19.511,13890,Oculus Quest_Android
62.332,20.109,13895,Oculus Quest_Android
62.352,19.510,13900,Oculus Quest_Android
62.370,20.296,13905,Oculus Quest_Android
62.387,17.609,13909,Oculus Quest_Android
62.403,16.798,13913,Oculus Quest_Android
62.421,16.105,13917,Oculus Quest_Android
62.439,17.619,13921,Oculus Quest_Android
62.460,18.680,13925,Oculus Quest_Android
62.478,20.464,13930,Oculus Quest_Android
62.495,18.429,13935,Oculus Quest_Android
62.512,16.339,13938,Oculus Quest_Android
62.529,17.004,13942,Oculus Quest_Android
62.546,17.178,13947,Oculus Quest_Android
62.564,17.371,13951,Oculus Quest_Android
62.580,16.971,13955,Oculus Quest_Android
62.596,16.457,13959,Oculus Quest_Android
62.611,15.768,13962,Oculus Quest_Android
62.627,15.493,13966,Oculus Quest_Android
62.642,15.654,13970,Oculus Quest_Android
62.658,15.528,13973,Oculus Quest_Android
62.674,15.660,13977,Oculus Quest_Android
62.690,15.882,13981,Oculus Quest_Android
62.706,16.279,13985,Oculus Quest_Android
62.722,15.689,13989,Oculus Quest_Android
62.738,15.648,13992,Oculus Quest_Android
62.745,16.391,13996,Oculus Quest_Android
62.751,7.214,13998,Oculus Quest_Android
62.761,9.372,14000,Oculus Quest_Android
62.776,13.933,14003,Oculus Quest_Android
62.789,13.827,14007,Oculus Quest_Android
62.803,13.600,14010,Oculus Quest_Android
62.818,14.628,14014,Oculus Quest_Android
62.831,13.013,14017,Oculus Quest_Android
62.845,13.717,14020,Oculus Quest_Android
62.868,14.000,14023,Oculus Quest_Android
62.884,16.307,14027,Oculus Quest_Android
62.899,16.202,14031,Oculus Quest_Android
62.916,15.503,14035,Oculus Quest_Android
62.932,16.577,14039,Oculus Quest_Android
62.948,16.002,14043,Oculus Quest_Android
62.964,17.140,14047,Oculus Quest_Android
62.981,15.853,14051,Oculus Quest_Android
62.997,16.350,14055,Oculus Quest_Android
63.013,15.900,14058,Oculus Quest_Android
63.029,16.109,14062,Oculus Quest_Android
63.045,16.255,14066,Oculus Quest_Android
63.062,16.209,14070,Oculus Quest_Android
63.078,15.981,14074,Oculus Quest_Android
63.094,16.527,14078,Oculus Quest_Android
63.110,15.733,14082,Oculus Quest_Android
63.125,15.711,14085,Oculus Quest_Android
63.142,15.773,14089,Oculus Quest_Android
63.159,17.102,14093,Oculus Quest_Android
63.176,17.247,14097,Oculus Quest_Android
63.193,16.415,14101,Oculus Quest_Android
63.210,16.703,14105,Oculus Quest_Android
63.226,17.542,14110,Oculus Quest_Android
63.234,16.397,14113,Oculus Quest_Android
63.247,13.263,14117,Oculus Quest_Android
63.261,13.918,14120,Oculus Quest_Android
63.276,14.032,14123,Oculus Quest_Android
63.289,13.941,14127,Oculus Quest_Android
63.303,13.633,14130,Oculus Quest_Android
63.317,14.162,14133,Oculus Quest_Android
63.330,13.617,14137,Oculus Quest_Android
63.345,14.245,14140,Oculus Quest_Android
63.367,13.707,14143,Oculus Quest_Android
63.374,15.599,14147,Oculus Quest_Android
63.386,12.023,14150,Oculus Quest_Android
63.400,13.863,14153,Oculus Quest_Android
63.414,14.063,14157,Oculus Quest_Android
63.428,13.770,14160,Oculus Quest_Android
63.442,13.762,14163,Oculus Quest_Android
63.455,14.079,14167,Oculus Quest_Android
63.469,13.559,14170,Oculus Quest_Android
63.484,14.591,14173,Oculus Quest_Android
63.506,13.324,14177,Oculus Quest_Android
63.513,16.676,14181,Oculus Quest_Android
63.525,11.272,14183,Oculus Quest_Android
63.539,13.710,14187,Oculus Quest_Android
63.553,14.337,14190,Oculus Quest_Android
63.566,13.459,14193,Oculus Quest_Android
63.581,14.270,14197,Oculus Quest_Android
63.594,13.433,14200,Oculus Quest_Android
63.609,14.236,14203,Oculus Quest_Android
63.622,14.172,14207,Oculus Quest_Android
63.645,13.251,14210,Oculus Quest_Android
63.652,16.608,14214,Oculus Quest_Android
63.663,11.123,14217,Oculus Quest_Android
63.678,14.006,14220,Oculus Quest_Android
63.691,14.030,14223,Oculus Quest_Android
63.705,14.023,14227,Oculus Quest_Android
63.720,13.970,14230,Oculus Quest_Android
63.733,13.672,14233,Oculus Quest_Android
63.748,14.073,14237,Oculus Quest_Android
63.761,13.699,14240,Oculus Quest_Android
63.784,13.872,14243,Oculus Quest_Android
63.792,17.047,14247,Oculus Quest_Android
63.803,10.676,14250,Oculus Quest_Android
63.817,14.553,14253,Oculus Quest_Android
63.830,13.301,14257,Oculus Quest_Android
63.845,13.815,14260,Oculus Quest_Android
63.858,14.339,14263,Oculus Quest_Android
63.873,13.987,14267,Oculus Quest_Android
63.887,13.934,14270,Oculus Quest_Android
63.900,13.403,14273,Oculus Quest_Android
63.924,14.206,14277,Oculus Quest_Android
63.930,16.640,14281,Oculus Quest_Android
63.942,10.733,14283,Oculus Quest_Android
63.956,14.512,14287,Oculus Quest_Android
63.969,13.415,14290,Oculus Quest_Android
63.983,14.083,14293,Oculus Quest_Android
63.997,13.475,14297,Oculus Quest_Android
64.011,13.889,14300,Oculus Quest_Android
64.025,14.049,14303,Oculus Quest_Android
64.039,13.913,14307,Oculus Quest_Android
64.062,14.121,14310,Oculus Quest_Android
64.068,15.974,14314,Oculus Quest_Android
64.081,11.967,14317,Oculus Quest_Android
64.094,13.487,14320,Oculus Quest_Android
64.109,14.022,14323,Oculus Quest_Android
64.122,13.934,14327,Oculus Quest_Android
64.136,14.158,14330,Oculus Quest_Android
64.151,14.188,14333,Oculus Quest_Android
64.164,13.404,14337,Oculus Quest_Android
64.178,13.603,14340,Oculus Quest_Android
64.201,14.043,14343,Oculus Quest_Android
64.208,16.218,14347,Oculus Quest_Android
64.220,12.000,14350,Oculus Quest_Android
64.233,13.532,14353,Oculus Quest_Android
64.248,13.987,14357,Oculus Quest_Android
64.261,14.002,14360,Oculus Quest_Android
64.284,13.551,14363,Oculus Quest_Android
64.300,16.509,14367,Oculus Quest_Android
64.315,15.217,14371,Oculus Quest_Android
64.331,15.400,14375,Oculus Quest_Android
64.352,15.706,14378,Oculus Quest_Android
64.369,21.725,14384,Oculus Quest_Android
64.386,17.024,14388,Oculus Quest_Android
64.402,16.761,14392,Oculus Quest_Android
64.419,15.794,14396,Oculus Quest_Android
64.436,17.573,14400,Oculus Quest_Android
64.454,17.174,14404,Oculus Quest_Android
64.470,17.261,14408,Oculus Quest_Android
64.486,15.433,14412,Oculus Quest_Android
64.503,17.057,14416,Oculus Quest_Android
64.519,16.519,14420,Oculus Quest_Android
64.535,16.398,14424,Oculus Quest_Android
64.552,15.251,14427,Oculus Quest_Android
64.569,17.696,14432,Oculus Quest_Android
64.587,16.762,14436,Oculus Quest_Android
64.604,17.767,14440,Oculus Quest_Android
64.623,18.279,14444,Oculus Quest_Android
64.641,18.492,14449,Oculus Quest_Android
64.659,17.433,14453,Oculus Quest_Android
64.676,17.941,14457,Oculus Quest_Android
64.694,17.409,14461,Oculus Quest_Android
64.712,17.735,14466,Oculus Quest_Android
64.730,18.528,14470,Oculus Quest_Android
64.749,17.873,14474,Oculus Quest_Android
64.768,18.453,14479,Oculus Quest_Android
64.786,19.547,14484,Oculus Quest_Android
64.803,17.692,14488,Oculus Quest_Android
64.821,17.023,14492,Oculus Quest_Android
64.839,17.838,14496,Oculus Quest_Android
64.857,18.416,14500,Oculus Quest_Android
64.875,17.707,14505,Oculus Quest_Android
64.894,17.816,14509,Oculus Quest_Android
64.911,18.781,14513,Oculus Quest_Android
64.930,17.866,14518,Oculus Quest_Android
64.951,18.303,14522,Oculus Quest_Android
64.969,21.733,14527,Oculus Quest_Android
64.988,17.781,14531,Oculus Quest_Android
64.995,18.207,14536,Oculus Quest_Android
65.001,7.250,14537,Oculus Quest_Android
65.011,9.117,14539,Oculus Quest_Android
65.025,13.806,14543,Oculus Quest_Android
65.040,14.558,14546,Oculus Quest_Android
65.053,13.270,14549,Oculus Quest_Android
65.067,13.989,14553,Oculus Quest_Android
65.091,14.132,14556,Oculus Quest_Android
65.107,17.110,14560,Oculus Quest_Android
65.114,15.968,14564,Oculus Quest_Android
65.131,7.818,14566,Oculus Quest_Android
65.152,16.348,14570,Oculus Quest_Android
65.161,21.632,14575,Oculus Quest_Android
65.169,9.097,14577,Oculus Quest_Android
65.179,9.025,14579,Oculus Quest_Android
65.193,14.118,14582,Oculus Quest_Android
65.222,13.885,14586,Oculus Quest_Android
65.240,23.608,14591,Oculus Quest_Android
65.258,18.293,14596,Oculus Quest_Android
65.277,17.565,14600,Oculus Quest_Android
65.295,18.668,14604,Oculus Quest_Android
65.313,18.387,14609,Oculus Quest_Android
65.331,18.644,14613,Oculus Quest_Android
65.348,17.385,14617,Oculus Quest_Android
65.364,16.422,14621,Oculus Quest_Android
65.382,16.803,14625,Oculus Quest_Android
65.398,17.127,14629,Oculus Quest_Android
65.415,15.731,14633,Oculus Quest_Android
65.422,17.397,14637,Oculus Quest_Android
65.431,9.047,14639,Oculus Quest_Android
65.442,10.272,14642,Oculus Quest_Android
65.456,14.319,14645,Oculus Quest_Android
65.469,13.288,14648,Oculus Quest_Android
65.484,14.497,14652,Oculus Quest_Android
65.497,13.729,14655,Oculus Quest_Android
65.511,13.693,14658,Oculus Quest_Android
65.525,13.739,14661,Oculus Quest_Android
65.548,14.077,14665,Oculus Quest_Android
65.555,16.563,14669,Oculus Quest_Android
65.567,11.106,14671,Oculus Quest_Android
65.582,14.932,14675,Oculus Quest_Android
65.594,12.962,14678,Oculus Quest_Android
65.608,13.780,14681,Oculus Quest_Android
65.622,14.082,14685,Oculus Quest_Android
65.637,14.235,14688,Oculus Quest_Android
65.650,13.649,14691,Oculus Quest_Android
65.664,13.647,14695,Oculus Quest_Android
65.687,13.847,14698,Oculus Quest_Android
65.693,16.311,14702,Oculus Quest_Android
65.705,11.460,14704,Oculus Quest_Android
65.719,14.029,14708,Oculus Quest_Android
65.734,13.983,14711,Oculus Quest_Android
65.748,14.141,14714,Oculus Quest_Android
65.761,13.468,14718,Oculus Quest_Android
65.776,14.273,14721,Oculus Quest_Android
65.789,13.656,14724,Oculus Quest_Android
65.803,13.794,14728,Oculus Quest_Android
65.827,14.369,14731,Oculus Quest_Android
65.834,16.968,14735,Oculus Quest_Android
65.845,10.263,14738,Oculus Quest_Android
65.858,14.237,14741,Oculus Quest_Android
65.872,13.697,14744,Oculus Quest_Android
65.886,13.887,14748,Oculus Quest_Android
65.900,13.663,14751,Oculus Quest_Android
65.914,13.928,14754,Oculus Quest_Android
65.928,13.907,14758,Oculus Quest_Android
65.942,13.958,14761,Oculus Quest_Android
65.965,14.352,14764,Oculus Quest_Android
65.972,16.269,14768,Oculus Quest_Android
65.985,11.684,14771,Oculus Quest_Android
65.997,13.242,14774,Oculus Quest_Android
66.012,13.963,14778,Oculus Quest_Android
66.025,14.023,14781,Oculus Quest_Android
66.039,13.730,14784,Oculus Quest_Android
66.053,13.804,14788,Oculus Quest_Android
66.067,14.047,14791,Oculus Quest_Android
66.082,14.587,14794,Oculus Quest_Android
66.103,13.352,14798,Oculus Quest_Android
66.119,16.079,14802,Oculus Quest_Android
66.135,15.653,14805,Oculus Quest_Android
66.150,15.448,14809,Oculus Quest_Android
66.167,15.850,14813,Oculus Quest_Android
66.183,16.032,14817,Oculus Quest_Android
66.199,16.275,14821,Oculus Quest_Android
66.206,16.368,14824,Oculus Quest_Android
66.220,13.455,14828,Oculus Quest_Android
66.244,15.439,14831,Oculus Quest_Android
66.260,16.361,14835,Oculus Quest_Android
66.276,15.520,14839,Oculus Quest_Android
66.294,16.701,14843,Oculus Quest_Android
66.311,17.286,14847,Oculus Quest_Android
66.318,17.403,14851,Oculus Quest_Android
66.330,11.833,14854,Oculus Quest_Android
66.344,13.857,14858,Oculus Quest_Android
66.358,14.133,14861,Oculus Quest_Android
66.372,13.681,14864,Oculus Quest_Android
66.386,14.281,14868,Oculus Quest_Android
66.400,13.537,14871,Oculus Quest_Android
66.415,14.239,14874,Oculus Quest_Android
66.428,13.581,14878,Oculus Quest_Android
66.452,14.339,14881,Oculus Quest_Android
66.459,17.299,14885,Oculus Quest_Android
66.470,10.631,14888,Oculus Quest_Android
66.484,13.786,14891,Oculus Quest_Android
66.497,13.813,14894,Oculus Quest_Android
66.512,13.705,14898,Oculus Quest_Android
66.525,13.916,14901,Oculus Quest_Android
66.539,14.023,14904,Oculus Quest_Android
66.554,14.147,14908,Oculus Quest_Android
66.567,13.378,14911,Oculus Quest_Android
66.590,14.039,14914,Oculus Quest_Android
66.607,16.406,14918,Oculus Quest_Android
66.625,17.220,14922,Oculus Quest_Android
66.644,17.885,14927,Oculus Quest_Android
66.662,19.086,14931,Oculus Quest_Android
66.679,17.502,14935,Oculus Quest_Android
66.696,17.127,14940,Oculus Quest_Android
66.714,17.747,14944,Oculus Quest_Android
66.732,18.097,14948,Oculus Quest_Android
66.750,17.714,14952,Oculus Quest_Android
66.768,17.959,14957,Oculus Quest_Android
66.786,18.309,14961,Oculus Quest_Android
66.803,17.645,14965,Oculus Quest_Android
66.821,17.019,14969,Oculus Quest_Android
66.841,18.587,14974,Oculus Quest_Android
66.860,20.436,14979,Oculus Quest_Android
66.869,18.659,14983,Oculus Quest_Android
66.876,7.889,14985,Oculus Quest_Android
66.887,10.580,14988,Oculus Quest_Android
66.900,13.391,14991,Oculus Quest_Android
66.916,14.368,14994,Oculus Quest_Android
66.928,13.935,14998,Oculus Quest_Android
66.942,13.419,15001,Oculus Quest_Android
66.967,14.371,15004,Oculus Quest_Android
66.984,18.004,15009,Oculus Quest_Android
67.002,17.940,15013,Oculus Quest_Android
67.021,17.679,15017,Oculus Quest_Android
67.028,18.579,15022,Oculus Quest_Android
67.039,10.447,15024,Oculus Quest_Android
67.054,14.900,15028,Oculus Quest_Android
67.068,13.488,15031,Oculus Quest_Android
67.082,13.929,15034,Oculus Quest_Android
67.094,13.261,15038,Oculus Quest_Android
67.118,13.896,15041,Oculus Quest_Android
67.134,16.574,15045,Oculus Quest_Android
67.150,16.394,15049,Oculus Quest_Android
67.166,16.254,15053,Oculus Quest_Android
67.183,15.890,15057,Oculus Quest_Android
67.198,16.301,15060,Oculus Quest_Android
67.214,15.643,15064,Oculus Quest_Android
67.230,16.411,15068,Oculus Quest_Android
67.246,15.659,15072,Oculus Quest_Android
67.262,15.959,15076,Oculus Quest_Android
67.277,15.342,15079,Oculus Quest_Android
67.294,15.952,15083,Oculus Quest_Android
67.310,16.156,15087,Oculus Quest_Android
67.326,16.635,15091,Oculus Quest_Android
67.342,15.687,15095,Oculus Quest_Android
67.358,16.021,15099,Oculus Quest_Android
67.373,16.139,15103,Oculus Quest_Android
67.389,15.017,15106,Oculus Quest_Android
67.396,15.805,15110,Oculus Quest_Android
67.402,7.055,15112,Oculus Quest_Android
67.414,10.815,15114,Oculus Quest_Android
67.428,13.812,15118,Oculus Quest_Android
67.442,14.019,15121,Oculus Quest_Android
67.456,13.885,15124,Oculus Quest_Android
67.469,13.446,15128,Oculus Quest_Android
67.484,14.238,15131,Oculus Quest_Android
67.506,13.898,15134,Oculus Quest_Android
67.523,16.542,15138,Oculus Quest_Android
67.539,16.421,15142,Oculus Quest_Android
67.556,16.001,15146,Oculus Quest_Android
67.573,17.002,15150,Oculus Quest_Android
67.590,17.499,15154,Oculus Quest_Android
67.597,16.312,15158,Oculus Quest_Android
67.608,10.854,15161,Oculus Quest_Android
67.622,14.214,15164,Oculus Quest_Android
67.636,13.657,15168,Oculus Quest_Android
67.659,13.911,15171,Oculus Quest_Android
67.676,17.391,15175,Oculus Quest_Android
67.691,15.831,15179,Oculus Quest_Android
67.707,15.787,15183,Oculus Quest_Android
67.722,15.414,15186,Oculus Quest_Android
67.738,15.277,15190,Oculus Quest_Android
67.754,15.358,15194,Oculus Quest_Android
67.770,16.970,15198,Oculus Quest_Android
67.786,15.339,15201,Oculus Quest_Android
67.801,15.919,15205,Oculus Quest_Android
67.817,14.986,15209,Oculus Quest_Android
67.833,16.422,15213,Oculus Quest_Android
67.849,15.611,15216,Oculus Quest_Android
67.865,15.857,15220,Oculus Quest_Android
67.882,16.445,15224,Oculus Quest_Android
67.898,16.968,15228,Oculus Quest_Android
67.914,15.597,15232,Oculus Quest_Android
67.930,16.817,15236,Oculus Quest_Android
67.945,15.304,15239,Oculus Quest_Android
67.962,15.551,15243,Oculus Quest_Android
67.977,16.349,15247,Oculus Quest_Android
67.993,15.972,15251,Oculus Quest_Android
68.000,15.738,15255,Oculus Quest_Android
68.011,10.175,15257,Oculus Quest_Android
68.025,14.154,15260,Oculus Quest_Android
68.039,13.843,15264,Oculus Quest_Android
68.052,13.901,15267,Oculus Quest_Android
68.075,13.647,15270,Oculus Quest_Android
68.092,16.841,15274,Oculus Quest_Android
68.108,15.949,15278,Oculus Quest_Android
68.124,16.164,15282,Oculus Quest_Android
68.141,15.512,15285,Oculus Quest_Android
68.162,17.771,15290,Oculus Quest_Android
68.191,21.501,15295,Oculus Quest_Android
68.220,28.806,15302,Oculus Quest_Android
68.241,28.303,15308,Oculus Quest_Android
68.260,22.465,15314,Oculus Quest_Android
68.277,17.692,15318,Oculus Quest_Android
68.295,16.837,15322,Oculus Quest_Android
68.316,18.644,15326,Oculus Quest_Android
68.333,20.556,15331,Oculus Quest_Android
68.341,17.474,15335,Oculus Quest_Android
68.357,7.372,15337,Oculus Quest_Android
68.373,16.505,15341,Oculus Quest_Android
68.389,15.757,15345,Oculus Quest_Android
68.406,15.947,15349,Oculus Quest_Android
68.423,16.613,15353,Oculus Quest_Android
68.440,17.165,15357,Oculus Quest_Android
68.457,17.555,15361,Oculus Quest_Android
68.472,16.412,15365,Oculus Quest_Android
68.489,15.551,15368,Oculus Quest_Android
68.505,16.212,15372,Oculus Quest_Android
68.521,16.078,15376,Oculus Quest_Android
68.536,16.017,15380,Oculus Quest_Android
68.552,15.504,15384,Oculus Quest_Android
68.568,16.184,15387,Oculus Quest_Android
68.584,15.898,15391,Oculus Quest_Android
68.600,16.117,15395,Oculus Quest_Android
68.617,15.606,15399,Oculus Quest_Android
68.633,16.892,15403,Oculus Quest_Android
68.648,15.602,15406,Oculus Quest_Android
68.664,15.525,15410,Oculus Quest_Android
68.679,15.112,15414,Oculus Quest_Android
68.696,16.211,15418,Oculus Quest_Android
68.712,16.293,15421,Oculus Quest_Android
68.728,15.888,15425,Oculus Quest_Android
68.744,16.133,15429,Oculus Quest_Android
68.760,16.929,15433,Oculus Quest_Android
68.776,15.632,15437,Oculus Quest_Android
68.791,15.416,15440,Oculus Quest_Android
68.807,15.457,15444,Oculus Quest_Android
68.823,16.150,15448,Oculus Quest_Android
68.839,16.052,15452,Oculus Quest_Android
68.855,15.664,15456,Oculus Quest_Android
68.871,15.959,15460,Oculus Quest_Android
68.887,15.435,15463,Oculus Quest_Android
68.903,16.401,15467,Oculus Quest_Android
68.921,16.669,15471,Oculus Quest_Android
68.937,17.317,15475,Oculus Quest_Android
68.954,16.436,15479,Oculus Quest_Android
68.970,16.813,15483,Oculus Quest_Android
68.988,16.295,15487,Oculus Quest_Android
69.004,17.797,15491,Oculus Quest_Android
69.021,16.571,15495,Oculus Quest_Android
69.036,16.399,15499,Oculus Quest_Android
69.052,15.184,15503,Oculus Quest_Android
69.067,15.737,15507,Oculus Quest_Android
69.084,15.261,15510,Oculus Quest_Android
69.099,16.365,15514,Oculus Quest_Android
69.116,15.484,15518,Oculus Quest_Android
69.132,16.810,15522,Oculus Quest_Android
69.148,15.998,15526,Oculus Quest_Android
69.164,15.871,15530,Oculus Quest_Android
69.179,15.841,15534,Oculus Quest_Android
69.186,15.628,15537,Oculus Quest_Android
69.193,7.223,15539,Oculus Quest_Android
69.214,11.079,15542,Oculus Quest_Android
69.230,16.419,15546,Oculus Quest_Android
69.245,15.301,15549,Oculus Quest_Android
69.261,15.685,15553,Oculus Quest_Android
69.276,15.353,15557,Oculus Quest_Android
69.283,15.708,15561,Oculus Quest_Android
69.289,7.054,15562,Oculus Quest_Android
69.302,11.953,15565,Oculus Quest_Android
69.316,14.038,15568,Oculus Quest_Android
69.330,13.790,15572,Oculus Quest_Android
69.344,14.057,15575,Oculus Quest_Android
69.358,13.824,15578,Oculus Quest_Android
69.372,13.928,15582,Oculus Quest_Android
69.386,13.755,15585,Oculus Quest_Android
69.410,14.036,15589,Oculus Quest_Android
69.426,17.576,15593,Oculus Quest_Android
69.442,16.216,15597,Oculus Quest_Android
69.449,16.097,15600,Oculus Quest_Android
69.456,7.104,15602,Oculus Quest_Android
69.469,12.125,15605,Oculus Quest_Android
69.484,14.681,15609,Oculus Quest_Android
69.497,13.455,15612,Oculus Quest_Android
69.511,13.961,15615,Oculus Quest_Android
69.525,13.899,15619,Oculus Quest_Android
69.539,13.663,15622,Oculus Quest_Android
69.553,14.147,15625,Oculus Quest_Android
69.575,13.467,15628,Oculus Quest_Android
69.591,16.238,15632,Oculus Quest_Android
69.607,15.664,15636,Oculus Quest_Android
69.624,16.696,15640,Oculus Quest_Android
69.631,16.553,15644,Oculus Quest_Android
69.638,7.329,15646,Oculus Quest_Android
69.650,11.191,15649,Oculus Quest_Android
69.664,14.210,15652,Oculus Quest_Android
69.678,13.531,15655,Oculus Quest_Android
69.692,14.184,15659,Oculus Quest_Android
69.705,13.451,15662,Oculus Quest_Android
69.719,13.898,15665,Oculus Quest_Android
69.732,13.679,15668,Oculus Quest_Android
69.757,14.382,15672,Oculus Quest_Android
69.764,17.289,15676,Oculus Quest_Android
69.775,10.257,15678,Oculus Quest_Android
69.789,14.227,15682,Oculus Quest_Android
69.802,13.318,15685,Oculus Quest_Android
69.817,14.161,15688,Oculus Quest_Android
69.830,13.897,15692,Oculus Quest_Android
69.844,14.058,15695,Oculus Quest_Android
69.858,13.626,15698,Oculus Quest_Android
69.871,13.774,15702,Oculus Quest_Android
69.894,13.998,15705,Oculus Quest_Android
69.901,15.854,15709,Oculus Quest_Android
69.914,12.120,15711,Oculus Quest_Android
69.927,13.770,15715,Oculus Quest_Android
69.942,13.738,15718,Oculus Quest_Android
69.955,14.191,15721,Oculus Quest_Android
69.969,13.486,15725,Oculus Quest_Android
69.983,14.368,15728,Oculus Quest_Android
69.996,13.613,15731,Oculus Quest_Android
70.011,13.689,15735,Oculus Quest_Android
70.033,14.025,15738,Oculus Quest_Android
70.040,16.093,15742,Oculus Quest_Android
70.052,11.761,15744,Oculus Quest_Android
70.066,13.667,15748,Oculus Quest_Android
70.081,14.301,15751,Oculus Quest_Android
70.094,13.862,15754,Oculus Quest_Android
70.109,13.621,15758,Oculus Quest_Android
70.122,14.407,15761,Oculus Quest_Android
70.136,13.650,15764,Oculus Quest_Android
70.150,13.968,15768,Oculus Quest_Android
70.173,13.559,15771,Oculus Quest_Android
70.180,16.602,15775,Oculus Quest_Android
70.191,11.018,15777,Oculus Quest_Android
70.205,14.013,15781,Oculus Quest_Android
70.219,14.306,15784,Oculus Quest_Android
70.233,13.580,15787,Oculus Quest_Android
70.247,14.086,15791,Oculus Quest_Android
70.260,13.640,15794,Oculus Quest_Android
70.275,13.855,15797,Oculus Quest_Android
70.288,14.176,15801,Oculus Quest_Android
70.311,13.602,15804,Oculus Quest_Android
70.318,16.071,15808,Oculus Quest_Android
70.342,23.169,15813,Oculus Quest_Android
70.356,14.054,15817,Oculus Quest_Android
70.369,13.434,15820,Oculus Quest_Android
70.384,14.228,15823,Oculus Quest_Android
70.397,13.545,15826,Oculus Quest_Android
70.412,14.016,15830,Oculus Quest_Android
70.425,14.032,15833,Oculus Quest_Android
70.439,13.893,15836,Oculus Quest_Android
70.461,13.275,15839,Oculus Quest_Android
70.468,16.157,15843,Oculus Quest_Android
70.481,11.999,15846,Oculus Quest_Android
70.503,13.585,15849,Oculus Quest_Android
70.519,16.523,15853,Oculus Quest_Android
70.535,15.955,15857,Oculus Quest_Android
70.560,23.538,15863,Oculus Quest_Android
70.576,17.451,15867,Oculus Quest_Android
70.601,24.148,15873,Oculus Quest_Android
70.617,16.359,15876,Oculus Quest_Android
70.642,25.080,15882,Oculus Quest_Android
70.658,16.634,15886,Oculus Quest_Android
70.674,16.005,15890,Oculus Quest_Android
70.698,23.384,15896,Oculus Quest_Android
70.714,16.198,15900,Oculus Quest_Android
70.730,16.324,15903,Oculus Quest_Android
70.755,23.323,15909,Oculus Quest_Android
70.771,17.774,15913,Oculus Quest_Android
70.795,23.730,15919,Oculus Quest_Android
70.811,16.057,15923,Oculus Quest_Android
70.827,16.086,15927,Oculus Quest_Android
70.851,23.542,15932,Oculus Quest_Android
70.866,16.067,15936,Oculus Quest_Android
70.883,15.305,15940,Oculus Quest_Android
70.906,24.466,15946,Oculus Quest_Android
70.922,16.238,15950,Oculus Quest_Android
70.938,15.517,15953,Oculus Quest_Android
70.964,24.339,15959,Oculus Quest_Android
70.980,17.116,15963,Oculus Quest_Android
71.005,24.205,15969,Oculus Quest_Android
71.023,17.356,15973,Oculus Quest_Android
71.046,24.360,15979,Oculus Quest_Android
71.062,16.907,15983,Oculus Quest_Android
71.091,28.045,15990,Oculus Quest_Android
71.117,26.118,15996,Oculus Quest_Android
71.144,25.366,16002,Oculus Quest_Android
71.165,18.041,16007,Oculus Quest_Android
71.196,24.809,16012,Oculus Quest_Android
71.221,27.368,16019,Oculus Quest_Android
71.242,27.924,16026,Oculus Quest_Android
71.269,27.413,16032,Oculus Quest_Android
71.286,17.334,16036,Oculus Quest_Android
71.313,24.613,16042,Oculus Quest_Android
71.338,27.742,16049,Oculus Quest_Android
71.355,17.495,16053,Oculus Quest_Android
71.381,24.129,16059,Oculus Quest_Android
71.408,27.884,16066,Oculus Quest_Android
71.427,17.663,16070,Oculus Quest_Android
71.450,24.057,16076,Oculus Quest_Android
71.466,17.603,16080,Oculus Quest_Android
71.491,24.625,16086,Oculus Quest_Android
71.506,16.170,16090,Oculus Quest_Android
71.532,25.260,16096,Oculus Quest_Android
71.549,16.503,16100,Oculus Quest_Android
71.574,25.235,16106,Oculus Quest_Android
71.591,16.699,16110,Oculus Quest_Android
71.617,25.464,16116,Oculus Quest_Android
71.644,27.435,16123,Oculus Quest_Android
71.661,16.872,16127,Oculus Quest_Android
71.688,24.677,16133,Oculus Quest_Android
71.714,27.878,16139,Oculus Quest_Android
71.730,16.814,16143,Oculus Quest_Android
71.757,25.348,16149,Oculus Quest_Android
71.783,27.426,16156,Oculus Quest_Android
71.799,16.643,16160,Oculus Quest_Android
71.815,15.838,16164,Oculus Quest_Android
71.831,16.197,16167,Oculus Quest_Android
71.847,15.385,16171,Oculus Quest_Android
71.863,16.241,16175,Oculus Quest_Android
71.879,15.570,16179,Oculus Quest_Android
71.896,16.813,16183,Oculus Quest_Android
71.912,16.749,16187,Oculus Quest_Android
71.928,15.847,16190,Oculus Quest_Android
71.944,15.837,16194,Oculus Quest_Android
71.960,15.828,16198,Oculus Quest_Android
71.977,16.713,16202,Oculus Quest_Android
71.993,17.014,16206,Oculus Quest_Android
72.009,16.059,16210,Oculus Quest_Android
72.025,16.078,16214,Oculus Quest_Android
72.041,15.973,16217,Oculus Quest_Android
72.058,15.770,16221,Oculus Quest_Android
72.075,17.348,16225,Oculus Quest_Android
72.092,16.941,16229,Oculus Quest_Android
72.107,16.110,16233,Oculus Quest_Android
72.122,15.401,16237,Oculus Quest_Android
72.138,15.443,16240,Oculus Quest_Android
72.156,15.103,16244,Oculus Quest_Android
72.172,19.044,16249,Oculus Quest_Android
72.188,15.935,16252,Oculus Quest_Android
72.203,15.922,16256,Oculus Quest_Android
72.219,14.745,16260,Oculus Quest_Android
72.235,16.293,16264,Oculus Quest_Android
72.251,15.104,16267,Oculus Quest_Android
72.266,15.857,16271,Oculus Quest_Android
72.283,15.882,16275,Oculus Quest_Android
72.298,16.597,16279,Oculus Quest_Android
72.314,15.488,16282,Oculus Quest_Android
72.329,15.440,16286,Oculus Quest_Android
72.344,15.102,16290,Oculus Quest_Android
72.360,15.236,16293,Oculus Quest_Android
72.377,16.585,16297,Oculus Quest_Android
72.394,16.608,16301,Oculus Quest_Android
72.411,16.998,16305,Oculus Quest_Android
72.427,16.687,16309,Oculus Quest_Android
72.444,16.775,16313,Oculus Quest_Android
72.461,16.363,16317,Oculus Quest_Android
72.477,16.345,16321,Oculus Quest_Android
72.493,16.795,16325,Oculus Quest_Android
72.509,16.067,16329,Oculus Quest_Android
72.524,15.465,16332,Oculus Quest_Android
72.539,15.029,16336,Oculus Quest_Android
72.555,14.989,16339,Oculus Quest_Android
72.570,16.130,16343,Oculus Quest_Android
72.586,15.320,16347,Oculus Quest_Android
72.602,16.209,16351,Oculus Quest_Android
72.618,15.066,16354,Oculus Quest_Android
72.633,16.035,16358,Oculus Quest_Android
72.648,15.588,16362,Oculus Quest_Android
72.664,15.190,16365,Oculus Quest_Android
72.680,14.980,16369,Oculus Quest_Android
72.696,16.330,16373,Oculus Quest_Android
72.712,16.107,16377,Oculus Quest_Android
72.727,15.842,16380,Oculus Quest_Android
72.742,14.956,16384,Oculus Quest_Android
72.759,15.731,16388,Oculus Quest_Android
72.776,16.993,16392,Oculus Quest_Android
72.793,16.884,16396,Oculus Quest_Android
72.810,16.372,16400,Oculus Quest_Android
72.826,17.919,16404,Oculus Quest_Android
72.842,15.937,16408,Oculus Quest_Android
72.857,15.542,16412,Oculus Quest_Android
72.873,15.111,16415,Oculus Quest_Android
72.890,16.187,16419,Oculus Quest_Android
72.905,16.105,16423,Oculus Quest_Android
72.922,16.262,16427,Oculus Quest_Android
72.938,16.418,16431,Oculus Quest_Android
72.955,16.287,16435,Oculus Quest_Android
72.972,16.683,16439,Oculus Quest_Android
72.991,17.212,16443,Oculus Quest_Android
73.007,19.086,16447,Oculus Quest_Android
73.025,16.524,16451,Oculus Quest_Android
73.044,17.878,16456,Oculus Quest_Android
73.062,19.015,16460,Oculus Quest_Android
73.078,17.245,16464,Oculus Quest_Android
73.095,16.533,16468,Oculus Quest_Android
73.111,16.639,16472,Oculus Quest_Android
73.129,16.286,16476,Oculus Quest_Android
73.146,18.384,16481,Oculus Quest_Android
73.163,16.913,16485,Oculus Quest_Android
73.179,16.310,16489,Oculus Quest_Android
73.195,15.944,16493,Oculus Quest_Android
73.212,16.333,16496,Oculus Quest_Android
73.229,17.232,16501,Oculus Quest_Android
73.246,16.888,16505,Oculus Quest_Android
73.261,16.212,16509,Oculus Quest_Android
73.277,15.563,16512,Oculus Quest_Android
73.295,16.047,16516,Oculus Quest_Android
73.312,17.580,16520,Oculus Quest_Android
73.329,17.838,16525,Oculus Quest_Android
73.344,15.706,16528,Oculus Quest_Android
73.361,15.361,16532,Oculus Quest_Android
73.378,17.553,16536,Oculus Quest_Android
73.395,16.793,16540,Oculus Quest_Android
73.402,16.840,16544,Oculus Quest_Android
73.414,11.131,16547,Oculus Quest_Android
73.428,13.937,16550,Oculus Quest_Android
73.442,13.833,16554,Oculus Quest_Android
73.455,14.236,16557,Oculus Quest_Android
73.469,13.892,16560,Oculus Quest_Android
73.484,13.856,16564,Oculus Quest_Android
73.507,13.730,16567,Oculus Quest_Android
73.523,17.398,16571,Oculus Quest_Android
73.538,15.557,16575,Oculus Quest_Android
73.555,15.880,16579,Oculus Quest_Android
73.572,16.991,16583,Oculus Quest_Android
73.589,16.696,16587,Oculus Quest_Android
73.605,16.613,16591,Oculus Quest_Android
73.622,16.025,16595,Oculus Quest_Android
73.639,17.276,16599,Oculus Quest_Android
73.656,16.673,16603,Oculus Quest_Android
73.674,17.811,16607,Oculus Quest_Android
73.683,18.609,16612,Oculus Quest_Android
73.691,9.376,16614,Oculus Quest_Android
73.705,13.142,16617,Oculus Quest_Android
73.720,15.035,16621,Oculus Quest_Android
73.732,12.779,16624,Oculus Quest_Android
73.747,14.081,16627,Oculus Quest_Android
73.761,13.831,16630,Oculus Quest_Android
73.775,14.352,16634,Oculus Quest_Android
73.789,13.655,16637,Oculus Quest_Android
73.812,13.671,16640,Oculus Quest_Android
73.819,16.991,16644,Oculus Quest_Android
73.830,10.711,16647,Oculus Quest_Android
73.844,13.833,16650,Oculus Quest_Android
73.867,13.931,16654,Oculus Quest_Android
73.883,16.345,16658,Oculus Quest_Android
73.899,16.739,16662,Oculus Quest_Android
73.915,15.570,16665,Oculus Quest_Android
73.932,16.550,16669,Oculus Quest_Android
73.948,15.951,16673,Oculus Quest_Android
73.964,16.846,16677,Oculus Quest_Android
73.980,16.098,16681,Oculus Quest_Android
73.996,15.967,16685,Oculus Quest_Android
74.012,15.977,16689,Oculus Quest_Android
74.030,16.183,16693,Oculus Quest_Android
74.046,16.961,16697,Oculus Quest_Android
74.063,16.864,16701,Oculus Quest_Android
74.083,16.164,16705,Oculus Quest_Android
74.102,20.016,16709,Oculus Quest_Android
74.119,19.808,16714,Oculus Quest_Android
74.138,16.196,16718,Oculus Quest_Android
74.161,19.459,16723,Oculus Quest_Android
74.182,23.616,16728,Oculus Quest_Android
74.205,22.697,16734,Oculus Quest_Android
74.228,23.017,16739,Oculus Quest_Android
74.255,25.102,16745,Oculus Quest_Android
74.273,23.217,16751,Oculus Quest_Android
74.293,18.010,16755,Oculus Quest_Android
74.310,19.386,16760,Oculus Quest_Android
74.327,17.683,16764,Oculus Quest_Android
74.348,16.665,16768,Oculus Quest_Android
74.367,20.922,16773,Oculus Quest_Android
74.383,18.547,16778,Oculus Quest_Android
74.399,16.297,16782,Oculus Quest_Android
74.419,16.070,16785,Oculus Quest_Android
74.437,20.554,16790,Oculus Quest_Android
74.453,16.932,16794,Oculus Quest_Android
74.469,16.108,16798,Oculus Quest_Android
74.487,16.064,16802,Oculus Quest_Android
74.502,17.384,16806,Oculus Quest_Android
74.519,15.645,16810,Oculus Quest_Android
74.535,16.978,16814,Oculus Quest_Android
74.551,15.574,16818,Oculus Quest_Android
74.567,16.191,16822,Oculus Quest_Android
74.582,15.732,16826,Oculus Quest_Android
74.598,15.798,16829,Oculus Quest_Android
74.615,15.135,16833,Oculus Quest_Android
74.631,18.040,16837,Oculus Quest_Android
74.647,15.505,16841,Oculus Quest_Android
74.663,15.616,16845,Oculus Quest_Android
74.678,15.686,16849,Oculus Quest_Android
74.694,15.163,16852,Oculus Quest_Android
74.710,16.464,16856,Oculus Quest_Android
74.726,16.089,16860,Oculus Quest_Android
74.741,15.863,16864,Oculus Quest_Android
74.758,15.689,16868,Oculus Quest_Android
74.774,16.227,16871,Oculus Quest_Android
74.789,15.804,16875,Oculus Quest_Android
74.805,15.513,16879,Oculus Quest_Android
74.822,16.489,16883,Oculus Quest_Android
74.839,17.046,16887,Oculus Quest_Android
74.855,16.079,16891,Oculus Quest_Android
74.871,16.476,16895,Oculus Quest_Android
74.889,15.675,16899,Oculus Quest_Android
74.905,18.057,16903,Oculus Quest_Android
74.922,16.582,16907,Oculus Quest_Android
74.937,16.123,16911,Oculus Quest_Android
74.953,15.138,16914,Oculus Quest_Android
74.968,15.951,16918,Oculus Quest_Android
74.984,15.007,16922,Oculus Quest_Android
75.000,15.977,16926,Oculus Quest_Android
75.007,15.769,16929,Oculus Quest_Android
75.014,7.233,16931,Oculus Quest_Android
75.024,10.264,16934,Oculus Quest_Android
75.038,13.785,16937,Oculus Quest_Android
75.052,14.066,16940,Oculus Quest_Android
75.066,13.923,16944,Oculus Quest_Android
75.080,13.962,16947,Oculus Quest_Android
75.094,13.921,16950,Oculus Quest_Android
75.118,13.877,16954,Oculus Quest_Android
75.134,17.270,16958,Oculus Quest_Android
75.150,15.961,16962,Oculus Quest_Android
75.165,16.006,16966,Oculus Quest_Android
75.185,15.230,16969,Oculus Quest_Android
75.202,20.481,16974,Oculus Quest_Android
75.218,16.325,16978,Oculus Quest_Android
75.235,16.611,16982,Oculus Quest_Android
75.250,15.886,16986,Oculus Quest_Android
75.266,15.915,16990,Oculus Quest_Android
75.282,15.571,16993,Oculus Quest_Android
75.290,17.073,16997,Oculus Quest_Android
75.302,11.870,17000,Oculus Quest_Android
75.316,14.170,17004,Oculus Quest_Android
75.330,13.727,17007,Oculus Quest_Android
75.344,13.906,17010,Oculus Quest_Android
75.358,14.031,17014,Oculus Quest_Android
75.372,13.933,17017,Oculus Quest_Android
75.385,13.785,17020,Oculus Quest_Android
75.399,13.657,17024,Oculus Quest_Android
75.423,14.301,17027,Oculus Quest_Android
75.430,17.031,17031,Oculus Quest_Android
75.441,10.245,17034,Oculus Quest_Android
75.455,14.319,17037,Oculus Quest_Android
75.469,13.516,17040,Oculus Quest_Android
75.483,14.489,17044,Oculus Quest_Android
75.497,13.497,17047,Oculus Quest_Android
75.511,13.773,17050,Oculus Quest_Android
75.524,14.056,17054,Oculus Quest_Android
75.538,13.971,17057,Oculus Quest_Android
75.561,14.108,17060,Oculus Quest_Android
75.577,16.312,17064,Oculus Quest_Android
75.584,15.618,17068,Oculus Quest_Android
75.593,9.102,17070,Oculus Quest_Android
75.608,14.138,17074,Oculus Quest_Android
75.622,14.098,17077,Oculus Quest_Android
75.636,13.727,17080,Oculus Quest_Android
75.649,13.998,17084,Oculus Quest_Android
75.663,13.730,17087,Oculus Quest_Android
75.677,13.743,17090,Oculus Quest_Android
75.691,14.186,17094,Oculus Quest_Android
75.717,13.603,17097,Oculus Quest_Android
75.724,19.722,17102,Oculus Quest_Android
75.735,10.798,17104,Oculus Quest_Android
75.748,11.614,17107,Oculus Quest_Android
75.761,13.773,17110,Oculus Quest_Android
75.775,13.803,17114,Oculus Quest_Android
75.788,14.240,17117,Oculus Quest_Android
75.803,14.266,17121,Oculus Quest_Android
75.817,13.708,17124,Oculus Quest_Android
75.830,13.391,17127,Oculus Quest_Android
75.854,13.777,17131,Oculus Quest_Android
75.861,17.511,17135,Oculus Quest_Android
75.871,10.061,17137,Oculus Quest_Android
75.886,14.621,17141,Oculus Quest_Android
75.899,13.424,17144,Oculus Quest_Android
75.914,13.939,17147,Oculus Quest_Android
75.927,14.066,17151,Oculus Quest_Android
75.941,13.714,17154,Oculus Quest_Android
75.955,13.991,17158,Oculus Quest_Android
75.969,13.848,17161,Oculus Quest_Android
75.992,14.121,17164,Oculus Quest_Android
75.999,16.465,17168,Oculus Quest_Android
76.011,11.021,17171,Oculus Quest_Android
76.024,14.020,17174,Oculus Quest_Android
76.038,13.618,17178,Oculus Quest_Android
76.053,14.226,17181,Oculus Quest_Android
76.067,13.787,17185,Oculus Quest_Android
76.081,14.039,17188,Oculus Quest_Android
76.094,13.428,17191,Oculus Quest_Android
76.109,14.503,17195,Oculus Quest_Android
76.132,13.945,17198,Oculus Quest_Android
76.140,17.638,17202,Oculus Quest_Android
76.150,10.210,17205,Oculus Quest_Android
76.163,13.353,17208,Oculus Quest_Android
76.178,13.693,17211,Oculus Quest_Android
76.192,14.277,17215,Oculus Quest_Android
76.215,13.718,17218,Oculus Quest_Android
76.231,17.293,17222,Oculus Quest_Android
76.246,15.431,17226,Oculus Quest_Android
76.262,15.754,17230,Oculus Quest_Android
76.277,15.249,17234,Oculus Quest_Android
76.293,15.401,17237,Oculus Quest_Android
76.309,15.974,17241,Oculus Quest_Android
76.325,16.835,17245,Oculus Quest_Android
76.340,15.002,17249,Oculus Quest_Android
76.357,15.747,17253,Oculus Quest_Android
76.373,17.091,17257,Oculus Quest_Android
76.389,15.823,17261,Oculus Quest_Android
76.404,15.047,17264,Oculus Quest_Android
76.421,15.710,17268,Oculus Quest_Android
76.437,16.690,17272,Oculus Quest_Android
76.458,16.771,17276,Oculus Quest_Android
76.477,20.899,17281,Oculus Quest_Android
76.495,18.338,17286,Oculus Quest_Android
76.512,17.783,17290,Oculus Quest_Android
76.530,17.281,17294,Oculus Quest_Android
76.548,17.724,17299,Oculus Quest_Android
76.566,18.881,17303,Oculus Quest_Android
76.583,17.028,17307,Oculus Quest_Android
76.600,17.406,17312,Oculus Quest_Android
76.619,17.476,17316,Oculus Quest_Android
76.636,18.369,17320,Oculus Quest_Android
76.653,17.010,17324,Oculus Quest_Android
76.671,17.249,17329,Oculus Quest_Android
76.689,18.464,17333,Oculus Quest_Android
76.706,18.070,17337,Oculus Quest_Android
76.725,17.142,17342,Oculus Quest_Android
76.743,18.245,17346,Oculus Quest_Android
76.761,18.340,17350,Oculus Quest_Android
76.778,17.588,17355,Oculus Quest_Android
76.796,17.537,17359,Oculus Quest_Android
76.815,18.358,17363,Oculus Quest_Android
76.832,18.408,17368,Oculus Quest_Android
76.851,17.111,17372,Oculus Quest_Android
76.869,19.078,17376,Oculus Quest_Android
76.887,17.563,17381,Oculus Quest_Android
76.905,18.251,17385,Oculus Quest_Android
76.924,18.276,17389,Oculus Quest_Android
76.943,19.525,17394,Oculus Quest_Android
76.962,17.987,17398,Oculus Quest_Android
76.980,19.298,17403,Oculus Quest_Android
76.997,17.494,17407,Oculus Quest_Android
77.015,17.155,17411,Oculus Quest_Android
77.034,18.621,17416,Oculus Quest_Android
77.056,18.549,17420,Oculus Quest_Android
77.065,22.382,17426,Oculus Quest_Android
77.073,8.927,17428,Oculus Quest_Android
77.081,8.252,17430,Oculus Quest_Android
77.094,13.247,17433,Oculus Quest_Android
77.108,13.772,17436,Oculus Quest_Android
77.122,13.770,17439,Oculus Quest_Android
77.137,14.032,17443,Oculus Quest_Android
77.155,17.568,17447,Oculus Quest_Android
77.190,10.649,17450,Oculus Quest_Android
77.213,33.553,17458,Oculus Quest_Android
77.237,23.850,17463,Oculus Quest_Android
77.255,22.930,17469,Oculus Quest_Android
77.273,18.592,17473,Oculus Quest_Android
77.291,17.127,17477,Oculus Quest_Android
77.309,18.296,17482,Oculus Quest_Android
77.327,18.659,17486,Oculus Quest_Android
77.344,17.703,17491,Oculus Quest_Android
77.361,17.168,17495,Oculus Quest_Android
77.378,16.710,17499,Oculus Quest_Android
77.396,17.122,17503,Oculus Quest_Android
77.413,17.270,17507,Oculus Quest_Android
77.432,17.267,17511,Oculus Quest_Android
77.454,19.494,17516,Oculus Quest_Android
77.470,21.469,17521,Oculus Quest_Android
77.486,15.852,17525,Oculus Quest_Android
77.502,16.194,17529,Oculus Quest_Android
77.518,16.259,17533,Oculus Quest_Android
77.534,16.353,17536,Oculus Quest_Android
77.550,15.124,17540,Oculus Quest_Android
77.566,16.010,17544,Oculus Quest_Android
77.581,15.648,17548,Oculus Quest_Android
77.596,15.818,17551,Oculus Quest_Android
77.613,15.128,17555,Oculus Quest_Android
77.628,16.237,17559,Oculus Quest_Android
77.644,16.032,17563,Oculus Quest_Android
77.660,15.732,17567,Oculus Quest_Android
77.675,15.774,17570,Oculus Quest_Android
77.691,15.383,17574,Oculus Quest_Android
77.707,15.896,17578,Oculus Quest_Android
77.723,15.392,17582,Oculus Quest_Android
77.739,15.802,17585,Oculus Quest_Android
77.755,16.349,17589,Oculus Quest_Android
77.771,16.654,17593,Oculus Quest_Android
77.787,15.408,17597,Oculus Quest_Android
77.793,15.561,17601,Oculus Quest_Android
77.801,7.861,17603,Oculus Quest_Android
77.825,14.584,17606,Oculus Quest_Android
77.841,16.436,17610,Oculus Quest_Android
77.856,15.409,17614,Oculus Quest_Android
77.872,15.500,17617,Oculus Quest_Android
77.888,15.221,17621,Oculus Quest_Android
77.904,16.638,17625,Oculus Quest_Android
77.920,15.643,17629,Oculus Quest_Android
77.935,16.014,17632,Oculus Quest_Android
77.952,16.097,17636,Oculus Quest_Android
77.968,16.277,17640,Oculus Quest_Android
77.984,15.427,17644,Oculus Quest_Android
77.999,16.058,17648,Oculus Quest_Android
78.015,15.451,17651,Oculus Quest_Android
78.033,16.437,17655,Oculus Quest_Android
78.049,17.275,17659,Oculus Quest_Android
78.065,16.396,17663,Oculus Quest_Android
78.082,15.667,17667,Oculus Quest_Android
78.099,17.357,17671,Oculus Quest_Android
78.117,17.442,17675,Oculus Quest_Android
78.132,17.100,17679,Oculus Quest_Android
78.148,15.632,17683,Oculus Quest_Android
78.164,15.713,17687,Oculus Quest_Android
78.180,15.494,17690,Oculus Quest_Android
78.196,16.217,17694,Oculus Quest_Android
78.213,16.148,17698,Oculus Quest_Android
78.229,16.849,17702,Oculus Quest_Android
78.245,15.951,17706,Oculus Quest_Android
78.261,16.142,17710,Oculus Quest_Android
78.277,15.382,17713,Oculus Quest_Android
78.293,16.425,17717,Oculus Quest_Android
78.309,16.380,17721,Oculus Quest_Android
78.324,15.796,17725,Oculus Quest_Android
78.340,15.517,17729,Oculus Quest_Android
78.356,15.584,17732,Oculus Quest_Android
78.372,16.210,17736,Oculus Quest_Android
78.387,15.246,17740,Oculus Quest_Android
78.402,15.488,17743,Oculus Quest_Android
78.418,14.709,17747,Oculus Quest_Android
78.434,16.537,17751,Oculus Quest_Android
78.450,15.803,17755,Oculus Quest_Android
78.466,15.955,17758,Oculus Quest_Android
78.481,15.508,17762,Oculus Quest_Android
78.496,15.339,17766,Oculus Quest_Android
78.511,15.220,17769,Oculus Quest_Android
78.527,15.793,17773,Oculus Quest_Android
78.543,15.004,17777,Oculus Quest_Android
78.559,15.613,17780,Oculus Quest_Android
78.574,16.376,17784,Oculus Quest_Android
78.590,15.451,17788,Oculus Quest_Android
78.605,15.699,17792,Oculus Quest_Android
78.621,15.275,17795,Oculus Quest_Android
78.636,15.361,17799,Oculus Quest_Android
78.652,14.919,17802,Oculus Quest_Android
78.668,16.401,17806,Oculus Quest_Android
78.685,16.301,17810,Oculus Quest_Android
78.702,17.597,17814,Oculus Quest_Android
78.718,15.510,17818,Oculus Quest_Android
78.734,16.593,17822,Oculus Quest_Android
78.750,16.173,17826,Oculus Quest_Android
78.767,16.269,17830,Oculus Quest_Android
78.783,16.130,17834,Oculus Quest_Android
78.798,16.252,17838,Oculus Quest_Android
78.813,14.922,17841,Oculus Quest_Android
78.829,15.585,17845,Oculus Quest_Android
78.844,15.258,17848,Oculus Quest_Android
78.859,15.065,17852,Oculus Quest_Android
78.874,15.104,17856,Oculus Quest_Android
78.891,15.673,17859,Oculus Quest_Android
78.907,16.416,17863,Oculus Quest_Android
78.923,16.106,17867,Oculus Quest_Android
78.939,16.034,17871,Oculus Quest_Android
78.954,15.466,17875,Oculus Quest_Android
78.969,15.272,17879,Oculus Quest_Android
78.984,15.179,17882,Oculus Quest_Android
78.999,15.606,17886,Oculus Quest_Android
79.015,14.793,17889,Oculus Quest_Android
79.031,16.199,17893,Oculus Quest_Android
79.046,15.354,17897,Oculus Quest_Android
79.063,15.693,17901,Oculus Quest_Android
79.078,15.822,17905,Oculus Quest_Android
79.095,15.741,17908,Oculus Quest_Android
79.111,16.412,17912,Oculus Quest_Android
79.126,15.758,17916,Oculus Quest_Android
79.142,15.788,17920,Oculus Quest_Android
79.159,16.554,17924,Oculus Quest_Android
79.175,15.949,17928,Oculus Quest_Android
79.191,16.128,17932,Oculus Quest_Android
79.207,16.040,17935,Oculus Quest_Android
79.224,16.293,17939,Oculus Quest_Android
79.241,16.841,17943,Oculus Quest_Android
79.257,16.983,17947,Oculus Quest_Android
79.273,15.621,17951,Oculus Quest_Android
79.288,16.257,17955,Oculus Quest_Android
79.304,15.650,17959,Oculus Quest_Android
79.321,15.502,17963,Oculus Quest_Android
79.337,17.005,17967,Oculus Quest_Android
79.354,16.909,17971,Oculus Quest_Android
79.369,16.327,17975,Oculus Quest_Android
79.386,15.239,17978,Oculus Quest_Android
79.401,16.354,17982,Oculus Quest_Android
79.417,14.771,17986,Oculus Quest_Android
79.424,16.196,17990,Oculus Quest_Android
79.430,6.922,17991,Oculus Quest_Android
79.451,10.272,17994,Oculus Quest_Android
79.466,16.756,17998,Oculus Quest_Android
79.481,15.196,18001,Oculus Quest_Android
79.487,14.983,18005,Oculus Quest_Android
79.496,8.044,18007,Oculus Quest_Android
79.510,13.870,18010,Oculus Quest_Android
79.524,13.970,18014,Oculus Quest_Android
79.547,13.809,18017,Oculus Quest_Android
79.563,16.957,18021,Oculus Quest_Android
79.579,15.594,18025,Oculus Quest_Android
79.594,16.000,18029,Oculus Quest_Android
79.610,14.864,18032,Oculus Quest_Android
79.626,15.957,18036,Oculus Quest_Android
79.642,16.360,18040,Oculus Quest_Android
79.658,16.167,18044,Oculus Quest_Android
79.674,16.173,18048,Oculus Quest_Android
79.690,15.507,18051,Oculus Quest_Android
79.706,16.289,18055,Oculus Quest_Android
79.722,15.462,18059,Oculus Quest_Android
79.738,15.725,18063,Oculus Quest_Android
79.754,16.008,18067,Oculus Quest_Android
79.770,17.214,18071,Oculus Quest_Android
79.777,15.178,18074,Oculus Quest_Android
79.788,10.808,18077,Oculus Quest_Android
79.802,13.937,18080,Oculus Quest_Android
79.816,14.028,18084,Oculus Quest_Android
79.830,13.659,18087,Oculus Quest_Android
79.844,14.014,18090,Oculus Quest_Android
79.857,13.859,18094,Oculus Quest_Android
79.871,14.419,18097,Oculus Quest_Android
79.886,13.419,18100,Oculus Quest_Android
79.908,13.804,18104,Oculus Quest_Android
79.915,16.603,18108,Oculus Quest_Android
79.927,11.126,18110,Oculus Quest_Android
79.941,14.231,18114,Oculus Quest_Android
79.955,14.076,18117,Oculus Quest_Android
79.969,13.268,18120,Oculus Quest_Android
79.982,14.356,18124,Oculus Quest_Android
80.005,13.582,18127,Oculus Quest_Android
80.021,16.413,18131,Oculus Quest_Android
80.037,15.832,18135,Oculus Quest_Android
80.052,14.854,18138,Oculus Quest_Android
80.068,16.078,18142,Oculus Quest_Android
80.084,15.406,18146,Oculus Quest_Android
80.100,16.681,18150,Oculus Quest_Android
80.108,16.207,18154,Oculus Quest_Android
80.130,13.824,18157,Oculus Quest_Android
80.151,16.169,18161,Oculus Quest_Android
80.173,21.265,18166,Oculus Quest_Android
80.185,24.729,18172,Oculus Quest_Android
80.194,10.464,18175,Oculus Quest_Android
80.222,11.023,18177,Oculus Quest_Android
80.230,24.037,18183,Oculus Quest_Android
80.249,8.291,18185,Oculus Quest_Android
80.267,18.690,18189,Oculus Quest_Android
80.287,18.273,18194,Oculus Quest_Android
80.306,20.268,18199,Oculus Quest_Android
80.324,18.030,18203,Oculus Quest_Android
80.345,19.990,18208,Oculus Quest_Android
80.363,20.141,18213,Oculus Quest_Android
80.382,19.216,18217,Oculus Quest_Android
80.399,17.572,18221,Oculus Quest_Android
80.419,16.017,18225,Oculus Quest_Android
80.436,21.008,18230,Oculus Quest_Android
80.454,16.960,18234,Oculus Quest_Android
80.469,17.187,18239,Oculus Quest_Android
80.485,15.529,18242,Oculus Quest_Android
80.502,15.940,18246,Oculus Quest_Android
80.519,16.951,18250,Oculus Quest_Android
80.535,17.439,18254,Oculus Quest_Android
80.552,15.435,18258,Oculus Quest_Android
80.568,16.941,18262,Oculus Quest_Android
80.583,15.185,18266,Oculus Quest_Android
80.599,15.717,18270,Oculus Quest_Android
80.615,15.718,18273,Oculus Quest_Android
80.631,16.979,18277,Oculus Quest_Android
80.647,15.803,18281,Oculus Quest_Android
80.662,15.632,18285,Oculus Quest_Android
80.677,15.119,18289,Oculus Quest_Android
80.693,15.276,18292,Oculus Quest_Android
80.710,16.065,18296,Oculus Quest_Android
80.726,16.929,18300,Oculus Quest_Android
80.742,16.227,18304,Oculus Quest_Android
80.758,15.828,18308,Oculus Quest_Android
80.776,15.706,18312,Oculus Quest_Android
80.792,17.934,18316,Oculus Quest_Android
80.808,15.356,18320,Oculus Quest_Android
80.824,16.631,18324,Oculus Quest_Android
80.841,16.716,18328,Oculus Quest_Android
80.856,15.698,18332,Oculus Quest_Android
80.871,15.334,18335,Oculus Quest_Android
80.887,15.013,18339,Oculus Quest_Android
80.903,16.195,18343,Oculus Quest_Android
80.919,15.349,18347,Oculus Quest_Android
80.935,16.985,18351,Oculus Quest_Android
80.952,15.708,18355,Oculus Quest_Android
80.968,16.996,18359,Oculus Quest_Android
80.983,15.465,18362,Oculus Quest_Android
80.999,15.904,18366,Oculus Quest_Android
81.007,15.683,18370,Oculus Quest_Android
81.014,7.803,18372,Oculus Quest_Android
81.024,10.334,18374,Oculus Quest_Android
81.047,13.424,18378,Oculus Quest_Android
81.063,16.414,18382,Oculus Quest_Android
81.069,15.349,18385,Oculus Quest_Android
81.080,10.284,18388,Oculus Quest_Android
81.094,14.050,18391,Oculus Quest_Android
81.109,13.678,18395,Oculus Quest_Android
81.122,13.950,18398,Oculus Quest_Android
81.145,13.922,18401,Oculus Quest_Android
81.153,16.979,18405,Oculus Quest_Android
81.163,10.887,18408,Oculus Quest_Android
81.186,13.258,18411,Oculus Quest_Android
81.193,16.962,18415,Oculus Quest_Android
81.204,10.766,18418,Oculus Quest_Android
81.219,14.623,18422,Oculus Quest_Android
81.241,13.274,18425,Oculus Quest_Android
81.258,16.699,18429,Oculus Quest_Android
81.264,15.743,18433,Oculus Quest_Android
81.274,9.377,18435,Oculus Quest_Android
81.288,14.328,18438,Oculus Quest_Android
81.302,13.279,18442,Oculus Quest_Android
81.316,14.612,18445,Oculus Quest_Android
81.338,13.174,18448,Oculus Quest_Android
81.345,16.009,18452,Oculus Quest_Android
81.366,11.843,18455,Oculus Quest_Android
81.383,16.221,18459,Oculus Quest_Android
81.400,17.221,18463,Oculus Quest_Android
81.416,16.317,18467,Oculus Quest_Android
81.433,16.482,18471,Oculus Quest_Android
81.453,16.161,18475,Oculus Quest_Android
81.469,21.043,18480,Oculus Quest_Android
81.486,15.306,18484,Oculus Quest_Android
81.503,17.576,18488,Oculus Quest_Android
81.519,16.255,18492,Oculus Quest_Android
81.534,16.264,18496,Oculus Quest_Android
81.550,15.179,18500,Oculus Quest_Android
81.565,15.995,18504,Oculus Quest_Android
81.581,15.095,18507,Oculus Quest_Android
81.597,15.398,18511,Oculus Quest_Android
81.612,15.589,18515,Oculus Quest_Android
81.628,15.710,18519,Oculus Quest_Android
81.645,16.782,18523,Oculus Quest_Android
81.660,15.851,18527,Oculus Quest_Android
81.675,15.480,18530,Oculus Quest_Android
81.692,15.289,18534,Oculus Quest_Android
81.708,16.489,18538,Oculus Quest_Android
81.724,16.103,18542,Oculus Quest_Android
81.741,16.572,18546,Oculus Quest_Android
81.758,17.467,18550,Oculus Quest_Android
81.774,16.580,18554,Oculus Quest_Android
81.789,15.500,18558,Oculus Quest_Android
81.805,14.969,18561,Oculus Quest_Android
81.821,15.335,18565,Oculus Quest_Android
81.837,16.317,18569,Oculus Quest_Android
81.853,16.220,18573,Oculus Quest_Android
81.868,15.956,18577,Oculus Quest_Android
81.884,15.177,18580,Oculus Quest_Android
81.899,16.129,18584,Oculus Quest_Android
81.915,15.034,18588,Oculus Quest_Android
81.931,15.724,18592,Oculus Quest_Android
81.947,15.880,18595,Oculus Quest_Android
81.963,16.405,18599,Oculus Quest_Android
81.970,16.146,18603,Oculus Quest_Android
81.983,12.251,18606,Oculus Quest_Android
81.996,13.549,18610,Oculus Quest_Android
82.011,13.740,18613,Oculus Quest_Android
82.024,13.904,18616,Oculus Quest_Android
82.038,14.191,18620,Oculus Quest_Android
82.054,13.751,18623,Oculus Quest_Android
82.066,13.848,18626,Oculus Quest_Android
82.081,14.225,18630,Oculus Quest_Android
82.103,13.602,18633,Oculus Quest_Android
82.110,16.281,18637,Oculus Quest_Android
82.121,11.206,18639,Oculus Quest_Android
82.135,13.880,18643,Oculus Quest_Android
82.150,14.109,18646,Oculus Quest_Android
82.164,13.801,18649,Oculus Quest_Android
82.177,13.802,18653,Oculus Quest_Android
82.201,14.397,18656,Oculus Quest_Android
82.217,16.396,18660,Oculus Quest_Android
82.232,16.351,18664,Oculus Quest_Android
82.247,15.407,18668,Oculus Quest_Android
82.263,15.298,18671,Oculus Quest_Android
82.279,15.407,18675,Oculus Quest_Android
82.295,16.283,18679,Oculus Quest_Android
82.311,16.123,18683,Oculus Quest_Android
82.326,15.466,18687,Oculus Quest_Android
82.342,15.577,18690,Oculus Quest_Android
82.358,15.926,18694,Oculus Quest_Android
82.374,16.058,18698,Oculus Quest_Android
82.389,15.419,18702,Oculus Quest_Android
82.405,15.579,18706,Oculus Quest_Android
82.423,16.638,18710,Oculus Quest_Android
82.440,17.270,18714,Oculus Quest_Android
82.448,16.992,18718,Oculus Quest_Android
82.457,8.329,18720,Oculus Quest_Android
82.468,12.818,18723,Oculus Quest_Android
82.483,13.974,18726,Oculus Quest_Android
82.496,13.678,18729,Oculus Quest_Android
82.510,13.874,18733,Oculus Quest_Android
82.524,14.105,18736,Oculus Quest_Android
82.538,13.838,18739,Oculus Quest_Android
82.552,13.979,18743,Oculus Quest_Android
82.575,13.777,18746,Oculus Quest_Android
82.581,16.040,18750,Oculus Quest_Android
82.602,11.536,18753,Oculus Quest_Android
82.619,16.334,18757,Oculus Quest_Android
82.634,16.215,18761,Oculus Quest_Android
82.649,15.112,18764,Oculus Quest_Android
82.665,15.621,18768,Oculus Quest_Android
82.680,15.158,18772,Oculus Quest_Android
82.687,15.716,18775,Oculus Quest_Android
82.694,6.928,18777,Oculus Quest_Android
82.704,10.058,18779,Oculus Quest_Android
82.719,14.197,18783,Oculus Quest_Android
82.732,13.670,18786,Oculus Quest_Android
82.747,14.263,18790,Oculus Quest_Android
82.769,13.616,18793,Oculus Quest_Android
82.786,17.063,18797,Oculus Quest_Android
82.801,15.459,18801,Oculus Quest_Android
82.816,14.994,18804,Oculus Quest_Android
82.833,16.106,18808,Oculus Quest_Android
82.849,15.854,18812,Oculus Quest_Android
82.865,16.346,18816,Oculus Quest_Android
82.872,16.291,18819,Oculus Quest_Android
82.886,12.944,18823,Oculus Quest_Android
82.899,13.904,18826,Oculus Quest_Android
82.913,13.924,18829,Oculus Quest_Android
82.927,13.813,18832,Oculus Quest_Android
82.941,13.678,18836,Oculus Quest_Android
82.955,14.173,18839,Oculus Quest_Android
82.969,13.741,18842,Oculus Quest_Android
82.983,14.064,18846,Oculus Quest_Android
83.005,13.655,18849,Oculus Quest_Android
83.013,16.445,18853,Oculus Quest_Android
83.025,11.796,18856,Oculus Quest_Android
83.038,13.589,18859,Oculus Quest_Android
83.052,13.948,18862,Oculus Quest_Android
83.066,13.746,18865,Oculus Quest_Android
83.081,14.394,18869,Oculus Quest_Android
83.094,13.526,18872,Oculus Quest_Android
83.108,13.634,18875,Oculus Quest_Android
83.121,14.177,18879,Oculus Quest_Android
83.148,14.340,18882,Oculus Quest_Android
83.155,19.225,18887,Oculus Quest_Android
83.164,8.390,18889,Oculus Quest_Android
83.178,13.683,18892,Oculus Quest_Android
83.193,14.274,18895,Oculus Quest_Android
83.206,13.354,18898,Oculus Quest_Android
83.220,14.213,18902,Oculus Quest_Android
83.233,13.723,18905,Oculus Quest_Android
83.247,13.892,18908,Oculus Quest_Android
83.261,13.937,18912,Oculus Quest_Android
83.286,14.231,18915,Oculus Quest_Android
83.293,18.407,18919,Oculus Quest_Android
83.302,9.111,18922,Oculus Quest_Android
83.317,14.460,18925,Oculus Quest_Android
83.330,13.503,18928,Oculus Quest_Android
83.344,13.561,18931,Oculus Quest_Android
83.358,14.081,18935,Oculus Quest_Android
83.372,13.664,18938,Oculus Quest_Android
83.386,14.317,18941,Oculus Quest_Android
83.399,13.364,18945,Oculus Quest_Android
83.422,13.968,18948,Oculus Quest_Android
83.429,16.287,18952,Oculus Quest_Android
83.442,12.093,18955,Oculus Quest_Android
83.455,13.600,18958,Oculus Quest_Android
83.469,13.827,18961,Oculus Quest_Android
83.483,13.868,18965,Oculus Quest_Android
83.497,13.653,18968,Oculus Quest_Android
83.511,14.153,18971,Oculus Quest_Android
83.525,14.082,18974,Oculus Quest_Android
83.538,13.323,18978,Oculus Quest_Android
83.563,14.302,18981,Oculus Quest_Android
83.570,18.211,18985,Oculus Quest_Android
83.580,9.244,18988,Oculus Quest_Android
83.593,13.918,18991,Oculus Quest_Android
83.608,13.853,18994,Oculus Quest_Android
83.622,14.291,18998,Oculus Quest_Android
83.635,13.453,19001,Oculus Quest_Android
83.660,14.149,19004,Oculus Quest_Android
83.677,18.040,19008,Oculus Quest_Android
83.695,17.151,19012,Oculus Quest_Android
83.712,17.331,19017,Oculus Quest_Android
83.730,18.168,19021,Oculus Quest_Android
83.748,16.800,19025,Oculus Quest_Android
83.765,18.120,19029,Oculus Quest_Android
83.784,17.828,19033,Oculus Quest_Android
83.802,18.608,19038,Oculus Quest_Android
83.820,17.541,19042,Oculus Quest_Android
83.839,18.250,19047,Oculus Quest_Android
83.857,18.918,19051,Oculus Quest_Android
83.876,18.608,19056,Oculus Quest_Android
83.896,18.843,19060,Oculus Quest_Android
83.913,19.651,19065,Oculus Quest_Android
83.931,17.251,19069,Oculus Quest_Android
83.950,17.663,19073,Oculus Quest_Android
83.967,19.135,19078,Oculus Quest_Android
83.985,17.076,19082,Oculus Quest_Android
84.001,17.471,19086,Oculus Quest_Android
84.018,16.538,19090,Oculus Quest_Android
84.033,17.207,19094,Oculus Quest_Android
84.049,14.916,19098,Oculus Quest_Android
84.064,15.683,19101,Oculus Quest_Android
84.080,15.237,19105,Oculus Quest_Android
84.095,15.440,19109,Oculus Quest_Android
84.111,15.567,19113,Oculus Quest_Android
84.127,15.618,19116,Oculus Quest_Android
84.144,15.679,19120,Oculus Quest_Android
84.160,17.251,19124,Oculus Quest_Android
84.175,15.803,19128,Oculus Quest_Android
84.190,15.289,19132,Oculus Quest_Android
84.205,15.225,19135,Oculus Quest_Android
84.221,14.754,19139,Oculus Quest_Android
84.237,15.846,19143,Oculus Quest_Android
84.253,16.047,19147,Oculus Quest_Android
84.268,16.024,19150,Oculus Quest_Android
84.275,15.455,19154,Oculus Quest_Android
84.287,12.308,19157,Oculus Quest_Android
84.301,13.690,19160,Oculus Quest_Android
84.315,14.108,19164,Oculus Quest_Android
84.330,14.228,19167,Oculus Quest_Android
84.344,13.601,19170,Oculus Quest_Android
84.357,13.844,19174,Oculus Quest_Android
84.371,13.856,19177,Oculus Quest_Android
84.394,14.026,19180,Oculus Quest_Android
84.400,15.800,19184,Oculus Quest_Android
84.413,11.826,19187,Oculus Quest_Android
84.427,14.100,19190,Oculus Quest_Android
84.450,13.536,19194,Oculus Quest_Android
84.466,16.972,19198,Oculus Quest_Android
84.482,15.594,19201,Oculus Quest_Android
84.497,15.907,19205,Oculus Quest_Android
84.514,15.571,19209,Oculus Quest_Android
84.521,16.463,19213,Oculus Quest_Android
84.528,7.075,19215,Oculus Quest_Android
84.538,9.728,19217,Oculus Quest_Android
84.552,14.387,19220,Oculus Quest_Android
84.565,13.262,19224,Oculus Quest_Android
84.580,14.392,19227,Oculus Quest_Android
84.604,14.214,19231,Oculus Quest_Android
84.621,17.159,19235,Oculus Quest_Android
84.636,16.646,19239,Oculus Quest_Android
84.652,15.432,19242,Oculus Quest_Android
84.667,15.470,19246,Oculus Quest_Android
84.683,15.561,19250,Oculus Quest_Android
84.699,16.993,19254,Oculus Quest_Android
84.715,15.365,19258,Oculus Quest_Android
84.730,15.695,19261,Oculus Quest_Android
84.746,14.956,19265,Oculus Quest_Android
84.762,16.006,19269,Oculus Quest_Android
84.777,15.935,19273,Oculus Quest_Android
84.793,15.099,19276,Oculus Quest_Android
84.809,15.465,19280,Oculus Quest_Android
84.825,16.658,19284,Oculus Quest_Android
84.840,15.734,19288,Oculus Quest_Android
84.856,15.630,19291,Oculus Quest_Android
84.871,15.081,19295,Oculus Quest_Android
84.887,15.059,19299,Oculus Quest_Android
84.903,16.563,19303,Oculus Quest_Android
84.919,14.968,19306,Oculus Quest_Android
84.935,16.496,19310,Oculus Quest_Android
84.951,15.708,19314,Oculus Quest_Android
84.966,16.172,19318,Oculus Quest_Android
84.982,15.761,19322,Oculus Quest_Android
84.997,15.531,19325,Oculus Quest_Android
85.013,15.419,19329,Oculus Quest_Android
85.030,16.163,19333,Oculus Quest_Android
85.036,15.979,19337,Oculus Quest_Android
85.043,6.924,19338,Oculus Quest_Android
85.052,8.521,19340,Oculus Quest_Android
85.065,13.176,19344,Oculus Quest_Android
85.081,14.598,19347,Oculus Quest_Android
85.093,13.705,19350,Oculus Quest_Android
85.116,13.646,19354,Oculus Quest_Android
85.123,16.451,19358,Oculus Quest_Android
85.135,11.065,19360,Oculus Quest_Android
85.149,14.003,19364,Oculus Quest_Android
85.163,14.132,19367,Oculus Quest_Android
85.177,13.692,19370,Oculus Quest_Android
85.191,14.172,19374,Oculus Quest_Android
85.204,13.684,19377,Oculus Quest_Android
85.227,14.277,19380,Oculus Quest_Android
85.244,15.964,19384,Oculus Quest_Android
85.250,16.028,19388,Oculus Quest_Android
85.260,9.213,19390,Oculus Quest_Android
85.274,13.899,19394,Oculus Quest_Android
85.288,14.162,19397,Oculus Quest_Android
85.301,13.477,19400,Oculus Quest_Android
85.316,14.429,19404,Oculus Quest_Android
85.329,13.401,19407,Oculus Quest_Android
85.343,13.952,19410,Oculus Quest_Android
85.358,14.202,19414,Oculus Quest_Android
85.383,14.259,19417,Oculus Quest_Android
85.389,18.243,19422,Oculus Quest_Android
85.398,8.855,19424,Oculus Quest_Android
85.413,14.083,19427,Oculus Quest_Android
85.427,14.163,19430,Oculus Quest_Android
85.441,13.443,19434,Oculus Quest_Android
85.454,14.316,19437,Oculus Quest_Android
85.469,13.923,19440,Oculus Quest_Android
85.483,13.652,19444,Oculus Quest_Android
85.496,13.702,19447,Oculus Quest_Android
85.520,13.856,19450,Oculus Quest_Android
85.527,17.335,19455,Oculus Quest_Android
85.538,10.891,19457,Oculus Quest_Android
85.552,14.128,19461,Oculus Quest_Android
85.566,13.633,19464,Oculus Quest_Android
85.580,13.941,19467,Oculus Quest_Android
85.594,13.842,19470,Oculus Quest_Android
85.609,14.382,19474,Oculus Quest_Android
85.622,13.470,19477,Oculus Quest_Android
85.636,13.767,19480,Oculus Quest_Android
85.663,14.117,19484,Oculus Quest_Android
85.672,21.580,19489,Oculus Quest_Android
85.683,11.510,19492,Oculus Quest_Android
85.691,8.352,19494,Oculus Quest_Android
85.705,13.742,19497,Oculus Quest_Android
85.719,14.169,19500,Oculus Quest_Android
85.732,13.550,19504,Oculus Quest_Android
85.747,14.347,19507,Oculus Quest_Android
85.761,13.745,19510,Oculus Quest_Android
85.774,13.720,19514,Oculus Quest_Android
85.799,14.056,19517,Oculus Quest_Android
85.806,17.916,19521,Oculus Quest_Android
85.816,9.901,19524,Oculus Quest_Android
85.830,13.675,19527,Oculus Quest_Android
85.844,14.045,19530,Oculus Quest_Android
85.857,13.854,19534,Oculus Quest_Android
85.871,13.801,19537,Oculus Quest_Android
85.886,14.141,19540,Oculus Quest_Android
85.900,13.951,19544,Oculus Quest_Android
85.914,13.766,19547,Oculus Quest_Android
85.937,14.054,19550,Oculus Quest_Android
85.945,17.652,19554,Oculus Quest_Android
85.955,9.810,19557,Oculus Quest_Android
85.969,13.797,19560,Oculus Quest_Android
85.983,14.339,19563,Oculus Quest_Android
85.996,13.451,19567,Oculus Quest_Android
86.011,14.522,19570,Oculus Quest_Android
86.025,14.003,19573,Oculus Quest_Android
86.038,13.068,19576,Oculus Quest_Android
86.063,14.146,19580,Oculus Quest_Android
86.081,18.208,19584,Oculus Quest_Android
86.098,17.782,19588,Oculus Quest_Android
86.116,17.412,19592,Oculus Quest_Android
86.134,18.196,19597,Oculus Quest_Android
86.158,18.303,19601,Oculus Quest_Android
86.179,24.452,19607,Oculus Quest_Android
86.199,20.411,19612,Oculus Quest_Android
86.220,20.639,19617,Oculus Quest_Android
86.241,20.300,19622,Oculus Quest_Android
86.265,22.092,19627,Oculus Quest_Android
86.295,22.877,19632,Oculus Quest_Android
86.315,30.083,19639,Oculus Quest_Android
86.335,19.750,19644,Oculus Quest_Android
86.357,20.111,19649,Oculus Quest_Android
86.375,21.529,19654,Oculus Quest_Android
86.392,17.779,19658,Oculus Quest_Android
86.412,17.109,19662,Oculus Quest_Android
86.428,20.056,19667,Oculus Quest_Android
86.446,16.403,19671,Oculus Quest_Android
86.462,17.529,19675,Oculus Quest_Android
86.479,15.984,19679,Oculus Quest_Android
86.496,16.900,19683,Oculus Quest_Android
86.513,17.105,19687,Oculus Quest_Android
86.528,16.616,19691,Oculus Quest_Android
86.544,15.720,19695,Oculus Quest_Android
86.561,16.601,19699,Oculus Quest_Android
86.576,16.047,19702,Oculus Quest_Android
86.592,15.361,19706,Oculus Quest_Android
86.598,15.168,19710,Oculus Quest_Android
86.607,8.296,19712,Oculus Quest_Android
86.621,14.370,19715,Oculus Quest_Android
86.635,13.404,19718,Oculus Quest_Android
86.649,14.396,19722,Oculus Quest_Android
86.662,13.381,19725,Oculus Quest_Android
86.677,13.996,19728,Oculus Quest_Android
86.690,14.028,19731,Oculus Quest_Android
86.704,13.701,19735,Oculus Quest_Android
86.727,14.200,19738,Oculus Quest_Android
86.743,15.716,19742,Oculus Quest_Android
86.759,16.189,19746,Oculus Quest_Android
86.775,16.066,19749,Oculus Quest_Android
86.791,16.168,19753,Oculus Quest_Android
86.808,16.208,19757,Oculus Quest_Android
86.825,16.866,19761,Oculus Quest_Android
86.841,16.611,19765,Oculus Quest_Android
86.858,16.156,19769,Oculus Quest_Android
86.874,16.785,19773,Oculus Quest_Android
86.891,16.320,19777,Oculus Quest_Android
86.907,16.664,19781,Oculus Quest_Android
86.923,16.140,19785,Oculus Quest_Android
86.939,16.000,19788,Oculus Quest_Android
86.954,15.453,19792,Oculus Quest_Android
86.970,15.531,19796,Oculus Quest_Android
86.985,15.490,19799,Oculus Quest_Android
87.001,15.809,19803,Oculus Quest_Android
87.018,16.148,19807,Oculus Quest_Android
87.034,16.725,19811,Oculus Quest_Android
87.052,15.618,19815,Oculus Quest_Android
87.068,18.176,19819,Oculus Quest_Android
87.085,16.375,19823,Oculus Quest_Android
87.101,16.453,19827,Oculus Quest_Android
87.116,15.820,19831,Oculus Quest_Android
87.132,15.905,19834,Oculus Quest_Android
87.147,14.920,19838,Oculus Quest_Android
87.163,15.803,19842,Oculus Quest_Android
87.179,15.263,19845,Oculus Quest_Android
87.194,15.845,19849,Oculus Quest_Android
87.209,14.928,19853,Oculus Quest_Android
87.226,16.367,19857,Oculus Quest_Android
87.242,16.657,19861,Oculus Quest_Android
87.258,15.449,19864,Oculus Quest_Android
87.274,16.118,19868,Oculus Quest_Android
87.290,15.732,19872,Oculus Quest_Android
87.305,15.974,19876,Oculus Quest_Android
87.322,15.432,19879,Oculus Quest_Android
87.338,16.803,19883,Oculus Quest_Android
87.354,15.876,19887,Oculus Quest_Android
87.370,16.538,19891,Oculus Quest_Android
87.386,15.620,19895,Oculus Quest_Android
87.402,16.321,19898,Oculus Quest_Android
87.418,15.627,19902,Oculus Quest_Android
87.435,16.833,19906,Oculus Quest_Android
87.451,16.589,19910,Oculus Quest_Android
87.467,15.606,19914,Oculus Quest_Android
87.482,15.703,19918,Oculus Quest_Android
87.498,15.589,19921,Oculus Quest_Android
87.514,15.930,19925,Oculus Quest_Android
87.531,16.107,19929,Oculus Quest_Android
87.548,17.067,19933,Oculus Quest_Android
87.565,17.117,19937,Oculus Quest_Android
87.582,16.482,19941,Oculus Quest_Android
87.598,17.183,19945,Oculus Quest_Android
87.615,16.004,19949,Oculus Quest_Android
87.631,17.491,19953,Oculus Quest_Android
87.647,15.567,19957,Oculus Quest_Android
87.663,16.007,19960,Oculus Quest_Android
87.679,15.235,19964,Oculus Quest_Android
87.694,16.113,19968,Oculus Quest_Android
87.710,15.653,19972,Oculus Quest_Android
87.726,15.954,19975,Oculus Quest_Android
87.742,16.570,19979,Oculus Quest_Android
87.758,15.751,19983,Oculus Quest_Android
87.774,15.749,19987,Oculus Quest_Android
87.789,15.276,19991,Oculus Quest_Android
87.805,15.576,19994,Oculus Quest_Android
87.821,15.892,19998,Oculus Quest_Android
87.837,16.613,20002,Oculus Quest_Android
87.853,15.666,20006,Oculus Quest_Android
87.868,15.703,20010,Oculus Quest_Android
87.884,15.174,20013,Oculus Quest_Android
87.899,15.784,20017,Oculus Quest_Android
87.915,15.409,20021,Oculus Quest_Android
87.930,15.220,20024,Oculus Quest_Android
87.946,14.981,20028,Oculus Quest_Android
87.962,16.589,20032,Oculus Quest_Android
87.977,15.665,20036,Oculus Quest_Android
87.993,15.575,20039,Oculus Quest_Android
88.008,15.211,20043,Oculus Quest_Android
88.024,15.725,20047,Oculus Quest_Android
88.040,15.885,20051,Oculus Quest_Android
88.055,15.233,20054,Oculus Quest_Android
88.071,15.273,20058,Oculus Quest_Android
88.087,15.799,20062,Oculus Quest_Android
88.104,17.283,20066,Oculus Quest_Android
88.120,16.319,20070,Oculus Quest_Android
88.135,16.005,20074,Oculus Quest_Android
88.151,15.330,20077,Oculus Quest_Android
88.167,15.968,20081,Oculus Quest_Android
88.184,15.900,20085,Oculus Quest_Android
88.200,17.303,20089,Oculus Quest_Android
88.217,15.570,20093,Oculus Quest_Android
88.233,16.859,20097,Oculus Quest_Android
88.249,16.378,20101,Oculus Quest_Android
88.266,15.840,20105,Oculus Quest_Android
88.282,16.404,20109,Oculus Quest_Android
88.298,16.956,20113,Oculus Quest_Android
88.314,16.064,20117,Oculus Quest_Android
88.329,15.526,20120,Oculus Quest_Android
88.344,15.036,20124,Oculus Quest_Android
88.360,15.186,20128,Oculus Quest_Android
88.376,15.482,20131,Oculus Quest_Android
88.392,16.277,20135,Oculus Quest_Android
88.408,16.175,20139,Oculus Quest_Android
88.424,15.721,20143,Oculus Quest_Android
88.439,15.904,20147,Oculus Quest_Android
88.455,14.919,20150,Oculus Quest_Android
88.471,16.006,20154,Oculus Quest_Android
88.487,15.739,20158,Oculus Quest_Android
88.503,16.542,20162,Oculus Quest_Android
88.520,16.028,20166,Oculus Quest_Android
88.536,17.178,20170,Oculus Quest_Android
88.552,15.527,20174,Oculus Quest_Android
88.567,16.183,20177,Oculus Quest_Android
88.583,15.172,20181,Oculus Quest_Android
88.599,16.237,20185,Oculus Quest_Android
88.616,15.897,20189,Oculus Quest_Android
88.631,16.398,20193,Oculus Quest_Android
88.647,15.444,20196,Oculus Quest_Android
88.662,15.667,20200,Oculus Quest_Android
88.678,15.511,20204,Oculus Quest_Android
88.695,15.942,20208,Oculus Quest_Android
88.711,16.756,20212,Oculus Quest_Android
88.727,16.465,20216,Oculus Quest_Android
88.743,15.624,20219,Oculus Quest_Android
88.759,16.325,20223,Oculus Quest_Android
88.775,15.594,20227,Oculus Quest_Android
88.791,15.403,20231,Oculus Quest_Android
88.807,16.081,20235,Oculus Quest_Android
88.823,16.188,20238,Oculus Quest_Android
88.839,16.878,20242,Oculus Quest_Android
88.855,15.464,20246,Oculus Quest_Android
88.872,16.575,20250,Oculus Quest_Android
88.889,16.202,20254,Oculus Quest_Android
88.905,16.917,20258,Oculus Quest_Android
88.914,16.881,20262,Oculus Quest_Android
88.926,13.628,20265,Oculus Quest_Android
88.940,13.865,20268,Oculus Quest_Android
88.955,14.131,20272,Oculus Quest_Android
88.968,13.427,20275,Oculus Quest_Android
88.982,14.129,20278,Oculus Quest_Android
88.996,13.736,20282,Oculus Quest_Android
89.010,13.731,20285,Oculus Quest_Android
89.033,14.237,20288,Oculus Quest_Android
89.048,16.025,20292,Oculus Quest_Android
89.064,15.670,20296,Oculus Quest_Android
89.079,15.189,20299,Oculus Quest_Android
89.095,15.936,20303,Oculus Quest_Android
89.111,15.733,20307,Oculus Quest_Android
89.127,15.629,20311,Oculus Quest_Android
89.149,16.545,20315,Oculus Quest_Android
89.179,23.719,20320,Oculus Quest_Android
89.204,28.109,20327,Oculus Quest_Android
89.230,27.917,20334,Oculus Quest_Android
89.248,23.445,20339,Oculus Quest_Android
89.265,17.539,20343,Oculus Quest_Android
89.284,17.602,20347,Oculus Quest_Android
89.301,18.327,20352,Oculus Quest_Android
89.319,17.447,20356,Oculus Quest_Android
89.337,17.716,20360,Oculus Quest_Android
89.354,17.982,20364,Oculus Quest_Android
89.370,16.876,20368,Oculus Quest_Android
89.386,15.671,20372,Oculus Quest_Android
89.403,16.860,20376,Oculus Quest_Android
89.424,16.375,20380,Oculus Quest_Android
89.430,20.972,20385,Oculus Quest_Android
89.440,9.030,20387,Oculus Quest_Android
89.454,14.487,20391,Oculus Quest_Android
89.468,13.190,20394,Oculus Quest_Android
89.482,14.335,20397,Oculus Quest_Android
89.495,13.657,20400,Oculus Quest_Android
89.510,13.773,20404,Oculus Quest_Android
89.524,14.079,20407,Oculus Quest_Android
89.546,13.725,20410,Oculus Quest_Android
89.563,16.651,20414,Oculus Quest_Android
89.579,16.291,20418,Oculus Quest_Android
89.595,16.047,20422,Oculus Quest_Android
89.612,16.007,20426,Oculus Quest_Android
89.629,17.617,20430,Oculus Quest_Android
89.647,17.410,20434,Oculus Quest_Android
89.664,17.261,20438,Oculus Quest_Android
89.680,16.204,20442,Oculus Quest_Android
89.695,16.264,20446,Oculus Quest_Android
89.711,15.472,20450,Oculus Quest_Android
89.727,16.090,20453,Oculus Quest_Android
89.742,15.279,20457,Oculus Quest_Android
89.759,15.922,20461,Oculus Quest_Android
89.774,16.314,20465,Oculus Quest_Android
89.791,15.202,20468,Oculus Quest_Android
89.806,16.617,20472,Oculus Quest_Android
89.823,15.682,20476,Oculus Quest_Android
89.838,16.743,20480,Oculus Quest_Android
89.854,15.201,20484,Oculus Quest_Android
89.869,15.583,20487,Oculus Quest_Android
89.886,15.434,20491,Oculus Quest_Android
89.901,16.090,20495,Oculus Quest_Android
89.907,14.789,20499,Oculus Quest_Android
89.915,7.638,20500,Oculus Quest_Android
89.926,11.090,20503,Oculus Quest_Android
89.940,13.867,20506,Oculus Quest_Android
89.954,14.312,20510,Oculus Quest_Android
89.968,13.437,20513,Oculus Quest_Android
89.982,14.413,20517,Oculus Quest_Android
89.995,13.309,20520,Oculus Quest_Android
90.010,13.997,20523,Oculus Quest_Android
90.033,14.541,20527,Oculus Quest_Android
90.040,16.087,20530,Oculus Quest_Android
90.051,11.075,20533,Oculus Quest_Android
90.065,13.669,20536,Oculus Quest_Android
90.079,14.170,20540,Oculus Quest_Android
90.093,14.039,20543,Oculus Quest_Android
90.116,13.584,20546,Oculus Quest_Android
90.132,17.127,20551,Oculus Quest_Android
90.148,15.596,20554,Oculus Quest_Android
90.164,15.648,20558,Oculus Quest_Android
90.179,15.717,20562,Oculus Quest_Android
90.195,15.675,20566,Oculus Quest_Android
90.212,15.780,20569,Oculus Quest_Android
90.228,17.227,20573,Oculus Quest_Android
90.244,15.904,20577,Oculus Quest_Android
90.260,15.666,20581,Oculus Quest_Android
90.277,15.605,20585,Oculus Quest_Android
90.294,17.593,20589,Oculus Quest_Android
90.310,16.940,20593,Oculus Quest_Android
90.329,16.169,20597,Oculus Quest_Android
90.345,19.064,20602,Oculus Quest_Android
90.364,19.451,20606,Oculus Quest_Android
90.380,15.830,20610,Oculus Quest_Android
90.395,15.863,20614,Oculus Quest_Android
90.411,14.946,20617,Oculus Quest_Android
90.427,15.820,20621,Oculus Quest_Android
90.444,15.883,20625,Oculus Quest_Android
90.461,17.010,20629,Oculus Quest_Android
90.479,17.630,20633,Oculus Quest_Android
90.495,17.087,20637,Oculus Quest_Android
90.510,15.629,20641,Oculus Quest_Android
90.517,15.416,20645,Oculus Quest_Android
90.524,7.205,20647,Oculus Quest_Android
90.537,13.218,20650,Oculus Quest_Android
90.552,14.003,20653,Oculus Quest_Android
90.565,13.552,20656,Oculus Quest_Android
90.579,14.132,20660,Oculus Quest_Android
90.592,13.746,20663,Oculus Quest_Android
90.606,13.751,20666,Oculus Quest_Android
90.621,14.282,20670,Oculus Quest_Android
90.644,13.506,20673,Oculus Quest_Android
90.651,17.032,20677,Oculus Quest_Android
90.671,10.700,20680,Oculus Quest_Android
90.688,16.357,20684,Oculus Quest_Android
90.703,16.835,20688,Oculus Quest_Android
90.719,14.820,20691,Oculus Quest_Android
90.735,16.178,20695,Oculus Quest_Android
90.751,15.218,20699,Oculus Quest_Android
90.766,16.401,20703,Oculus Quest_Android
90.783,16.130,20707,Oculus Quest_Android
90.798,15.842,20710,Oculus Quest_Android
90.814,15.512,20714,Oculus Quest_Android
90.830,16.106,20718,Oculus Quest_Android
90.845,15.387,20722,Oculus Quest_Android
90.861,15.960,20725,Oculus Quest_Android
90.877,15.273,20729,Oculus Quest_Android
90.895,16.708,20733,Oculus Quest_Android
90.911,17.086,20737,Oculus Quest_Android
90.927,16.236,20741,Oculus Quest_Android
90.944,16.055,20745,Oculus Quest_Android
90.961,17.386,20749,Oculus Quest_Android
90.977,16.319,20753,Oculus Quest_Android
90.992,16.131,20756,Oculus Quest_Android
91.007,15.316,20760,Oculus Quest_Android
91.023,15.231,20764,Oculus Quest_Android
91.039,16.022,20768,Oculus Quest_Android
91.054,14.987,20771,Oculus Quest_Android
91.069,15.431,20775,Oculus Quest_Android
91.085,14.995,20778,Oculus Quest_Android
91.101,16.888,20782,Oculus Quest_Android
91.108,15.157,20786,Oculus Quest_Android
91.120,12.648,20789,Oculus Quest_Android
91.134,13.669,20792,Oculus Quest_Android
91.149,14.068,20796,Oculus Quest_Android
91.162,13.873,20799,Oculus Quest_Android
91.185,13.910,20802,Oculus Quest_Android
91.201,16.532,20806,Oculus Quest_Android
91.221,15.780,20810,Oculus Quest_Android
91.239,19.440,20814,Oculus Quest_Android
91.255,18.636,20819,Oculus Quest_Android
91.270,15.312,20823,Oculus Quest_Android
91.286,15.702,20826,Oculus Quest_Android
91.301,15.570,20830,Oculus Quest_Android
91.317,15.223,20834,Oculus Quest_Android
91.333,15.697,20837,Oculus Quest_Android
91.349,15.658,20841,Oculus Quest_Android
91.365,16.644,20845,Oculus Quest_Android
91.381,16.186,20849,Oculus Quest_Android
91.396,16.030,20853,Oculus Quest_Android
91.412,14.908,20856,Oculus Quest_Android
91.428,15.777,20860,Oculus Quest_Android
91.444,15.946,20864,Oculus Quest_Android
91.460,15.883,20867,Oculus Quest_Android
91.476,16.490,20871,Oculus Quest_Android
91.493,16.218,20875,Oculus Quest_Android
91.508,16.681,20879,Oculus Quest_Android
91.524,15.085,20883,Oculus Quest_Android
91.540,15.209,20886,Oculus Quest_Android
91.556,16.019,20890,Oculus Quest_Android
91.571,16.384,20894,Oculus Quest_Android
91.588,15.451,20898,Oculus Quest_Android
91.604,17.232,20902,Oculus Quest_Android
91.621,15.836,20906,Oculus Quest_Android
91.638,16.465,20910,Oculus Quest_Android
91.654,16.911,20914,Oculus Quest_Android
91.669,15.768,20917,Oculus Quest_Android
91.685,15.585,20921,Oculus Quest_Android
91.701,16.024,20925,Oculus Quest_Android
91.716,15.225,20928,Oculus Quest_Android
91.732,15.692,20932,Oculus Quest_Android
91.748,15.277,20936,Oculus Quest_Android
91.764,16.380,20940,Oculus Quest_Android
91.779,15.495,20943,Oculus Quest_Android
91.795,16.197,20947,Oculus Quest_Android
91.811,15.853,20951,Oculus Quest_Android
91.826,15.364,20955,Oculus Quest_Android
91.841,15.195,20958,Oculus Quest_Android
91.857,15.476,20962,Oculus Quest_Android
91.872,15.390,20966,Oculus Quest_Android
91.888,15.063,20969,Oculus Quest_Android
91.904,16.045,20973,Oculus Quest_Android
91.920,15.798,20977,Oculus Quest_Android
91.936,16.519,20981,Oculus Quest_Android
91.952,15.303,20985,Oculus Quest_Android
91.968,16.233,20989,Oculus Quest_Android
91.983,15.445,20992,Oculus Quest_Android
91.999,15.598,20996,Oculus Quest_Android
92.014,15.504,21000,Oculus Quest_Android
92.029,15.875,21004,Oculus Quest_Android
92.045,15.151,21007,Oculus Quest_Android
92.065,16.205,21011,Oculus Quest_Android
92.083,19.873,21016,Oculus Quest_Android
92.099,17.438,21020,Oculus Quest_Android
92.115,16.047,21024,Oculus Quest_Android
92.131,16.455,21028,Oculus Quest_Android
92.151,16.566,21032,Oculus Quest_Android
92.179,19.514,21037,Oculus Quest_Android
92.207,27.668,21043,Oculus Quest_Android
92.217,28.619,21050,Oculus Quest_Android
92.239,9.135,21052,Oculus Quest_Android
92.257,22.545,21058,Oculus Quest_Android
92.274,17.690,21062,Oculus Quest_Android
92.292,17.080,21066,Oculus Quest_Android
92.312,18.339,21070,Oculus Quest_Android
92.331,19.356,21075,Oculus Quest_Android
92.350,19.331,21080,Oculus Quest_Android
92.367,19.364,21084,Oculus Quest_Android
92.385,16.638,21088,Oculus Quest_Android
92.401,18.119,21093,Oculus Quest_Android
92.418,15.627,21096,Oculus Quest_Android
92.434,17.362,21101,Oculus Quest_Android
92.453,16.254,21104,Oculus Quest_Android
92.469,18.407,21109,Oculus Quest_Android
92.485,15.362,21113,Oculus Quest_Android
92.500,16.268,21116,Oculus Quest_Android
92.516,15.686,21120,Oculus Quest_Android
92.532,15.931,21124,Oculus Quest_Android
92.548,15.972,21128,Oculus Quest_Android
92.564,16.583,21132,Oculus Quest_Android
92.581,15.356,21136,Oculus Quest_Android
92.596,16.822,21140,Oculus Quest_Android
92.612,15.134,21143,Oculus Quest_Android
92.629,16.552,21147,Oculus Quest_Android
92.645,16.526,21151,Oculus Quest_Android
92.660,15.271,21155,Oculus Quest_Android
92.675,15.367,21159,Oculus Quest_Android
92.692,15.779,21162,Oculus Quest_Android
92.707,15.927,21166,Oculus Quest_Android
92.723,15.095,21170,Oculus Quest_Android
92.738,15.910,21174,Oculus Quest_Android
92.756,15.909,21177,Oculus Quest_Android
92.772,17.194,21182,Oculus Quest_Android
92.788,16.198,21185,Oculus Quest_Android
92.803,16.121,21189,Oculus Quest_Android
92.819,15.351,21193,Oculus Quest_Android
92.835,16.047,21197,Oculus Quest_Android
92.851,15.321,21200,Oculus Quest_Android
92.867,16.451,21204,Oculus Quest_Android
92.883,15.851,21208,Oculus Quest_Android
92.899,16.390,21212,Oculus Quest_Android
92.915,15.147,21215,Oculus Quest_Android
92.930,15.992,21219,Oculus Quest_Android
92.945,14.889,21223,Oculus Quest_Android
92.961,16.037,21227,Oculus Quest_Android
92.977,16.096,21230,Oculus Quest_Android
92.993,15.069,21234,Oculus Quest_Android
93.009,16.314,21238,Oculus Quest_Android
93.026,16.403,21242,Oculus Quest_Android
93.043,16.760,21246,Oculus Quest_Android
93.060,17.108,21250,Oculus Quest_Android
93.076,16.987,21254,Oculus Quest_Android
93.092,15.798,21258,Oculus Quest_Android
93.108,15.595,21261,Oculus Quest_Android
93.123,16.042,21265,Oculus Quest_Android
93.139,15.671,21269,Oculus Quest_Android
93.155,16.115,21273,Oculus Quest_Android
93.171,16.118,21277,Oculus Quest_Android
93.187,15.497,21280,Oculus Quest_Android
93.202,15.653,21284,Oculus Quest_Android
93.219,15.636,21288,Oculus Quest_Android
93.235,17.211,21292,Oculus Quest_Android
93.251,15.396,21295,Oculus Quest_Android
93.266,15.767,21299,Oculus Quest_Android
93.282,15.331,21303,Oculus Quest_Android
93.298,16.239,21307,Oculus Quest_Android
93.314,15.644,21310,Oculus Quest_Android
93.329,15.721,21314,Oculus Quest_Android
93.344,15.357,21318,Oculus Quest_Android
93.360,15.318,21321,Oculus Quest_Android
93.376,15.767,21325,Oculus Quest_Android
93.392,16.223,21329,Oculus Quest_Android
93.407,15.574,21333,Oculus Quest_Android
93.423,15.588,21336,Oculus Quest_Android
93.438,15.684,21340,Oculus Quest_Android
93.454,15.115,21344,Oculus Quest_Android
93.469,15.553,21347,Oculus Quest_Android
93.485,15.000,21351,Oculus Quest_Android
93.501,16.398,21355,Oculus Quest_Android
93.517,15.842,21359,Oculus Quest_Android
93.534,16.665,21363,Oculus Quest_Android
93.550,15.729,21366,Oculus Quest_Android
93.566,16.407,21370,Oculus Quest_Android
93.582,15.722,21374,Oculus Quest_Android
93.599,16.539,21378,Oculus Quest_Android
93.615,16.570,21382,Oculus Quest_Android
93.632,16.765,21386,Oculus Quest_Android
93.648,16.267,21390,Oculus Quest_Android
93.664,16.757,21394,Oculus Quest_Android
93.682,15.797,21397,Oculus Quest_Android
93.700,18.065,21402,Oculus Quest_Android
93.717,17.920,21406,Oculus Quest_Android
93.733,16.319,21410,Oculus Quest_Android
93.749,15.927,21414,Oculus Quest_Android
93.765,16.779,21418,Oculus Quest_Android
93.781,15.829,21421,Oculus Quest_Android
93.797,16.265,21425,Oculus Quest_Android
93.813,15.634,21429,Oculus Quest_Android
93.829,16.246,21433,Oculus Quest_Android
93.844,15.701,21437,Oculus Quest_Android
93.860,15.223,21440,Oculus Quest_Android
93.876,16.152,21444,Oculus Quest_Android
93.893,16.579,21448,Oculus Quest_Android
93.909,16.490,21452,Oculus Quest_Android
93.925,15.932,21456,Oculus Quest_Android
93.941,15.383,21460,Oculus Quest_Android
93.957,16.301,21464,Oculus Quest_Android
93.973,16.446,21468,Oculus Quest_Android
93.989,15.700,21471,Oculus Quest_Android
94.005,16.146,21475,Oculus Quest_Android
94.021,15.340,21479,Oculus Quest_Android
94.036,16.483,21483,Oculus Quest_Android
94.052,14.993,21486,Oculus Quest_Android
94.067,15.351,21490,Oculus Quest_Android
94.084,15.271,21494,Oculus Quest_Android
94.100,17.258,21498,Oculus Quest_Android
94.118,16.599,21502,Oculus Quest_Android
94.135,17.381,21506,Oculus Quest_Android
94.150,16.345,21510,Oculus Quest_Android
94.168,16.065,21514,Oculus Quest_Android
94.185,17.681,21518,Oculus Quest_Android
94.202,16.919,21522,Oculus Quest_Android
94.219,16.795,21526,Oculus Quest_Android
94.237,18.410,21531,Oculus Quest_Android
94.255,17.308,21535,Oculus Quest_Android
94.270,17.336,21539,Oculus Quest_Android
94.287,15.553,21543,Oculus Quest_Android
94.302,16.327,21547,Oculus Quest_Android
94.319,15.543,21550,Oculus Quest_Android
94.335,16.548,21554,Oculus Quest_Android
94.355,16.053,21558,Oculus Quest_Android
94.372,20.610,21563,Oculus Quest_Android
94.389,16.145,21567,Oculus Quest_Android
94.405,16.983,21571,Oculus Quest_Android
94.422,16.281,21575,Oculus Quest_Android
94.438,17.284,21579,Oculus Quest_Android
94.455,16.086,21583,Oculus Quest_Android
94.471,16.414,21587,Oculus Quest_Android
94.487,15.883,21591,Oculus Quest_Android
94.505,16.960,21595,Oculus Quest_Android
94.521,17.428,21599,Oculus Quest_Android
94.537,16.630,21603,Oculus Quest_Android
94.555,15.744,21607,Oculus Quest_Android
94.571,17.477,21611,Oculus Quest_Android
94.588,16.504,21615,Oculus Quest_Android
94.608,20.046,21620,Oculus Quest_Android
94.628,19.237,21624,Oculus Quest_Android
94.647,18.295,21629,Oculus Quest_Android
94.664,18.642,21633,Oculus Quest_Android
94.682,16.809,21637,Oculus Quest_Android
94.700,18.237,21642,Oculus Quest_Android
94.719,17.666,21646,Oculus Quest_Android
94.735,18.596,21650,Oculus Quest_Android
94.752,16.193,21654,Oculus Quest_Android
94.769,17.219,21658,Oculus Quest_Android
94.785,16.650,21662,Oculus Quest_Android
94.801,16.684,21666,Oculus Quest_Android
94.818,15.748,21670,Oculus Quest_Android
94.834,16.448,21674,Oculus Quest_Android
94.850,15.977,21678,Oculus Quest_Android
94.866,16.572,21682,Oculus Quest_Android
94.882,15.409,21685,Oculus Quest_Android
94.898,16.533,21689,Oculus Quest_Android
94.915,15.995,21693,Oculus Quest_Android
94.931,16.854,21697,Oculus Quest_Android
94.947,15.765,21701,Oculus Quest_Android
94.965,17.028,21705,Oculus Quest_Android
94.972,16.956,21709,Oculus Quest_Android
94.982,10.091,21711,Oculus Quest_Android
94.996,13.302,21714,Oculus Quest_Android
95.010,13.830,21718,Oculus Quest_Android
95.024,14.774,21721,Oculus Quest_Android
95.037,13.134,21724,Oculus Quest_Android
95.052,14.199,21728,Oculus Quest_Android
95.065,13.321,21731,Oculus Quest_Android
95.079,14.171,21734,Oculus Quest_Android
95.102,13.845,21738,Oculus Quest_Android
95.109,16.373,21741,Oculus Quest_Android
95.121,11.551,21744,Oculus Quest_Android
95.135,13.994,21748,Oculus Quest_Android
95.151,14.561,21751,Oculus Quest_Android
95.165,13.520,21754,Oculus Quest_Android
95.178,14.170,21758,Oculus Quest_Android
95.192,13.870,21761,Oculus Quest_Android
95.206,13.907,21764,Oculus Quest_Android
95.220,13.856,21767,Oculus Quest_Android
95.249,13.984,21771,Oculus Quest_Android
95.257,23.635,21776,Oculus Quest_Android
95.264,8.133,21778,Oculus Quest_Android
95.274,9.099,21780,Oculus Quest_Android
95.288,14.271,21784,Oculus Quest_Android
95.303,14.362,21787,Oculus Quest_Android
95.317,13.947,21791,Oculus Quest_Android
95.330,13.005,21794,Oculus Quest_Android
95.344,13.810,21797,Oculus Quest_Android
95.358,14.726,21800,Oculus Quest_Android
95.381,13.195,21804,Oculus Quest_Android
95.389,17.953,21808,Oculus Quest_Android
95.399,10.090,21810,Oculus Quest_Android
95.416,13.840,21814,Oculus Quest_Android
95.428,13.764,21817,Oculus Quest_Android
95.441,13.963,21820,Oculus Quest_Android
95.454,14.145,21824,Oculus Quest_Android
95.468,13.066,21827,Oculus Quest_Android
95.482,14.659,21830,Oculus Quest_Android
95.495,12.930,21833,Oculus Quest_Android
95.518,13.929,21836,Oculus Quest_Android
95.525,16.778,21840,Oculus Quest_Android
95.548,11.608,21843,Oculus Quest_Android
95.563,17.602,21847,Oculus Quest_Android
95.578,15.090,21851,Oculus Quest_Android
95.594,15.108,21855,Oculus Quest_Android
95.609,15.169,21858,Oculus Quest_Android
95.626,16.378,21862,Oculus Quest_Android
95.642,16.602,21866,Oculus Quest_Android
95.658,16.176,21870,Oculus Quest_Android
95.674,15.626,21874,Oculus Quest_Android
95.691,15.846,21877,Oculus Quest_Android
95.707,16.720,21881,Oculus Quest_Android
95.723,16.477,21885,Oculus Quest_Android
95.739,15.620,21889,Oculus Quest_Android
95.756,16.110,21893,Oculus Quest_Android
95.771,17.243,21897,Oculus Quest_Android
95.787,15.433,21901,Oculus Quest_Android
95.804,16.010,21904,Oculus Quest_Android
95.821,16.755,21908,Oculus Quest_Android
95.837,16.650,21912,Oculus Quest_Android
95.853,16.095,21916,Oculus Quest_Android
95.871,16.591,21920,Oculus Quest_Android
95.887,16.853,21924,Oculus Quest_Android
95.903,16.605,21928,Oculus Quest_Android
95.919,16.239,21932,Oculus Quest_Android
95.935,16.508,21936,Oculus Quest_Android
95.951,15.276,21940,Oculus Quest_Android
95.968,16.492,21944,Oculus Quest_Android
95.985,16.065,21948,Oculus Quest_Android
96.001,17.082,21952,Oculus Quest_Android
96.018,16.476,21956,Oculus Quest_Android
96.035,17.705,21960,Oculus Quest_Android
96.052,16.162,21964,Oculus Quest_Android
96.059,17.359,21968,Oculus Quest_Android
96.066,6.830,21970,Oculus Quest_Android
96.079,12.274,21973,Oculus Quest_Android
96.092,14.058,21976,Oculus Quest_Android
96.106,13.806,21979,Oculus Quest_Android
96.121,14.341,21983,Oculus Quest_Android
96.135,13.553,21986,Oculus Quest_Android
96.149,14.524,21989,Oculus Quest_Android
96.162,13.251,21993,Oculus Quest_Android
96.185,13.675,21996,Oculus Quest_Android
96.192,17.078,22000,Oculus Quest_Android
96.204,10.738,22003,Oculus Quest_Android
96.218,14.118,22006,Oculus Quest_Android
96.231,13.612,22009,Oculus Quest_Android
96.246,14.009,22013,Oculus Quest_Android
96.259,13.831,22016,Oculus Quest_Android
96.273,13.692,22019,Oculus Quest_Android
96.296,14.220,22023,Oculus Quest_Android
96.312,16.177,22027,Oculus Quest_Android
96.327,15.337,22030,Oculus Quest_Android
96.333,15.255,22034,Oculus Quest_Android
96.343,8.674,22036,Oculus Quest_Android
96.357,14.078,22039,Oculus Quest_Android
96.370,13.718,22043,Oculus Quest_Android
96.384,14.126,22046,Oculus Quest_Android
96.409,13.695,22049,Oculus Quest_Android
96.426,18.071,22054,Oculus Quest_Android
96.442,17.466,22058,Oculus Quest_Android
96.459,15.978,22062,Oculus Quest_Android
96.475,16.492,22066,Oculus Quest_Android
96.491,16.087,22069,Oculus Quest_Android
96.507,16.064,22073,Oculus Quest_Android
96.523,15.558,22077,Oculus Quest_Android
96.538,16.078,22081,Oculus Quest_Android
96.554,14.867,22084,Oculus Quest_Android
96.570,16.257,22088,Oculus Quest_Android
96.585,15.761,22092,Oculus Quest_Android
96.601,15.886,22096,Oculus Quest_Android
96.617,15.878,22100,Oculus Quest_Android
96.633,15.956,22104,Oculus Quest_Android
96.650,16.079,22107,Oculus Quest_Android
96.666,16.248,22111,Oculus Quest_Android
96.682,15.786,22115,Oculus Quest_Android
96.699,16.489,22119,Oculus Quest_Android
96.716,17.587,22123,Oculus Quest_Android
96.723,16.449,22127,Oculus Quest_Android
96.731,8.055,22129,Oculus Quest_Android
96.746,14.269,22133,Oculus Quest_Android
96.759,13.816,22136,Oculus Quest_Android
96.773,13.574,22139,Oculus Quest_Android
96.787,14.240,22143,Oculus Quest_Android
96.801,13.752,22146,Oculus Quest_Android
96.815,13.992,22149,Oculus Quest_Android
96.828,13.659,22152,Oculus Quest_Android
96.853,14.030,22156,Oculus Quest_Android
96.868,17.283,22160,Oculus Quest_Android
96.884,15.138,22163,Oculus Quest_Android
96.899,16.106,22167,Oculus Quest_Android
96.915,15.157,22171,Oculus Quest_Android
96.931,15.733,22175,Oculus Quest_Android
96.946,15.479,22178,Oculus Quest_Android
96.962,16.058,22182,Oculus Quest_Android
96.978,15.831,22186,Oculus Quest_Android
96.994,15.649,22190,Oculus Quest_Android
97.009,15.733,22193,Oculus Quest_Android
97.025,15.336,22197,Oculus Quest_Android
97.040,15.813,22201,Oculus Quest_Android
97.056,15.243,22204,Oculus Quest_Android
97.074,16.545,22208,Oculus Quest_Android
97.091,17.755,22213,Oculus Quest_Android
97.106,16.295,22216,Oculus Quest_Android
97.121,15.027,22220,Oculus Quest_Android
97.137,15.733,22224,Oculus Quest_Android
97.153,15.484,22227,Oculus Quest_Android
97.171,16.605,22231,Oculus Quest_Android
97.187,17.427,22235,Oculus Quest_Android
97.203,16.653,22239,Oculus Quest_Android
97.221,16.207,22243,Oculus Quest_Android
97.236,17.089,22247,Oculus Quest_Android
97.253,15.589,22251,Oculus Quest_Android
97.269,16.661,22255,Oculus Quest_Android
97.285,15.880,22259,Oculus Quest_Android
97.300,16.133,22263,Oculus Quest_Android
97.316,15.192,22266,Oculus Quest_Android
97.331,15.341,22270,Oculus Quest_Android
97.347,15.274,22273,Oculus Quest_Android
97.355,16.441,22277,Oculus Quest_Android
97.361,7.169,22279,Oculus Quest_Android
97.370,8.703,22281,Oculus Quest_Android
97.384,14.093,22285,Oculus Quest_Android
97.398,13.374,22288,Oculus Quest_Android
97.412,14.063,22291,Oculus Quest_Android
97.426,14.225,22294,Oculus Quest_Android
97.440,13.770,22298,Oculus Quest_Android
97.454,14.070,22301,Oculus Quest_Android
97.477,13.529,22304,Oculus Quest_Android
97.484,16.734,22308,Oculus Quest_Android
97.495,11.036,22311,Oculus Quest_Android
97.509,13.844,22314,Oculus Quest_Android
97.523,14.206,22317,Oculus Quest_Android
97.537,13.595,22321,Oculus Quest_Android
97.551,14.329,22324,Oculus Quest_Android
97.564,13.369,22327,Oculus Quest_Android
97.579,14.138,22331,Oculus Quest_Android
97.592,13.721,22334,Oculus Quest_Android
97.616,13.762,22337,Oculus Quest_Android
97.622,16.837,22341,Oculus Quest_Android
97.634,10.966,22344,Oculus Quest_Android
97.648,13.960,22347,Oculus Quest_Android
97.662,13.969,22350,Oculus Quest_Android
97.677,13.770,22354,Oculus Quest_Android
97.690,14.512,22357,Oculus Quest_Android
97.704,13.571,22360,Oculus Quest_Android
97.718,14.109,22364,Oculus Quest_Android
97.731,13.406,22367,Oculus Quest_Android
97.756,13.932,22370,Oculus Quest_Android
97.763,17.659,22374,Oculus Quest_Android
97.773,10.105,22377,Oculus Quest_Android
97.787,14.331,22380,Oculus Quest_Android
97.801,13.582,22384,Oculus Quest_Android
97.816,14.392,22387,Oculus Quest_Android
97.829,13.690,22390,Oculus Quest_Android
97.843,13.839,22394,Oculus Quest_Android
97.857,13.948,22397,Oculus Quest_Android
97.871,13.945,22400,Oculus Quest_Android
97.895,13.908,22404,Oculus Quest_Android
97.902,17.357,22408,Oculus Quest_Android
97.912,9.717,22410,Oculus Quest_Android
97.926,14.075,22414,Oculus Quest_Android
97.940,13.876,22417,Oculus Quest_Android
97.954,13.987,22420,Oculus Quest_Android
97.968,13.905,22424,Oculus Quest_Android
97.982,14.276,22427,Oculus Quest_Android
97.995,13.331,22430,Oculus Quest_Android
98.010,14.044,22434,Oculus Quest_Android
98.032,14.050,22437,Oculus Quest_Android
98.039,15.979,22441,Oculus Quest_Android
98.051,11.875,22444,Oculus Quest_Android
98.064,13.497,22447,Oculus Quest_Android
98.079,14.078,22450,Oculus Quest_Android
98.093,14.135,22454,Oculus Quest_Android
98.107,13.577,22457,Oculus Quest_Android
98.120,14.003,22460,Oculus Quest_Android
98.146,13.686,22464,Oculus Quest_Android
98.167,19.537,22468,Oculus Quest_Android
98.195,20.431,22473,Oculus Quest_Android
98.204,28.866,22480,Oculus Quest_Android
98.213,8.724,22482,Oculus Quest_Android
98.222,8.504,22484,Oculus Quest_Android
98.233,12.395,22487,Oculus Quest_Android
98.247,13.628,22490,Oculus Quest_Android
98.260,13.576,22494,Oculus Quest_Android
98.274,13.716,22497,Oculus Quest_Android
98.297,13.782,22500,Oculus Quest_Android
98.305,17.273,22504,Oculus Quest_Android
98.325,10.652,22507,Oculus Quest_Android
98.345,17.259,22511,Oculus Quest_Android
98.367,20.246,22516,Oculus Quest_Android
98.385,21.438,22521,Oculus Quest_Android
98.402,18.502,22526,Oculus Quest_Android
98.420,16.646,22530,Oculus Quest_Android
98.449,18.882,22534,Oculus Quest_Android
98.469,28.538,22541,Oculus Quest_Android
98.486,19.965,22546,Oculus Quest_Android
98.501,16.219,22550,Oculus Quest_Android
98.517,15.126,22553,Oculus Quest_Android
98.534,16.955,22557,Oculus Quest_Android
98.550,15.879,22561,Oculus Quest_Android
98.565,16.429,22565,Oculus Quest_Android
98.583,15.236,22569,Oculus Quest_Android
98.599,17.500,22573,Oculus Quest_Android
98.617,16.727,22577,Oculus Quest_Android
98.633,17.201,22581,Oculus Quest_Android
98.649,15.995,22585,Oculus Quest_Android
98.664,16.133,22589,Oculus Quest_Android
98.679,15.140,22592,Oculus Quest_Android
98.695,15.345,22596,Oculus Quest_Android
98.711,15.992,22600,Oculus Quest_Android
98.727,15.797,22604,Oculus Quest_Android
98.743,16.019,22608,Oculus Quest_Android
98.758,15.605,22611,Oculus Quest_Android
98.774,15.586,22615,Oculus Quest_Android
98.789,15.550,22619,Oculus Quest_Android
98.806,15.613,22622,Oculus Quest_Android
98.823,17.009,22627,Oculus Quest_Android
98.830,16.636,22630,Oculus Quest_Android
98.842,11.998,22633,Oculus Quest_Android
98.856,14.181,22637,Oculus Quest_Android
98.870,13.972,22640,Oculus Quest_Android
98.885,13.961,22643,Oculus Quest_Android
98.898,13.336,22646,Oculus Quest_Android
98.912,13.967,22650,Oculus Quest_Android
98.926,13.923,22653,Oculus Quest_Android
98.949,13.898,22656,Oculus Quest_Android
98.968,18.900,22661,Oculus Quest_Android
98.984,16.797,22665,Oculus Quest_Android
99.000,15.878,22669,Oculus Quest_Android
99.017,16.392,22673,Oculus Quest_Android
99.033,16.546,22677,Oculus Quest_Android
99.049,15.714,22680,Oculus Quest_Android
99.064,15.995,22684,Oculus Quest_Android
99.080,15.182,22688,Oculus Quest_Android
99.096,15.899,22691,Oculus Quest_Android
99.113,16.026,22695,Oculus Quest_Android
99.129,17.167,22699,Oculus Quest_Android
99.145,16.132,22703,Oculus Quest_Android
99.161,16.328,22707,Oculus Quest_Android
99.176,15.696,22711,Oculus Quest_Android
99.192,15.084,22714,Oculus Quest_Android
99.208,15.731,22718,Oculus Quest_Android
99.224,15.964,22722,Oculus Quest_Android
99.240,16.205,22726,Oculus Quest_Android
99.257,16.444,22730,Oculus Quest_Android
99.272,16.300,22734,Oculus Quest_Android
99.289,15.651,22737,Oculus Quest_Android
99.306,16.555,22741,Oculus Quest_Android
99.322,16.944,22745,Oculus Quest_Android
99.339,16.408,22749,Oculus Quest_Android
99.355,16.466,22753,Oculus Quest_Android
99.371,16.277,22757,Oculus Quest_Android
99.387,15.620,22761,Oculus Quest_Android
99.402,16.288,22764,Oculus Quest_Android
99.419,15.272,22768,Oculus Quest_Android
99.435,16.797,22772,Oculus Quest_Android
99.451,15.297,22776,Oculus Quest_Android
99.466,16.149,22780,Oculus Quest_Android
99.482,15.385,22783,Oculus Quest_Android
99.498,16.356,22787,Oculus Quest_Android
99.514,15.266,22791,Oculus Quest_Android
99.531,17.222,22795,Oculus Quest_Android
99.546,15.827,22799,Oculus Quest_Android
99.562,15.377,22802,Oculus Quest_Android
99.579,16.784,22806,Oculus Quest_Android
99.594,15.885,22810,Oculus Quest_Android
99.610,15.767,22814,Oculus Quest_Android
99.626,15.536,22817,Oculus Quest_Android
99.642,16.155,22821,Oculus Quest_Android
99.658,16.369,22825,Oculus Quest_Android
99.673,15.455,22829,Oculus Quest_Android
99.689,15.059,22832,Oculus Quest_Android
99.704,15.939,22836,Oculus Quest_Android
99.720,15.184,22840,Oculus Quest_Android
99.735,15.856,22844,Oculus Quest_Android
99.752,15.372,22847,Oculus Quest_Android
99.768,16.576,22851,Oculus Quest_Android
99.775,15.802,22855,Oculus Quest_Android
99.795,11.972,22858,Oculus Quest_Android
99.812,15.886,22862,Oculus Quest_Android
99.827,16.310,22866,Oculus Quest_Android
99.843,15.439,22869,Oculus Quest_Android
99.858,15.251,22873,Oculus Quest_Android
99.877,15.642,22877,Oculus Quest_Android
99.885,19.968,22881,Oculus Quest_Android
99.900,15.450,22885,Oculus Quest_Android
99.924,14.054,22889,Oculus Quest_Android
99.941,16.342,22892,Oculus Quest_Android
99.957,16.706,22896,Oculus Quest_Android
99.973,16.321,22900,Oculus Quest_Android
99.989,15.895,22904,Oculus Quest_Android
100.005,16.036,22908,Oculus Quest_Android
100.020,15.707,22912,Oculus Quest_Android
100.036,15.774,22916,Oculus Quest_Android
100.051,15.167,22919,Oculus Quest_Android
100.068,15.815,22923,Oculus Quest_Android
100.084,16.024,22927,Oculus Quest_Android
100.100,16.803,22931,Oculus Quest_Android
100.115,15.534,22935,Oculus Quest_Android
100.131,15.672,22938,Oculus Quest_Android
100.147,15.222,22942,Oculus Quest_Android
100.162,16.126,22946,Oculus Quest_Android
100.177,15.278,22950,Oculus Quest_Android
100.193,15.223,22953,Oculus Quest_Android
100.209,15.558,22957,Oculus Quest_Android
100.225,15.991,22961,Oculus Quest_Android
100.240,15.953,22965,Oculus Quest_Android
100.257,15.588,22968,Oculus Quest_Android
100.272,16.073,22972,Oculus Quest_Android
100.288,15.439,22976,Oculus Quest_Android
100.303,15.954,22980,Oculus Quest_Android
100.319,15.359,22983,Oculus Quest_Android
100.335,16.287,22987,Oculus Quest_Android
100.351,15.531,22991,Oculus Quest_Android
100.367,16.216,22995,Oculus Quest_Android
100.383,15.423,22999,Oculus Quest_Android
100.398,16.147,23003,Oculus Quest_Android
100.414,14.955,23006,Oculus Quest_Android
100.430,16.095,23010,Oculus Quest_Android
100.446,15.806,23014,Oculus Quest_Android
100.462,16.067,23018,Oculus Quest_Android
100.478,15.975,23022,Oculus Quest_Android
100.493,15.916,23025,Oculus Quest_Android
100.509,15.724,23029,Oculus Quest_Android
100.524,15.081,23033,Oculus Quest_Android
100.539,14.978,23036,Oculus Quest_Android
100.556,15.716,23040,Oculus Quest_Android
100.573,16.865,23044,Oculus Quest_Android
100.589,16.988,23048,Oculus Quest_Android
100.606,16.438,23052,Oculus Quest_Android
100.626,17.140,23056,Oculus Quest_Android
100.647,19.914,23061,Oculus Quest_Android
100.665,20.403,23066,Oculus Quest_Android
100.685,18.581,23070,Oculus Quest_Android
100.701,19.859,23075,Oculus Quest_Android
100.717,15.562,23079,Oculus Quest_Android
100.736,16.531,23083,Oculus Quest_Android
100.757,19.125,23087,Oculus Quest_Android
100.773,20.518,23092,Oculus Quest_Android
100.788,15.409,23096,Oculus Quest_Android
100.804,16.013,23100,Oculus Quest_Android
100.820,15.223,23104,Oculus Quest_Android
100.837,17.052,23108,Oculus Quest_Android
100.853,16.099,23112,Oculus Quest_Android
100.869,16.283,23116,Oculus Quest_Android
100.885,15.287,23119,Oculus Quest_Android
100.900,16.575,23123,Oculus Quest_Android
100.916,15.143,23127,Oculus Quest_Android
100.932,15.974,23131,Oculus Quest_Android
100.948,15.844,23135,Oculus Quest_Android
100.965,16.785,23139,Oculus Quest_Android
100.980,15.770,23143,Oculus Quest_Android
100.995,15.347,23146,Oculus Quest_Android
101.011,15.071,23150,Oculus Quest_Android
101.026,15.692,23154,Oculus Quest_Android
101.042,15.510,23158,Oculus Quest_Android
101.057,15.593,23161,Oculus Quest_Android
101.073,15.479,23165,Oculus Quest_Android
101.089,15.873,23169,Oculus Quest_Android
101.106,16.430,23173,Oculus Quest_Android
101.122,16.143,23177,Oculus Quest_Android
101.140,16.517,23181,Oculus Quest_Android
101.162,19.147,23186,Oculus Quest_Android
101.187,20.847,23191,Oculus Quest_Android
101.208,25.337,23197,Oculus Quest_Android
101.231,20.861,23202,Oculus Quest_Android
101.251,22.387,23207,Oculus Quest_Android
101.268,20.193,23212,Oculus Quest_Android
101.286,18.199,23217,Oculus Quest_Android
101.303,17.327,23221,Oculus Quest_Android
101.321,16.180,23225,Oculus Quest_Android
101.339,19.246,23229,Oculus Quest_Android
101.357,17.755,23234,Oculus Quest_Android
101.373,17.313,23238,Oculus Quest_Android
101.380,15.750,23242,Oculus Quest_Android
101.387,7.388,23243,Oculus Quest_Android
101.398,10.459,23246,Oculus Quest_Android
101.412,13.882,23249,Oculus Quest_Android
101.436,14.038,23253,Oculus Quest_Android
101.455,17.387,23257,Oculus Quest_Android
101.472,19.884,23262,Oculus Quest_Android
101.488,15.893,23266,Oculus Quest_Android
101.504,16.402,23270,Oculus Quest_Android
101.520,15.948,23273,Oculus Quest_Android
101.535,15.797,23277,Oculus Quest_Android
101.542,15.171,23281,Oculus Quest_Android
101.551,8.526,23283,Oculus Quest_Android
101.564,13.514,23286,Oculus Quest_Android
101.579,14.098,23290,Oculus Quest_Android
101.592,13.807,23293,Oculus Quest_Android
101.606,13.823,23296,Oculus Quest_Android
101.620,14.008,23300,Oculus Quest_Android
101.633,13.593,23303,Oculus Quest_Android
101.648,14.282,23307,Oculus Quest_Android
101.671,13.803,23310,Oculus Quest_Android
101.678,16.231,23314,Oculus Quest_Android
101.689,11.653,23317,Oculus Quest_Android
101.703,13.569,23320,Oculus Quest_Android
101.718,14.201,23323,Oculus Quest_Android
101.731,13.610,23327,Oculus Quest_Android
101.746,14.160,23330,Oculus Quest_Android
101.768,13.745,23334,Oculus Quest_Android
101.783,15.802,23337,Oculus Quest_Android
101.799,15.666,23341,Oculus Quest_Android
101.815,15.702,23345,Oculus Quest_Android
101.831,16.647,23349,Oculus Quest_Android
101.848,15.702,23353,Oculus Quest_Android
101.864,16.990,23357,Oculus Quest_Android
101.872,16.844,23361,Oculus Quest_Android
101.885,12.195,23364,Oculus Quest_Android
101.907,13.392,23367,Oculus Quest_Android
101.925,17.504,23371,Oculus Quest_Android
101.941,17.142,23375,Oculus Quest_Android
101.958,15.980,23379,Oculus Quest_Android
101.975,17.079,23383,Oculus Quest_Android
101.992,17.420,23387,Oculus Quest_Android
102.008,16.414,23391,Oculus Quest_Android
102.024,15.626,23395,Oculus Quest_Android
102.039,15.826,23399,Oculus Quest_Android
102.059,15.317,23402,Oculus Quest_Android
102.076,20.428,23407,Oculus Quest_Android
102.092,16.952,23411,Oculus Quest_Android
102.108,15.719,23415,Oculus Quest_Android
102.123,15.579,23419,Oculus Quest_Android
102.139,15.550,23423,Oculus Quest_Android
102.156,16.738,23427,Oculus Quest_Android
102.173,16.808,23431,Oculus Quest_Android
102.189,16.509,23435,Oculus Quest_Android
102.204,15.916,23438,Oculus Quest_Android
102.211,15.036,23442,Oculus Quest_Android
102.218,7.456,23444,Oculus Quest_Android
102.239,12.274,23447,Oculus Quest_Android
102.256,15.966,23451,Oculus Quest_Android
102.272,16.498,23455,Oculus Quest_Android
102.287,15.472,23458,Oculus Quest_Android
102.303,15.672,23462,Oculus Quest_Android
102.319,15.091,23466,Oculus Quest_Android
102.334,16.087,23470,Oculus Quest_Android
102.350,15.650,23473,Oculus Quest_Android
102.366,16.455,23477,Oculus Quest_Android
102.382,15.209,23481,Oculus Quest_Android
102.397,16.014,23485,Oculus Quest_Android
102.412,14.873,23488,Oculus Quest_Android
102.428,15.805,23492,Oculus Quest_Android
102.445,15.749,23496,Oculus Quest_Android
102.463,17.114,23500,Oculus Quest_Android
102.480,18.259,23504,Oculus Quest_Android
102.496,16.374,23508,Oculus Quest_Android
102.511,15.603,23512,Oculus Quest_Android
102.527,15.650,23516,Oculus Quest_Android
102.543,15.266,23520,Oculus Quest_Android
102.560,16.621,23523,Oculus Quest_Android
102.576,17.032,23528,Oculus Quest_Android
102.592,15.747,23531,Oculus Quest_Android
102.609,16.118,23535,Oculus Quest_Android
102.626,17.182,23539,Oculus Quest_Android
102.642,16.640,23543,Oculus Quest_Android
102.658,16.375,23547,Oculus Quest_Android
102.674,15.905,23551,Oculus Quest_Android
102.690,15.923,23555,Oculus Quest_Android
102.706,16.217,23559,Oculus Quest_Android
102.721,15.156,23562,Oculus Quest_Android
102.737,15.757,23566,Oculus Quest_Android
102.754,16.190,23570,Oculus Quest_Android
102.772,17.027,23574,Oculus Quest_Android
102.787,17.116,23578,Oculus Quest_Android
102.794,15.776,23582,Oculus Quest_Android
102.801,6.927,23584,Oculus Quest_Android
102.815,13.093,23587,Oculus Quest_Android
102.837,13.518,23590,Oculus Quest_Android
102.844,16.043,23594,Oculus Quest_Android
102.865,11.944,23597,Oculus Quest_Android
102.881,15.968,23601,Oculus Quest_Android
102.897,16.552,23605,Oculus Quest_Android
102.903,15.355,23609,Oculus Quest_Android
102.911,7.417,23610,Oculus Quest_Android
102.934,14.114,23614,Oculus Quest_Android
102.951,16.198,23618,Oculus Quest_Android
102.967,16.602,23622,Oculus Quest_Android
102.982,15.087,23625,Oculus Quest_Android
102.988,15.295,23629,Oculus Quest_Android
102.996,7.362,23631,Oculus Quest_Android
103.019,13.038,23634,Oculus Quest_Android
103.035,17.901,23638,Oculus Quest_Android
103.051,15.522,23642,Oculus Quest_Android
103.068,16.218,23646,Oculus Quest_Android
103.087,16.675,23650,Oculus Quest_Android
103.103,18.839,23655,Oculus Quest_Android
103.119,15.564,23659,Oculus Quest_Android
103.135,16.228,23662,Oculus Quest_Android
103.152,16.211,23666,Oculus Quest_Android
103.168,16.631,23670,Oculus Quest_Android
103.184,15.783,23674,Oculus Quest_Android
103.200,16.682,23678,Oculus Quest_Android
103.216,15.560,23682,Oculus Quest_Android
103.231,16.182,23686,Oculus Quest_Android
103.247,15.289,23690,Oculus Quest_Android
103.262,15.663,23694,Oculus Quest_Android
103.277,14.976,23697,Oculus Quest_Android
103.293,15.273,23701,Oculus Quest_Android
103.309,16.277,23705,Oculus Quest_Android
103.325,15.734,23709,Oculus Quest_Android
103.340,15.758,23712,Oculus Quest_Android
103.356,15.203,23716,Oculus Quest_Android
103.371,15.569,23720,Oculus Quest_Android
103.386,14.983,23724,Oculus Quest_Android
103.402,15.709,23727,Oculus Quest_Android
103.418,15.078,23731,Oculus Quest_Android
103.433,16.368,23735,Oculus Quest_Android
103.450,15.728,23739,Oculus Quest_Android
103.465,16.416,23743,Oculus Quest_Android
103.480,15.061,23746,Oculus Quest_Android
103.496,15.442,23750,Oculus Quest_Android
103.512,15.367,23754,Oculus Quest_Android
103.527,15.892,23758,Oculus Quest_Android
103.543,15.406,23761,Oculus Quest_Android
103.559,15.865,23765,Oculus Quest_Android
103.575,16.034,23769,Oculus Quest_Android
103.590,15.685,23773,Oculus Quest_Android
103.605,15.079,23777,Oculus Quest_Android
103.623,14.722,23780,Oculus Quest_Android
103.638,18.536,23785,Oculus Quest_Android
103.654,15.264,23788,Oculus Quest_Android
103.669,15.714,23792,Oculus Quest_Android
103.686,15.819,23796,Oculus Quest_Android
103.702,16.707,23800,Oculus Quest_Android
103.718,15.267,23804,Oculus Quest_Android
103.735,16.528,23808,Oculus Quest_Android
103.751,16.126,23812,Oculus Quest_Android
103.767,17.272,23816,Oculus Quest_Android
103.784,15.952,23820,Oculus Quest_Android
103.791,16.246,23824,Oculus Quest_Android
103.800,9.330,23826,Oculus Quest_Android
103.815,14.476,23829,Oculus Quest_Android
103.828,13.250,23833,Oculus Quest_Android
103.842,14.173,23836,Oculus Quest_Android
103.856,13.711,23839,Oculus Quest_Android
103.870,14.059,23843,Oculus Quest_Android
103.885,14.432,23846,Oculus Quest_Android
103.897,13.093,23849,Oculus Quest_Android
103.922,14.518,23853,Oculus Quest_Android
103.929,16.995,23857,Oculus Quest_Android
103.939,10.162,23859,Oculus Quest_Android
103.954,14.127,23863,Oculus Quest_Android
103.967,13.684,23866,Oculus Quest_Android
103.981,14.006,23869,Oculus Quest_Android
104.003,13.747,23873,Oculus Quest_Android
104.019,15.812,23876,Oculus Quest_Android
104.034,15.873,23880,Oculus Quest_Android
104.050,14.895,23884,Oculus Quest_Android
104.065,15.567,23887,Oculus Quest_Android
104.081,14.990,23891,Oculus Quest_Android
104.097,16.084,23895,Oculus Quest_Android
104.113,16.234,23899,Oculus Quest_Android
104.129,16.478,23903,Oculus Quest_Android
104.150,15.191,23906,Oculus Quest_Android
104.174,23.826,23912,Oculus Quest_Android
104.185,24.379,23918,Oculus Quest_Android
104.197,11.668,23921,Oculus Quest_Android
104.208,11.014,23923,Oculus Quest_Android
104.222,13.755,23927,Oculus Quest_Android
104.232,11.330,23929,Oculus Quest_Android
104.246,13.154,23933,Oculus Quest_Android
104.259,13.851,23936,Oculus Quest_Android
104.274,13.869,23939,Oculus Quest_Android
104.287,14.245,23943,Oculus Quest_Android
104.311,13.694,23946,Oculus Quest_Android
104.318,17.606,23950,Oculus Quest_Android
104.329,10.060,23953,Oculus Quest_Android
104.343,13.971,23956,Oculus Quest_Android
104.357,13.975,23959,Oculus Quest_Android
104.370,13.540,23963,Oculus Quest_Android
104.385,14.627,23966,Oculus Quest_Android
104.406,13.059,23969,Oculus Quest_Android
104.425,15.857,23973,Oculus Quest_Android
104.441,18.967,23978,Oculus Quest_Android
104.458,16.224,23981,Oculus Quest_Android
104.475,17.031,23986,Oculus Quest_Android
104.492,17.311,23990,Oculus Quest_Android
104.507,16.060,23994,Oculus Quest_Android
104.514,15.352,23997,Oculus Quest_Android
104.522,8.300,23999,Oculus Quest_Android
104.536,13.963,24003,Oculus Quest_Android
104.551,14.080,24006,Oculus Quest_Android
104.564,13.490,24009,Oculus Quest_Android
104.578,13.949,24013,Oculus Quest_Android
104.592,14.402,24016,Oculus Quest_Android
104.616,13.526,24019,Oculus Quest_Android
104.624,17.758,24024,Oculus Quest_Android
104.634,10.038,24026,Oculus Quest_Android
104.648,14.095,24029,Oculus Quest_Android
104.661,13.536,24033,Oculus Quest_Android
104.676,13.968,24036,Oculus Quest_Android
104.689,14.046,24039,Oculus Quest_Android
104.703,13.627,24043,Oculus Quest_Android
104.717,14.009,24046,Oculus Quest_Android
104.731,13.839,24049,Oculus Quest_Android
104.754,13.710,24053,Oculus Quest_Android
104.761,16.550,24057,Oculus Quest_Android
104.773,11.364,24059,Oculus Quest_Android
104.787,14.410,24063,Oculus Quest_Android
104.800,13.327,24066,Oculus Quest_Android
104.815,14.616,24070,Oculus Quest_Android
104.828,13.457,24073,Oculus Quest_Android
104.842,13.817,24076,Oculus Quest_Android
104.856,14.030,24080,Oculus Quest_Android
104.870,13.781,24083,Oculus Quest_Android
104.894,14.177,24086,Oculus Quest_Android
104.901,16.959,24090,Oculus Quest_Android
104.912,10.206,24093,Oculus Quest_Android
104.925,14.172,24096,Oculus Quest_Android
104.939,13.729,24100,Oculus Quest_Android
104.953,14.437,24103,Oculus Quest_Android
104.968,13.440,24106,Oculus Quest_Android
104.981,14.214,24110,Oculus Quest_Android
104.995,13.684,24113,Oculus Quest_Android
105.009,13.926,24117,Oculus Quest_Android
105.032,14.100,24120,Oculus Quest_Android
105.038,15.733,24124,Oculus Quest_Android
105.050,11.658,24127,Oculus Quest_Android
105.064,13.822,24130,Oculus Quest_Android
105.079,14.421,24133,Oculus Quest_Android
105.092,13.763,24137,Oculus Quest_Android
105.106,13.328,24140,Oculus Quest_Android
105.120,14.646,24144,Oculus Quest_Android
105.134,13.574,24147,Oculus Quest_Android
105.148,13.925,24150,Oculus Quest_Android
105.171,14.277,24154,Oculus Quest_Android
105.177,15.692,24158,Oculus Quest_Android
105.189,11.571,24160,Oculus Quest_Android
105.203,13.690,24164,Oculus Quest_Android
105.218,14.199,24167,Oculus Quest_Android
105.231,13.949,24170,Oculus Quest_Android
105.245,13.586,24174,Oculus Quest_Android
105.259,14.204,24177,Oculus Quest_Android
105.273,13.565,24181,Oculus Quest_Android
105.287,14.312,24184,Oculus Quest_Android
105.311,13.894,24187,Oculus Quest_Android
105.318,16.987,24191,Oculus Quest_Android
105.328,10.649,24194,Oculus Quest_Android
105.343,14.039,24197,Oculus Quest_Android
105.357,14.238,24201,Oculus Quest_Android
105.370,13.163,24204,Oculus Quest_Android
105.385,14.383,24208,Oculus Quest_Android
105.397,13.289,24211,Oculus Quest_Android
105.412,14.077,24214,Oculus Quest_Android
105.434,14.122,24218,Oculus Quest_Android
105.451,15.827,24221,Oculus Quest_Android
105.467,16.123,24225,Oculus Quest_Android
105.483,16.023,24229,Oculus Quest_Android
105.500,16.452,24233,Oculus Quest_Android
105.516,16.322,24237,Oculus Quest_Android
105.533,16.768,24241,Oculus Quest_Android
105.552,17.592,24246,Oculus Quest_Android
105.569,18.411,24250,Oculus Quest_Android
105.587,17.263,24254,Oculus Quest_Android
105.605,18.308,24259,Oculus Quest_Android
105.623,17.181,24263,Oculus Quest_Android
105.641,17.912,24267,Oculus Quest_Android
105.659,18.582,24272,Oculus Quest_Android
105.676,17.678,24276,Oculus Quest_Android
105.695,17.440,24280,Oculus Quest_Android
105.715,19.205,24285,Oculus Quest_Android
105.733,20.049,24290,Oculus Quest_Android
105.754,17.871,24294,Oculus Quest_Android
105.773,21.148,24299,Oculus Quest_Android
105.793,18.653,24304,Oculus Quest_Android
105.812,19.600,24308,Oculus Quest_Android
105.831,19.661,24313,Oculus Quest_Android
105.849,18.771,24318,Oculus Quest_Android
105.866,17.953,24322,Oculus Quest_Android
105.884,16.935,24326,Oculus Quest_Android
105.901,17.507,24330,Oculus Quest_Android
105.918,16.968,24335,Oculus Quest_Android
105.936,17.941,24339,Oculus Quest_Android
105.954,17.404,24343,Oculus Quest_Android
105.971,17.975,24347,Oculus Quest_Android
105.989,16.906,24352,Oculus Quest_Android
106.006,18.080,24356,Oculus Quest_Android
106.024,17.218,24360,Oculus Quest_Android
106.042,18.398,24365,Oculus Quest_Android
106.060,17.999,24369,Oculus Quest_Android
106.077,17.525,24373,Oculus Quest_Android
106.095,17.743,24377,Oculus Quest_Android
106.113,17.267,24382,Oculus Quest_Android
106.120,17.793,24386,Oculus Quest_Android
106.134,13.383,24389,Oculus Quest_Android
106.148,14.302,24393,Oculus Quest_Android
106.171,13.444,24396,Oculus Quest_Android
106.189,17.161,24400,Oculus Quest_Android
106.206,17.777,24404,Oculus Quest_Android
106.224,16.911,24409,Oculus Quest_Android
106.242,18.333,24413,Oculus Quest_Android
106.259,17.319,24417,Oculus Quest_Android
106.277,17.178,24421,Oculus Quest_Android
106.295,18.378,24426,Oculus Quest_Android
106.312,17.919,24430,Oculus Quest_Android
106.330,17.318,24434,Oculus Quest_Android
106.348,17.867,24439,Oculus Quest_Android
106.367,18.587,24443,Oculus Quest_Android
106.375,18.155,24448,Oculus Quest_Android
106.385,9.518,24450,Oculus Quest_Android
106.409,13.897,24453,Oculus Quest_Android
106.427,19.204,24458,Oculus Quest_Android
106.446,18.063,24462,Oculus Quest_Android
106.463,18.286,24467,Oculus Quest_Android
106.480,17.007,24471,Oculus Quest_Android
106.499,17.444,24475,Oculus Quest_Android
106.517,18.422,24480,Oculus Quest_Android
106.534,18.567,24484,Oculus Quest_Android
106.550,16.361,24488,Oculus Quest_Android
106.565,16.052,24492,Oculus Quest_Android
106.581,15.099,24496,Oculus Quest_Android
106.596,15.519,24499,Oculus Quest_Android
106.612,15.067,24503,Oculus Quest_Android
106.628,16.419,24507,Oculus Quest_Android
106.644,15.979,24511,Oculus Quest_Android
106.659,15.488,24515,Oculus Quest_Android
106.674,14.717,24518,Oculus Quest_Android
106.690,15.941,24522,Oculus Quest_Android
106.706,15.978,24526,Oculus Quest_Android
106.722,15.626,24530,Oculus Quest_Android
106.737,16.055,24534,Oculus Quest_Android
106.753,15.513,24537,Oculus Quest_Android
106.769,16.081,24541,Oculus Quest_Android
106.784,14.902,24545,Oculus Quest_Android
106.799,15.165,24548,Oculus Quest_Android
106.805,15.073,24552,Oculus Quest_Android
106.815,8.516,24554,Oculus Quest_Android
106.828,13.584,24557,Oculus Quest_Android
106.842,13.974,24561,Oculus Quest_Android
106.856,13.925,24564,Oculus Quest_Android
106.869,13.684,24567,Oculus Quest_Android
106.884,14.436,24571,Oculus Quest_Android
106.897,13.665,24574,Oculus Quest_Android
106.912,13.795,24577,Oculus Quest_Android
106.934,13.886,24581,Oculus Quest_Android
106.941,15.759,24585,Oculus Quest_Android
106.954,12.415,24587,Oculus Quest_Android
106.967,13.569,24591,Oculus Quest_Android
106.981,14.055,24594,Oculus Quest_Android
106.995,13.734,24597,Oculus Quest_Android
107.010,14.601,24601,Oculus Quest_Android
107.023,13.242,24604,Oculus Quest_Android
107.037,14.399,24608,Oculus Quest_Android
107.051,13.202,24611,Oculus Quest_Android
107.073,13.898,24614,Oculus Quest_Android
107.081,16.343,24618,Oculus Quest_Android
107.092,11.835,24621,Oculus Quest_Android
107.106,13.317,24624,Oculus Quest_Android
107.120,14.307,24627,Oculus Quest_Android
107.134,13.573,24631,Oculus Quest_Android
107.150,15.158,24634,Oculus Quest_Android
107.166,15.638,24638,Oculus Quest_Android
107.177,11.174,24641,Oculus Quest_Android
107.191,13.999,24644,Oculus Quest_Android
107.220,14.141,24648,Oculus Quest_Android
107.230,25.744,24654,Oculus Quest_Android
107.237,7.867,24656,Oculus Quest_Android
107.246,8.636,24658,Oculus Quest_Android
107.260,13.381,24661,Oculus Quest_Android
107.274,13.451,24664,Oculus Quest_Android
107.286,13.840,24667,Oculus Quest_Android
107.302,13.872,24671,Oculus Quest_Android
107.315,14.260,24674,Oculus Quest_Android
107.328,13.604,24677,Oculus Quest_Android
107.353,13.953,24681,Oculus Quest_Android
107.359,17.703,24685,Oculus Quest_Android
107.370,9.888,24687,Oculus Quest_Android
107.384,14.208,24691,Oculus Quest_Android
107.397,13.431,24694,Oculus Quest_Android
107.412,13.943,24697,Oculus Quest_Android
107.426,13.756,24701,Oculus Quest_Android
107.439,14.091,24704,Oculus Quest_Android
107.453,14.282,24708,Oculus Quest_Android
107.468,13.720,24711,Oculus Quest_Android
107.490,14.152,24714,Oculus Quest_Android
107.497,16.418,24718,Oculus Quest_Android
107.508,10.745,24721,Oculus Quest_Android
107.522,13.949,24724,Oculus Quest_Android
107.536,13.920,24727,Oculus Quest_Android
107.551,14.265,24731,Oculus Quest_Android
107.564,13.532,24734,Oculus Quest_Android
107.578,13.964,24737,Oculus Quest_Android
107.592,13.834,24741,Oculus Quest_Android
107.606,13.847,24744,Oculus Quest_Android
107.629,14.239,24747,Oculus Quest_Android
107.635,15.826,24751,Oculus Quest_Android
107.648,11.667,24754,Oculus Quest_Android
107.661,13.899,24757,Oculus Quest_Android
107.676,13.829,24761,Oculus Quest_Android
107.689,14.226,24764,Oculus Quest_Android
107.703,13.584,24767,Oculus Quest_Android
107.718,14.552,24771,Oculus Quest_Android
107.731,13.727,24774,Oculus Quest_Android
107.745,13.415,24777,Oculus Quest_Android
107.767,14.065,24781,Oculus Quest_Android
107.774,15.566,24785,Oculus Quest_Android
107.786,12.212,24787,Oculus Quest_Android
107.800,13.529,24791,Oculus Quest_Android
107.815,14.481,24794,Oculus Quest_Android
107.828,13.419,24797,Oculus Quest_Android
107.851,13.738,24801,Oculus Quest_Android
107.866,16.145,24805,Oculus Quest_Android
107.882,15.333,24808,Oculus Quest_Android
107.897,15.738,24812,Oculus Quest_Android
107.913,15.068,24816,Oculus Quest_Android
107.928,15.634,24819,Oculus Quest_Android
107.944,15.066,24823,Oculus Quest_Android
107.959,16.128,24827,Oculus Quest_Android
107.976,15.812,24831,Oculus Quest_Android
107.991,16.036,24835,Oculus Quest_Android
108.006,15.044,24838,Oculus Quest_Android
108.022,15.445,24842,Oculus Quest_Android
108.037,15.803,24846,Oculus Quest_Android
108.053,14.877,24849,Oculus Quest_Android
108.068,15.712,24853,Oculus Quest_Android
108.084,14.857,24857,Oculus Quest_Android
108.100,16.547,24861,Oculus Quest_Android
108.116,16.266,24864,Oculus Quest_Android
108.131,15.380,24868,Oculus Quest_Android
108.146,14.808,24872,Oculus Quest_Android
108.161,15.707,24875,Oculus Quest_Android
108.176,14.822,24879,Oculus Quest_Android
108.191,15.188,24883,Oculus Quest_Android
108.206,15.052,24886,Oculus Quest_Android
108.223,15.274,24890,Oculus Quest_Android
108.238,16.203,24894,Oculus Quest_Android
108.254,15.556,24898,Oculus Quest_Android
108.269,15.156,24901,Oculus Quest_Android
108.284,15.179,24905,Oculus Quest_Android
108.300,15.702,24909,Oculus Quest_Android
108.315,15.389,24912,Oculus Quest_Android
108.331,14.973,24916,Oculus Quest_Android
108.346,15.852,24920,Oculus Quest_Android
108.362,15.627,24923,Oculus Quest_Android
108.379,15.801,24927,Oculus Quest_Android
108.395,16.866,24931,Oculus Quest_Android
108.402,16.075,24935,Oculus Quest_Android
108.412,9.435,24937,Oculus Quest_Android
108.425,13.987,24941,Oculus Quest_Android
108.439,13.671,24944,Oculus Quest_Android
108.453,14.147,24947,Oculus Quest_Android
108.467,13.672,24951,Oculus Quest_Android
108.481,14.542,24954,Oculus Quest_Android
108.494,13.265,24957,Oculus Quest_Android
108.517,13.865,24961,Oculus Quest_Android
108.533,16.015,24965,Oculus Quest_Android
108.548,15.384,24968,Oculus Quest_Android
108.564,15.667,24972,Oculus Quest_Android
108.583,15.479,24976,Oculus Quest_Android
108.599,19.318,24980,Oculus Quest_Android
108.615,16.314,24984,Oculus Quest_Android
108.631,15.397,24988,Oculus Quest_Android
108.646,15.667,24992,Oculus Quest_Android
108.661,15.288,24995,Oculus Quest_Android
108.676,14.594,24999,Oculus Quest_Android
108.692,15.755,25003,Oculus Quest_Android
108.708,16.112,25007,Oculus Quest_Android
108.724,15.841,25010,Oculus Quest_Android
108.739,15.203,25014,Oculus Quest_Android
108.755,15.256,25018,Oculus Quest_Android
108.770,16.236,25022,Oculus Quest_Android
108.785,14.843,25025,Oculus Quest_Android
108.800,15.167,25029,Oculus Quest_Android
108.815,14.907,25032,Oculus Quest_Android
108.831,15.336,25036,Oculus Quest_Android
108.847,15.333,25040,Oculus Quest_Android
108.863,16.615,25043,Oculus Quest_Android
108.878,15.402,25047,Oculus Quest_Android
108.894,15.797,25051,Oculus Quest_Android
108.909,15.549,25055,Oculus Quest_Android
108.925,15.532,25058,Oculus Quest_Android
108.940,15.231,25062,Oculus Quest_Android
108.956,15.426,25066,Oculus Quest_Android
108.972,15.962,25069,Oculus Quest_Android
108.988,16.434,25073,Oculus Quest_Android
109.005,16.181,25077,Oculus Quest_Android
109.022,16.179,25081,Oculus Quest_Android
109.037,17.164,25085,Oculus Quest_Android
109.053,15.159,25089,Oculus Quest_Android
109.068,15.462,25092,Oculus Quest_Android
109.083,14.865,25096,Oculus Quest_Android
109.099,15.986,25100,Oculus Quest_Android
109.115,16.061,25103,Oculus Quest_Android
109.132,16.031,25107,Oculus Quest_Android
109.148,16.111,25111,Oculus Quest_Android
109.163,16.005,25115,Oculus Quest_Android
109.179,15.252,25119,Oculus Quest_Android
109.194,15.353,25122,Oculus Quest_Android
109.209,15.065,25126,Oculus Quest_Android
109.225,15.533,25129,Oculus Quest_Android
109.241,16.271,25133,Oculus Quest_Android
109.256,15.621,25137,Oculus Quest_Android
109.271,15.201,25141,Oculus Quest_Android
109.287,15.078,25144,Oculus Quest_Android
109.302,15.881,25148,Oculus Quest_Android
109.318,15.240,25152,Oculus Quest_Android
109.334,15.651,25155,Oculus Quest_Android
109.351,15.665,25159,Oculus Quest_Android
109.366,16.941,25163,Oculus Quest_Android
109.385,15.442,25167,Oculus Quest_Android
109.400,19.148,25171,Oculus Quest_Android
109.416,15.214,25175,Oculus Quest_Android
109.432,16.362,25179,Oculus Quest_Android
109.448,15.663,25183,Oculus Quest_Android
109.464,15.996,25186,Oculus Quest_Android
109.479,15.452,25190,Oculus Quest_Android
109.495,15.589,25194,Oculus Quest_Android
109.510,15.255,25197,Oculus Quest_Android
109.525,15.105,25201,Oculus Quest_Android
109.540,15.110,25204,Oculus Quest_Android
109.556,15.603,25208,Oculus Quest_Android
109.572,16.206,25212,Oculus Quest_Android
109.588,15.906,25216,Oculus Quest_Android
109.604,15.349,25219,Oculus Quest_Android
109.620,15.936,25223,Oculus Quest_Android
109.636,16.351,25227,Oculus Quest_Android
109.653,15.947,25231,Oculus Quest_Android
109.668,16.602,25235,Oculus Quest_Android
109.686,16.565,25239,Oculus Quest_Android
109.702,16.788,25243,Oculus Quest_Android
109.718,15.558,25247,Oculus Quest_Android
109.733,16.067,25250,Oculus Quest_Android
109.749,15.138,25254,Oculus Quest_Android
109.765,15.763,25258,Oculus Quest_Android
109.780,16.309,25262,Oculus Quest_Android
109.796,15.803,25265,Oculus Quest_Android
109.812,15.851,25269,Oculus Quest_Android
109.828,15.846,25273,Oculus Quest_Android
109.843,15.171,25277,Oculus Quest_Android
109.859,15.702,25280,Oculus Quest_Android
109.875,16.002,25284,Oculus Quest_Android
109.890,15.639,25288,Oculus Quest_Android
109.906,15.398,25292,Oculus Quest_Android
109.922,15.321,25295,Oculus Quest_Android
109.936,15.949,25299,Oculus Quest_Android
109.952,15.008,25303,Oculus Quest_Android
109.968,15.692,25307,Oculus Quest_Android
109.983,15.419,25310,Oculus Quest_Android
109.998,15.333,25314,Oculus Quest_Android
110.014,15.318,25318,Oculus Quest_Android
110.031,16.145,25321,Oculus Quest_Android
110.046,16.051,25325,Oculus Quest_Android
110.062,15.516,25329,Oculus Quest_Android
110.078,15.557,25333,Oculus Quest_Android
110.094,16.643,25337,Oculus Quest_Android
110.109,15.262,25340,Oculus Quest_Android
110.126,15.731,25344,Oculus Quest_Android
110.142,16.479,25348,Oculus Quest_Android
110.159,16.827,25352,Oculus Quest_Android
110.176,16.502,25356,Oculus Quest_Android
110.193,17.699,25360,Oculus Quest_Android
110.209,16.092,25364,Oculus Quest_Android
110.225,16.111,25368,Oculus Quest_Android
110.241,16.485,25372,Oculus Quest_Android
110.257,15.874,25376,Oculus Quest_Android
110.272,15.383,25380,Oculus Quest_Android
110.287,15.127,25383,Oculus Quest_Android
110.303,15.504,25387,Oculus Quest_Android
110.318,15.204,25391,Oculus Quest_Android
110.333,15.328,25394,Oculus Quest_Android
110.348,15.192,25398,Oculus Quest_Android
110.364,15.404,25402,Oculus Quest_Android
110.380,16.013,25405,Oculus Quest_Android
110.395,15.649,25409,Oculus Quest_Android
110.411,15.290,25413,Oculus Quest_Android
110.426,15.109,25417,Oculus Quest_Android
110.441,14.912,25420,Oculus Quest_Android
110.458,15.606,25424,Oculus Quest_Android
110.476,17.381,25428,Oculus Quest_Android
110.492,17.648,25432,Oculus Quest_Android
110.507,15.557,25436,Oculus Quest_Android
110.522,15.142,25440,Oculus Quest_Android
110.537,15.112,25443,Oculus Quest_Android
110.553,15.254,25447,Oculus Quest_Android
110.568,15.707,25451,Oculus Quest_Android
110.584,15.540,25454,Oculus Quest_Android
110.601,16.201,25458,Oculus Quest_Android
110.616,15.880,25462,Oculus Quest_Android
110.632,15.774,25466,Oculus Quest_Android
110.648,15.991,25470,Oculus Quest_Android
110.663,15.679,25474,Oculus Quest_Android
110.680,15.640,25477,Oculus Quest_Android
110.686,16.122,25481,Oculus Quest_Android
110.693,6.704,25483,Oculus Quest_Android
110.702,9.372,25485,Oculus Quest_Android
110.717,13.712,25488,Oculus Quest_Android
110.732,14.215,25492,Oculus Quest_Android
110.745,13.647,25495,Oculus Quest_Android
110.758,13.837,25498,Oculus Quest_Android
110.772,13.879,25502,Oculus Quest_Android
110.787,13.998,25505,Oculus Quest_Android
110.809,13.712,25508,Oculus Quest_Android
110.825,16.512,25512,Oculus Quest_Android
110.840,15.931,25516,Oculus Quest_Android
110.855,15.033,25520,Oculus Quest_Android
110.870,14.861,25523,Oculus Quest_Android
110.887,15.421,25527,Oculus Quest_Android
110.908,17.059,25531,Oculus Quest_Android
110.924,21.021,25536,Oculus Quest_Android
110.940,15.171,25540,Oculus Quest_Android
110.956,16.203,25544,Oculus Quest_Android
110.972,15.514,25547,Oculus Quest_Android
110.987,16.502,25551,Oculus Quest_Android
111.003,15.335,25555,Oculus Quest_Android
111.018,15.471,25559,Oculus Quest_Android
111.034,15.751,25562,Oculus Quest_Android
111.049,14.923,25566,Oculus Quest_Android
111.064,15.990,25570,Oculus Quest_Android
111.080,14.791,25573,Oculus Quest_Android
111.096,15.774,25577,Oculus Quest_Android
111.111,15.602,25581,Oculus Quest_Android
111.127,16.073,25585,Oculus Quest_Android
111.143,15.175,25588,Oculus Quest_Android
111.158,15.747,25592,Oculus Quest_Android
111.173,15.255,25596,Oculus Quest_Android
111.179,15.041,25600,Oculus Quest_Android
111.189,8.666,25602,Oculus Quest_Android
111.203,14.253,25605,Oculus Quest_Android
111.217,13.891,25608,Oculus Quest_Android
111.231,13.890,25612,Oculus Quest_Android
111.245,13.685,25615,Oculus Quest_Android
111.258,14.123,25618,Oculus Quest_Android
111.272,13.764,25622,Oculus Quest_Android
111.286,14.016,25625,Oculus Quest_Android
111.309,13.664,25628,Oculus Quest_Android
111.324,16.304,25632,Oculus Quest_Android
111.341,15.367,25636,Oculus Quest_Android
111.358,16.560,25640,Oculus Quest_Android
111.374,17.097,25644,Oculus Quest_Android
111.391,16.424,25648,Oculus Quest_Android
111.408,16.733,25652,Oculus Quest_Android
111.424,17.136,25656,Oculus Quest_Android
111.440,15.718,25660,Oculus Quest_Android
111.456,16.078,25664,Oculus Quest_Android
111.472,16.063,25668,Oculus Quest_Android
111.488,15.414,25671,Oculus Quest_Android
111.504,16.828,25675,Oculus Quest_Android
111.520,15.077,25679,Oculus Quest_Android
111.535,16.263,25683,Oculus Quest_Android
111.551,14.845,25686,Oculus Quest_Android
111.567,15.747,25690,Oculus Quest_Android
111.582,15.977,25694,Oculus Quest_Android
111.597,15.248,25698,Oculus Quest_Android
111.613,15.312,25701,Oculus Quest_Android
111.628,16.345,25705,Oculus Quest_Android
111.644,15.126,25709,Oculus Quest_Android
111.660,15.644,25713,Oculus Quest_Android
111.666,15.297,25716,Oculus Quest_Android
111.674,7.974,25718,Oculus Quest_Android
111.689,14.424,25722,Oculus Quest_Android
111.702,13.562,25725,Oculus Quest_Android
111.716,14.205,25728,Oculus Quest_Android
111.730,13.706,25732,Oculus Quest_Android
111.745,13.963,25735,Oculus Quest_Android
111.758,14.090,25738,Oculus Quest_Android
111.772,13.632,25742,Oculus Quest_Android
111.795,13.980,25745,Oculus Quest_Android
111.801,15.677,25749,Oculus Quest_Android
111.814,12.325,25752,Oculus Quest_Android
111.827,13.457,25755,Oculus Quest_Android
111.842,14.133,25759,Oculus Quest_Android
111.856,13.879,25762,Oculus Quest_Android
111.869,13.750,25765,Oculus Quest_Android
111.893,14.029,25769,Oculus Quest_Android
111.909,16.868,25773,Oculus Quest_Android
111.925,16.658,25777,Oculus Quest_Android
111.941,15.503,25781,Oculus Quest_Android
111.958,15.900,25784,Oculus Quest_Android
111.974,16.808,25788,Oculus Quest_Android
111.989,16.182,25792,Oculus Quest_Android
112.005,15.307,25796,Oculus Quest_Android
112.021,15.417,25800,Oculus Quest_Android
112.037,16.373,25804,Oculus Quest_Android
112.053,15.186,25807,Oculus Quest_Android
112.070,17.257,25812,Oculus Quest_Android
112.088,16.972,25816,Oculus Quest_Android
112.103,17.212,25820,Oculus Quest_Android
112.119,15.271,25824,Oculus Quest_Android
112.134,15.445,25827,Oculus Quest_Android
112.150,14.815,25831,Oculus Quest_Android
112.169,16.595,25835,Oculus Quest_Android
112.185,18.896,25840,Oculus Quest_Android
112.200,16.363,25844,Oculus Quest_Android
112.216,14.931,25847,Oculus Quest_Android
112.231,15.604,25851,Oculus Quest_Android
112.247,15.221,25855,Oculus Quest_Android
112.262,15.946,25858,Oculus Quest_Android
112.278,15.450,25862,Oculus Quest_Android
112.285,16.144,25866,Oculus Quest_Android
112.295,9.751,25869,Oculus Quest_Android
112.302,6.991,25870,Oculus Quest_Android
112.314,11.554,25873,Oculus Quest_Android
112.328,13.834,25876,Oculus Quest_Android
112.342,13.897,25880,Oculus Quest_Android
112.356,14.174,25883,Oculus Quest_Android
112.369,13.432,25886,Oculus Quest_Android
112.383,14.025,25890,Oculus Quest_Android
112.406,13.802,25893,Oculus Quest_Android
112.413,16.280,25897,Oculus Quest_Android
112.433,11.272,25900,Oculus Quest_Android
112.450,15.898,25904,Oculus Quest_Android
112.465,16.314,25908,Oculus Quest_Android
112.481,15.208,25911,Oculus Quest_Android
112.496,15.899,25915,Oculus Quest_Android
112.512,15.421,25919,Oculus Quest_Android
112.528,15.403,25923,Oculus Quest_Android
112.544,16.462,25927,Oculus Quest_Android
112.560,16.512,25931,Oculus Quest_Android
112.577,15.599,25934,Oculus Quest_Android
112.593,16.971,25939,Oculus Quest_Android
112.608,15.468,25942,Oculus Quest_Android
112.624,15.646,25946,Oculus Quest_Android
112.639,15.289,25950,Oculus Quest_Android
112.655,15.363,25954,Oculus Quest_Android
112.671,16.135,25957,Oculus Quest_Android
112.686,15.741,25961,Oculus Quest_Android
112.702,15.517,25965,Oculus Quest_Android
112.716,15.082,25969,Oculus Quest_Android
112.731,14.523,25972,Oculus Quest_Android
112.746,14.061,25976,Oculus Quest_Android
112.760,15.234,25979,Oculus Quest_Android
112.775,14.256,25983,Oculus Quest_Android
112.789,14.522,25986,Oculus Quest_Android
112.803,14.250,25990,Oculus Quest_Android
112.817,14.182,25993,Oculus Quest_Android
112.832,14.727,25997,Oculus Quest_Android
112.847,15.043,26000,Oculus Quest_Android
112.862,14.534,26004,Oculus Quest_Android
112.876,14.647,26007,Oculus Quest_Android
112.883,14.587,26011,Oculus Quest_Android
112.896,13.529,26014,Oculus Quest_Android
112.910,13.817,26017,Oculus Quest_Android
112.924,13.860,26021,Oculus Quest_Android
112.947,13.902,26024,Oculus Quest_Android
112.962,15.817,26028,Oculus Quest_Android
112.977,15.012,26031,Oculus Quest_Android
112.991,14.763,26035,Oculus Quest_Android
113.005,14.123,26038,Oculus Quest_Android
113.020,14.181,26042,Oculus Quest_Android
113.034,14.634,26045,Oculus Quest_Android
113.048,14.176,26049,Oculus Quest_Android
113.063,14.231,26052,Oculus Quest_Android
113.077,14.294,26055,Oculus Quest_Android
113.091,14.197,26059,Oculus Quest_Android
113.105,14.222,26062,Oculus Quest_Android
113.120,14.210,26066,Oculus Quest_Android
113.135,14.661,26069,Oculus Quest_Android
113.150,14.746,26073,Oculus Quest_Android
113.165,15.121,26076,Oculus Quest_Android
113.181,14.948,26080,Oculus Quest_Android
113.197,16.390,26084,Oculus Quest_Android
113.212,16.054,26088,Oculus Quest_Android
113.227,14.982,26091,Oculus Quest_Android
113.241,14.622,26095,Oculus Quest_Android
113.256,14.532,26098,Oculus Quest_Android
113.270,14.194,26102,Oculus Quest_Android
113.285,13.916,26105,Oculus Quest_Android
113.299,15.901,26109,Oculus Quest_Android
113.313,13.982,26112,Oculus Quest_Android
113.328,14.044,26116,Oculus Quest_Android
113.343,14.787,26119,Oculus Quest_Android
113.357,14.300,26123,Oculus Quest_Android
113.371,14.463,26126,Oculus Quest_Android
113.386,14.044,26129,Oculus Quest_Android
113.400,14.731,26133,Oculus Quest_Android
113.415,14.093,26136,Oculus Quest_Android
113.430,15.681,26140,Oculus Quest_Android
113.445,14.246,26144,Oculus Quest_Android
113.459,14.888,26147,Oculus Quest_Android
113.473,14.135,26151,Oculus Quest_Android
113.488,14.267,26154,Oculus Quest_Android
113.504,15.537,26158,Oculus Quest_Android
113.519,15.270,26161,Oculus Quest_Android
113.533,15.134,26165,Oculus Quest_Android
113.547,14.063,26168,Oculus Quest_Android
113.562,14.322,26172,Oculus Quest_Android
113.576,14.661,26175,Oculus Quest_Android
113.591,14.376,26179,Oculus Quest_Android
113.605,14.319,26182,Oculus Quest_Android
113.619,14.243,26186,Oculus Quest_Android
113.635,14.737,26189,Oculus Quest_Android
113.650,14.802,26193,Oculus Quest_Android
113.665,15.223,26196,Oculus Quest_Android
113.680,14.683,26200,Oculus Quest_Android
113.696,15.764,26204,Oculus Quest_Android
113.711,16.220,26208,Oculus Quest_Android
113.725,14.432,26211,Oculus Quest_Android
113.739,14.231,26214,Oculus Quest_Android
113.755,14.591,26218,Oculus Quest_Android
113.769,15.172,26222,Oculus Quest_Android
113.783,14.302,26225,Oculus Quest_Android
113.797,14.046,26228,Oculus Quest_Android
113.811,13.740,26232,Oculus Quest_Android
113.825,14.141,26235,Oculus Quest_Android
113.840,14.443,26239,Oculus Quest_Android
113.855,14.872,26242,Oculus Quest_Android
113.869,14.368,26246,Oculus Quest_Android
113.883,13.955,26249,Oculus Quest_Android
113.897,14.274,26252,Oculus Quest_Android
113.911,13.906,26256,Oculus Quest_Android
113.926,14.449,26259,Oculus Quest_Android
113.940,14.439,26263,Oculus Quest_Android
113.955,14.881,26266,Oculus Quest_Android
113.961,14.641,26270,Oculus Quest_Android
113.968,6.868,26271,Oculus Quest_Android
113.980,11.290,26274,Oculus Quest_Android
113.994,13.911,26277,Oculus Quest_Android
114.008,13.783,26281,Oculus Quest_Android
114.031,14.065,26284,Oculus Quest_Android
114.046,15.666,26288,Oculus Quest_Android
114.061,15.769,26292,Oculus Quest_Android
114.077,14.733,26295,Oculus Quest_Android
114.093,15.531,26299,Oculus Quest_Android
114.108,16.259,26303,Oculus Quest_Android
114.123,14.846,26306,Oculus Quest_Android
114.137,14.506,26310,Oculus Quest_Android
114.152,14.458,26313,Oculus Quest_Android
114.167,15.493,26317,Oculus Quest_Android
114.182,14.904,26321,Oculus Quest_Android
114.197,15.128,26324,Oculus Quest_Android
114.212,14.676,26328,Oculus Quest_Android
114.227,14.699,26331,Oculus Quest_Android
114.241,14.935,26335,Oculus Quest_Android
114.255,14.488,26338,Oculus Quest_Android
114.271,14.300,26342,Oculus Quest_Android
114.285,15.263,26345,Oculus Quest_Android
114.300,14.613,26349,Oculus Quest_Android
114.315,14.393,26352,Oculus Quest_Android
114.329,14.898,26356,Oculus Quest_Android
114.345,14.311,26359,Oculus Quest_Android
114.361,15.778,26363,Oculus Quest_Android
114.376,15.922,26367,Oculus Quest_Android
114.390,14.980,26371,Oculus Quest_Android
114.405,14.950,26374,Oculus Quest_Android
114.420,14.811,26378,Oculus Quest_Android
114.435,14.824,26381,Oculus Quest_Android
114.450,15.160,26385,Oculus Quest_Android
114.465,15.294,26389,Oculus Quest_Android
114.480,14.423,26392,Oculus Quest_Android
114.495,14.931,26396,Oculus Quest_Android
114.509,14.230,26399,Oculus Quest_Android
114.523,14.385,26402,Oculus Quest_Android
114.537,14.448,26406,Oculus Quest_Android
114.552,14.129,26409,Oculus Quest_Android
114.567,15.233,26413,Oculus Quest_Android
114.581,14.242,26416,Oculus Quest_Android
114.596,14.309,26420,Oculus Quest_Android
114.611,14.563,26423,Oculus Quest_Android
114.627,15.577,26427,Oculus Quest_Android
114.643,16.108,26431,Oculus Quest_Android
114.658,15.708,26435,Oculus Quest_Android
114.673,14.761,26438,Oculus Quest_Android
114.689,15.169,26442,Oculus Quest_Android
114.704,15.764,26446,Oculus Quest_Android
114.719,15.366,26449,Oculus Quest_Android
114.734,15.093,26453,Oculus Quest_Android
114.749,14.494,26456,Oculus Quest_Android
114.763,15.111,26460,Oculus Quest_Android
114.778,14.721,26464,Oculus Quest_Android
114.793,14.920,26467,Oculus Quest_Android
114.808,14.892,26471,Oculus Quest_Android
114.823,15.044,26474,Oculus Quest_Android
114.837,14.809,26478,Oculus Quest_Android
114.852,14.148,26481,Oculus Quest_Android
114.866,14.823,26485,Oculus Quest_Android
114.881,14.116,26488,Oculus Quest_Android
114.895,14.478,26492,Oculus Quest_Android
114.909,14.117,26495,Oculus Quest_Android
114.924,14.503,26499,Oculus Quest_Android
114.939,14.687,26502,Oculus Quest_Android
114.953,14.622,26506,Oculus Quest_Android
114.967,14.398,26509,Oculus Quest_Android
114.982,13.853,26512,Oculus Quest_Android
114.996,15.088,26516,Oculus Quest_Android
115.011,14.330,26520,Oculus Quest_Android
115.026,14.355,26523,Oculus Quest_Android
115.041,15.222,26527,Oculus Quest_Android
115.055,14.501,26530,Oculus Quest_Android
115.069,14.472,26534,Oculus Quest_Android
115.085,14.381,26537,Oculus Quest_Android
115.100,15.791,26541,Oculus Quest_Android
115.115,14.996,26544,Oculus Quest_Android
115.129,14.722,26548,Oculus Quest_Android
115.144,14.670,26551,Oculus Quest_Android
115.159,14.471,26555,Oculus Quest_Android
115.174,15.152,26559,Oculus Quest_Android
115.188,14.583,26562,Oculus Quest_Android
115.202,14.411,26566,Oculus Quest_Android
115.217,14.163,26569,Oculus Quest_Android
115.232,14.788,26572,Oculus Quest_Android
115.247,14.960,26576,Oculus Quest_Android
115.261,14.792,26580,Oculus Quest_Android
115.276,14.293,26583,Oculus Quest_Android
115.291,14.820,26587,Oculus Quest_Android
115.307,15.099,26590,Oculus Quest_Android
115.322,16.122,26594,Oculus Quest_Android
115.337,15.275,26598,Oculus Quest_Android
115.354,14.952,26601,Oculus Quest_Android
115.369,16.848,26605,Oculus Quest_Android
115.384,14.597,26609,Oculus Quest_Android
115.398,14.787,26612,Oculus Quest_Android
115.413,14.202,26616,Oculus Quest_Android
115.429,15.201,26620,Oculus Quest_Android
115.444,15.503,26623,Oculus Quest_Android
115.460,16.074,26627,Oculus Quest_Android
115.475,15.658,26631,Oculus Quest_Android
115.489,14.712,26634,Oculus Quest_Android
115.504,14.264,26638,Oculus Quest_Android
115.518,14.578,26641,Oculus Quest_Android
115.533,14.057,26645,Oculus Quest_Android
115.548,15.598,26648,Oculus Quest_Android
115.563,14.819,26652,Oculus Quest_Android
115.578,14.395,26655,Oculus Quest_Android
115.592,15.231,26659,Oculus Quest_Android
115.608,14.611,26663,Oculus Quest_Android
115.623,15.355,26666,Oculus Quest_Android
115.638,15.025,26670,Oculus Quest_Android
115.653,14.833,26673,Oculus Quest_Android
115.669,15.323,26677,Oculus Quest_Android
115.685,16.075,26681,Oculus Quest_Android
115.701,15.784,26685,Oculus Quest_Android
115.716,15.963,26689,Oculus Quest_Android
115.731,15.483,26692,Oculus Quest_Android
115.746,14.475,26696,Oculus Quest_Android
115.761,15.066,26699,Oculus Quest_Android
115.779,14.893,26703,Oculus Quest_Android
115.795,19.222,26708,Oculus Quest_Android
115.811,15.668,26711,Oculus Quest_Android
115.826,15.373,26715,Oculus Quest_Android
115.842,15.679,26719,Oculus Quest_Android
115.857,15.368,26723,Oculus Quest_Android
115.872,14.879,26726,Oculus Quest_Android
115.887,14.908,26730,Oculus Quest_Android
115.903,15.356,26734,Oculus Quest_Android
115.920,16.400,26738,Oculus Quest_Android
115.936,16.601,26742,Oculus Quest_Android
115.952,15.761,26745,Oculus Quest_Android
115.969,16.724,26750,Oculus Quest_Android
115.989,19.535,26754,Oculus Quest_Android
116.005,17.225,26758,Oculus Quest_Android
116.020,15.526,26762,Oculus Quest_Android
116.035,15.392,26766,Oculus Quest_Android
116.050,15.036,26770,Oculus Quest_Android
116.065,15.206,26773,Oculus Quest_Android
116.081,14.755,26777,Oculus Quest_Android
116.096,15.296,26781,Oculus Quest_Android
116.111,15.297,26784,Oculus Quest_Android
116.126,15.637,26788,Oculus Quest_Android
116.143,15.573,26792,Oculus Quest_Android
116.159,16.064,26796,Oculus Quest_Android
116.175,16.281,26800,Oculus Quest_Android
116.190,15.412,26803,Oculus Quest_Android
116.205,14.984,26807,Oculus Quest_Android
116.222,15.161,26811,Oculus Quest_Android
116.238,17.068,26815,Oculus Quest_Android
116.254,16.313,26819,Oculus Quest_Android
116.269,15.210,26822,Oculus Quest_Android
116.284,14.745,26826,Oculus Quest_Android
116.300,15.720,26830,Oculus Quest_Android
116.315,15.797,26834,Oculus Quest_Android
116.329,14.700,26837,Oculus Quest_Android
116.345,14.330,26841,Oculus Quest_Android
116.361,16.382,26845,Oculus Quest_Android
116.377,15.696,26849,Oculus Quest_Android
116.394,16.273,26852,Oculus Quest_Android
116.410,17.318,26857,Oculus Quest_Android
116.425,15.202,26860,Oculus Quest_Android
116.440,15.166,26864,Oculus Quest_Android
116.456,15.345,26868,Oculus Quest_Android
116.470,15.049,26871,Oculus Quest_Android
116.486,14.670,26875,Oculus Quest_Android
116.501,15.857,26879,Oculus Quest_Android
116.517,15.166,26882,Oculus Quest_Android
116.533,16.118,26886,Oculus Quest_Android
116.549,16.188,26890,Oculus Quest_Android
116.565,15.854,26894,Oculus Quest_Android
116.582,15.797,26898,Oculus Quest_Android
116.597,17.275,26902,Oculus Quest_Android
116.614,15.674,26906,Oculus Quest_Android
116.629,15.979,26910,Oculus Quest_Android
116.645,15.344,26914,Oculus Quest_Android
116.660,15.891,26917,Oculus Quest_Android
116.675,14.591,26921,Oculus Quest_Android
116.690,14.983,26925,Oculus Quest_Android
116.705,15.278,26928,Oculus Quest_Android
116.720,14.621,26932,Oculus Quest_Android
116.736,15.405,26936,Oculus Quest_Android
116.745,16.128,26939,Oculus Quest_Android
116.752,9.287,26942,Oculus Quest_Android
116.760,7.369,26943,Oculus Quest_Android
116.772,12.575,26947,Oculus Quest_Android
116.785,13.318,26950,Oculus Quest_Android
116.799,13.853,26953,Oculus Quest_Android
116.813,14.090,26956,Oculus Quest_Android
116.827,13.764,26960,Oculus Quest_Android
116.841,13.959,26963,Oculus Quest_Android
116.863,13.510,26966,Oculus Quest_Android
116.869,15.210,26970,Oculus Quest_Android
116.883,12.817,26973,Oculus Quest_Android
116.896,13.987,26976,Oculus Quest_Android
116.911,13.730,26980,Oculus Quest_Android
116.924,13.854,26983,Oculus Quest_Android
116.937,13.724,26986,Oculus Quest_Android
116.952,14.228,26990,Oculus Quest_Android
116.965,13.644,26993,Oculus Quest_Android
116.979,13.990,26996,Oculus Quest_Android
117.002,13.800,27000,Oculus Quest_Android
117.009,15.485,27003,Oculus Quest_Android
117.021,12.519,27006,Oculus Quest_Android
117.035,13.878,27010,Oculus Quest_Android
117.049,13.957,27013,Oculus Quest_Android
117.065,15.091,27017,Oculus Quest_Android
117.077,12.558,27020,Oculus Quest_Android
117.090,13.722,27023,Oculus Quest_Android
117.104,13.788,27026,Oculus Quest_Android
117.119,14.296,27030,Oculus Quest_Android
117.142,13.677,27033,Oculus Quest_Android
117.149,16.568,27037,Oculus Quest_Android
117.160,11.220,27040,Oculus Quest_Android
117.175,14.189,27043,Oculus Quest_Android
117.188,13.672,27046,Oculus Quest_Android
117.202,13.692,27050,Oculus Quest_Android
117.216,14.242,27053,Oculus Quest_Android
117.230,13.779,27056,Oculus Quest_Android
117.244,13.721,27060,Oculus Quest_Android
117.258,14.273,27063,Oculus Quest_Android
117.281,13.924,27066,Oculus Quest_Android
117.287,16.029,27070,Oculus Quest_Android
117.299,11.440,27073,Oculus Quest_Android
117.322,13.983,27076,Oculus Quest_Android
117.336,15.068,27080,Oculus Quest_Android
117.352,14.812,27084,Oculus Quest_Android
117.366,15.372,27087,Oculus Quest_Android
117.382,14.782,27091,Oculus Quest_Android
117.396,15.239,27094,Oculus Quest_Android
117.411,14.275,27098,Oculus Quest_Android
117.426,15.402,27102,Oculus Quest_Android
117.442,14.628,27105,Oculus Quest_Android
117.456,15.404,27109,Oculus Quest_Android
117.471,14.512,27112,Oculus Quest_Android
117.485,14.562,27116,Oculus Quest_Android
117.501,14.995,27119,Oculus Quest_Android
117.515,14.941,27123,Oculus Quest_Android
117.530,14.885,27127,Oculus Quest_Android
117.544,14.195,27130,Oculus Quest_Android
117.559,15.155,27134,Oculus Quest_Android
117.574,14.488,27137,Oculus Quest_Android
117.588,14.553,27141,Oculus Quest_Android
117.602,14.182,27144,Oculus Quest_Android
117.617,14.390,27147,Oculus Quest_Android
117.632,14.766,27151,Oculus Quest_Android
117.646,14.552,27154,Oculus Quest_Android
117.661,14.892,27158,Oculus Quest_Android
117.675,14.297,27161,Oculus Quest_Android
117.689,14.065,27165,Oculus Quest_Android
117.703,14.056,27168,Oculus Quest_Android
117.717,13.809,27171,Oculus Quest_Android
117.731,14.237,27175,Oculus Quest_Android
117.746,14.289,27178,Oculus Quest_Android
117.760,14.291,27182,Oculus Quest_Android
117.775,14.281,27185,Oculus Quest_Android
117.789,14.372,27189,Oculus Quest_Android
117.803,14.322,27192,Oculus Quest_Android
117.818,14.245,27196,Oculus Quest_Android
117.833,15.140,27199,Oculus Quest_Android
117.839,15.032,27203,Oculus Quest_Android
117.846,6.970,27205,Oculus Quest_Android
117.854,8.147,27207,Oculus Quest_Android
117.869,13.885,27210,Oculus Quest_Android
117.882,13.775,27213,Oculus Quest_Android
117.896,14.001,27217,Oculus Quest_Android
117.911,13.869,27220,Oculus Quest_Android
117.924,13.887,27223,Oculus Quest_Android
117.938,13.817,27227,Oculus Quest_Android
117.961,14.093,27230,Oculus Quest_Android
117.967,15.078,27234,Oculus Quest_Android
117.980,12.620,27237,Oculus Quest_Android
117.994,14.034,27240,Oculus Quest_Android
118.007,13.516,27244,Oculus Quest_Android
118.022,14.353,27247,Oculus Quest_Android
118.035,13.553,27250,Oculus Quest_Android
118.049,14.123,27254,Oculus Quest_Android
118.063,13.694,27257,Oculus Quest_Android
118.077,13.883,27260,Oculus Quest_Android
118.099,13.829,27264,Oculus Quest_Android
118.105,15.302,27268,Oculus Quest_Android
118.119,12.747,27271,Oculus Quest_Android
118.132,13.724,27274,Oculus Quest_Android
118.147,14.145,27277,Oculus Quest_Android
118.169,13.726,27281,Oculus Quest_Android
118.184,15.331,27284,Oculus Quest_Android
118.198,14.527,27288,Oculus Quest_Android
118.213,14.546,27291,Oculus Quest_Android
118.228,14.706,27295,Oculus Quest_Android
118.242,14.681,27299,Oculus Quest_Android
118.256,14.399,27302,Oculus Quest_Android
118.271,14.082,27306,Oculus Quest_Android
118.285,14.364,27309,Oculus Quest_Android
118.300,14.894,27313,Oculus Quest_Android
118.315,14.273,27316,Oculus Quest_Android
118.329,14.966,27320,Oculus Quest_Android
118.343,14.081,27323,Oculus Quest_Android
118.357,14.321,27327,Oculus Quest_Android
118.372,14.239,27330,Oculus Quest_Android
118.386,14.483,27334,Oculus Quest_Android
118.402,14.318,27337,Oculus Quest_Android
118.417,15.560,27341,Oculus Quest_Android
118.431,14.945,27344,Oculus Quest_Android
118.446,14.273,27348,Oculus Quest_Android
118.461,15.663,27352,Oculus Quest_Android
118.476,14.580,27355,Oculus Quest_Android
118.491,15.326,27359,Oculus Quest_Android
118.507,15.112,27363,Oculus Quest_Android
118.522,15.504,27366,Oculus Quest_Android
118.538,15.384,27370,Oculus Quest_Android
118.553,15.287,27374,Oculus Quest_Android
118.560,15.664,27378,Oculus Quest_Android
118.566,7.083,27379,Oculus Quest_Android
118.577,10.086,27382,Oculus Quest_Android
118.591,13.797,27385,Oculus Quest_Android
118.605,13.993,27388,Oculus Quest_Android
118.619,13.887,27392,Oculus Quest_Android
118.633,13.917,27395,Oculus Quest_Android
118.647,13.970,27399,Oculus Quest_Android
118.661,14.097,27402,Oculus Quest_Android
118.684,13.296,27405,Oculus Quest_Android
118.691,17.298,27409,Oculus Quest_Android
118.702,10.753,27412,Oculus Quest_Android
118.726,13.907,27415,Oculus Quest_Android
118.743,16.921,27420,Oculus Quest_Android
118.759,16.571,27424,Oculus Quest_Android
118.775,15.892,27427,Oculus Quest_Android
118.792,16.528,27431,Oculus Quest_Android
118.809,16.968,27435,Oculus Quest_Android
118.816,16.963,27439,Oculus Quest_Android
118.827,11.342,27442,Oculus Quest_Android
118.841,13.692,27445,Oculus Quest_Android
118.855,13.785,27449,Oculus Quest_Android
118.869,13.920,27452,Oculus Quest_Android
118.884,14.222,27456,Oculus Quest_Android
118.896,13.663,27459,Oculus Quest_Android
118.911,13.807,27462,Oculus Quest_Android
118.925,13.932,27465,Oculus Quest_Android
118.949,14.131,27469,Oculus Quest_Android
118.955,17.500,27473,Oculus Quest_Android
118.966,10.192,27476,Oculus Quest_Android
118.980,13.962,27479,Oculus Quest_Android
118.994,13.815,27482,Oculus Quest_Android
119.008,13.786,27486,Oculus Quest_Android
119.022,14.002,27489,Oculus Quest_Android
119.035,13.782,27492,Oculus Quest_Android
119.049,13.859,27495,Oculus Quest_Android
119.063,13.800,27499,Oculus Quest_Android
119.087,13.795,27502,Oculus Quest_Android
119.094,17.183,27506,Oculus Quest_Android
119.105,10.741,27509,Oculus Quest_Android
119.119,14.076,27512,Oculus Quest_Android
119.133,13.687,27515,Oculus Quest_Android
119.148,14.204,27519,Oculus Quest_Android
119.161,13.826,27522,Oculus Quest_Android
119.175,13.656,27525,Oculus Quest_Android
119.189,14.115,27529,Oculus Quest_Android
119.203,13.924,27532,Oculus Quest_Android
119.227,14.446,27536,Oculus Quest_Android
119.234,17.341,27540,Oculus Quest_Android
119.244,9.529,27542,Oculus Quest_Android
119.258,14.060,27546,Oculus Quest_Android
119.272,13.718,27549,Oculus Quest_Android
119.286,14.142,27552,Oculus Quest_Android
119.299,13.839,27556,Oculus Quest_Android
119.313,13.844,27559,Oculus Quest_Android
119.327,13.862,27562,Oculus Quest_Android
119.341,13.803,27565,Oculus Quest_Android
119.365,14.065,27569,Oculus Quest_Android
119.372,16.739,27573,Oculus Quest_Android
119.383,11.234,27576,Oculus Quest_Android
119.397,13.702,27579,Oculus Quest_Android
119.411,13.717,27582,Oculus Quest_Android
119.424,13.897,27585,Oculus Quest_Android
119.439,14.126,27589,Oculus Quest_Android
119.453,14.062,27592,Oculus Quest_Android
119.466,13.531,27595,Oculus Quest_Android
119.480,14.153,27599,Oculus Quest_Android
119.505,14.370,27602,Oculus Quest_Android
119.511,17.344,27607,Oculus Quest_Android
119.522,9.808,27609,Oculus Quest_Android
119.536,13.978,27612,Oculus Quest_Android
119.550,13.983,27616,Oculus Quest_Android
119.563,13.629,27619,Oculus Quest_Android
119.578,14.339,27622,Oculus Quest_Android
119.592,13.664,27626,Oculus Quest_Android
119.606,13.862,27629,Oculus Quest_Android
119.620,14.672,27632,Oculus Quest_Android
119.646,13.229,27636,Oculus Quest_Android
119.654,20.306,27640,Oculus Quest_Android
119.663,8.745,27643,Oculus Quest_Android
119.676,13.375,27646,Oculus Quest_Android
119.689,13.426,27649,Oculus Quest_Android
119.703,13.727,27652,Oculus Quest_Android
119.717,13.941,27656,Oculus Quest_Android
119.731,14.022,27659,Oculus Quest_Android
119.745,13.864,27662,Oculus Quest_Android
119.759,14.050,27666,Oculus Quest_Android
119.785,13.761,27669,Oculus Quest_Android
119.804,19.840,27674,Oculus Quest_Android
119.824,18.954,27678,Oculus Quest_Android
119.845,21.457,27683,Oculus Quest_Android
119.865,20.213,27688,Oculus Quest_Android
119.885,19.702,27693,Oculus Quest_Android
119.904,20.058,27698,Oculus Quest_Android
119.924,19.371,27702,Oculus Quest_Android
119.944,19.344,27707,Oculus Quest_Android
119.963,19.592,27712,Oculus Quest_Android
119.983,20.101,27717,Oculus Quest_Android
120.002,18.966,27721,Oculus Quest_Android
120.022,19.472,27726,Oculus Quest_Android
120.041,19.799,27731,Oculus Quest_Android
120.061,19.241,27735,Oculus Quest_Android
120.080,19.687,27740,Oculus Quest_Android
120.099,19.219,27745,Oculus Quest_Android
120.119,19.368,27749,Oculus Quest_Android
120.138,19.382,27754,Oculus Quest_Android
120.158,19.391,27759,Oculus Quest_Android
120.177,19.656,27763,Oculus Quest_Android
120.197,19.388,27768,Oculus Quest_Android
120.216,19.815,27773,Oculus Quest_Android
120.236,19.727,27777,Oculus Quest_Android
120.255,19.342,27782,Oculus Quest_Android
120.275,19.321,27787,Oculus Quest_Android
120.294,19.273,27791,Oculus Quest_Android
120.313,19.470,27796,Oculus Quest_Android
120.333,19.108,27801,Oculus Quest_Android
120.353,19.682,27805,Oculus Quest_Android
120.372,19.914,27810,Oculus Quest_Android
120.392,18.947,27815,Oculus Quest_Android
120.409,19.943,27819,Oculus Quest_Android
120.435,16.805,27823,Oculus Quest_Android
120.454,26.018,27830,Oculus Quest_Android
120.473,21.087,27835,Oculus Quest_Android
120.492,18.090,27839,Oculus Quest_Android
120.510,17.979,27843,Oculus Quest_Android
120.528,18.186,27848,Oculus Quest_Android
120.545,17.718,27852,Oculus Quest_Android
120.562,17.048,27856,Oculus Quest_Android
120.578,17.002,27860,Oculus Quest_Android
120.594,16.278,27864,Oculus Quest_Android
120.611,15.873,27868,Oculus Quest_Android
120.628,17.042,27872,Oculus Quest_Android
120.644,16.770,27876,Oculus Quest_Android
120.651,16.539,27880,Oculus Quest_Android
120.660,8.822,27882,Oculus Quest_Android
120.674,14.022,27885,Oculus Quest_Android
120.689,14.189,27889,Oculus Quest_Android
120.702,13.805,27892,Oculus Quest_Android
120.726,13.926,27896,Oculus Quest_Android
120.742,16.342,27899,Oculus Quest_Android
120.758,16.219,27903,Oculus Quest_Android
120.775,16.408,27907,Oculus Quest_Android
120.791,16.480,27911,Oculus Quest_Android
120.808,16.545,27915,Oculus Quest_Android
120.825,17.488,27919,Oculus Quest_Android
120.841,16.214,27923,Oculus Quest_Android
120.857,15.847,27927,Oculus Quest_Android
120.874,16.114,27931,Oculus Quest_Android
120.892,17.622,27935,Oculus Quest_Android
120.908,17.501,27939,Oculus Quest_Android
120.922,15.360,27943,Oculus Quest_Android
120.936,14.258,27946,Oculus Quest_Android
120.951,14.047,27949,Oculus Quest_Android
120.966,15.306,27953,Oculus Quest_Android
120.980,14.355,27957,Oculus Quest_Android
120.995,14.667,27960,Oculus Quest_Android
121.010,14.410,27963,Oculus Quest_Android
121.025,14.822,27967,Oculus Quest_Android
121.040,15.315,27971,Oculus Quest_Android
121.057,15.346,27974,Oculus Quest_Android
121.074,17.743,27978,Oculus Quest_Android
121.089,16.699,27982,Oculus Quest_Android
121.103,14.625,27986,Oculus Quest_Android
121.118,14.219,27989,Oculus Quest_Android
121.132,14.727,27993,Oculus Quest_Android
121.147,13.917,27996,Oculus Quest_Android
121.162,14.832,28000,Oculus Quest_Android
121.176,14.845,28003,Oculus Quest_Android
121.190,14.026,28006,Oculus Quest_Android
121.204,14.198,28010,Oculus Quest_Android
121.220,14.299,28013,Oculus Quest_Android
121.234,15.259,28017,Oculus Quest_Android
121.249,14.566,28020,Oculus Quest_Android
121.264,15.007,28024,Oculus Quest_Android
121.279,15.008,28027,Oculus Quest_Android
121.294,15.246,28031,Oculus Quest_Android
121.309,14.914,28035,Oculus Quest_Android
121.324,15.017,28038,Oculus Quest_Android
121.338,14.405,28042,Oculus Quest_Android
121.353,14.419,28045,Oculus Quest_Android
121.367,14.669,28049,Oculus Quest_Android
121.381,13.973,28052,Oculus Quest_Android
121.396,14.720,28055,Oculus Quest_Android
121.410,14.061,28059,Oculus Quest_Android
121.425,14.816,28062,Oculus Quest_Android
121.439,14.112,28066,Oculus Quest_Android
121.458,14.697,28069,Oculus Quest_Android
121.473,18.676,28073,Oculus Quest_Android
121.489,15.296,28077,Oculus Quest_Android
121.495,15.969,28081,Oculus Quest_Android
121.507,11.584,28084,Oculus Quest_Android
121.521,14.077,28087,Oculus Quest_Android
121.544,13.840,28090,Oculus Quest_Android
121.559,15.545,28094,Oculus Quest_Android
121.574,15.125,28098,Oculus Quest_Android
121.588,14.562,28101,Oculus Quest_Android
121.602,14.139,28104,Oculus Quest_Android
121.617,14.234,28108,Oculus Quest_Android
121.631,14.673,28111,Oculus Quest_Android
121.645,13.764,28115,Oculus Quest_Android
121.659,13.927,28118,Oculus Quest_Android
121.673,14.117,28121,Oculus Quest_Android
121.688,14.317,28125,Oculus Quest_Android
121.702,14.791,28128,Oculus Quest_Android
121.716,13.961,28131,Oculus Quest_Android
121.730,14.504,28135,Oculus Quest_Android
121.745,14.029,28138,Oculus Quest_Android
121.759,14.402,28142,Oculus Quest_Android
121.774,14.332,28145,Oculus Quest_Android
121.789,14.955,28149,Oculus Quest_Android
121.803,14.454,28152,Oculus Quest_Android
121.819,14.560,28156,Oculus Quest_Android
121.833,15.757,28159,Oculus Quest_Android
121.848,14.118,28163,Oculus Quest_Android
121.862,14.709,28166,Oculus Quest_Android
121.877,14.433,28170,Oculus Quest_Android
121.892,14.707,28173,Oculus Quest_Android
121.906,14.942,28177,Oculus Quest_Android
121.921,14.212,28180,Oculus Quest_Android
121.935,14.863,28184,Oculus Quest_Android
121.950,14.364,28187,Oculus Quest_Android
121.965,15.137,28191,Oculus Quest_Android
121.979,14.214,28194,Oculus Quest_Android
121.993,14.069,28198,Oculus Quest_Android
122.007,13.887,28201,Oculus Quest_Android
122.023,14.590,28205,Oculus Quest_Android
122.038,15.873,28208,Oculus Quest_Android
122.053,15.248,28212,Oculus Quest_Android
122.069,15.368,28216,Oculus Quest_Android
122.086,16.167,28220,Oculus Quest_Android
122.101,16.464,28224,Oculus Quest_Android
122.116,14.660,28227,Oculus Quest_Android
122.130,14.971,28231,Oculus Quest_Android
122.145,14.429,28234,Oculus Quest_Android
122.161,15.402,28238,Oculus Quest_Android
122.176,15.268,28241,Oculus Quest_Android
122.192,15.258,28245,Oculus Quest_Android
122.208,15.960,28249,Oculus Quest_Android
122.224,16.284,28253,Oculus Quest_Android
122.239,15.787,28257,Oculus Quest_Android
122.255,14.998,28260,Oculus Quest_Android
122.269,15.256,28264,Oculus Quest_Android
122.284,14.673,28267,Oculus Quest_Android
122.298,14.524,28271,Oculus Quest_Android
122.313,14.559,28274,Oculus Quest_Android
122.327,14.890,28278,Oculus Quest_Android
122.342,14.219,28281,Oculus Quest_Android
122.356,14.435,28285,Oculus Quest_Android
122.371,14.727,28288,Oculus Quest_Android
122.385,14.364,28292,Oculus Quest_Android
122.401,14.628,28295,Oculus Quest_Android
122.416,15.216,28299,Oculus Quest_Android
122.431,15.698,28303,Oculus Quest_Android
122.446,14.285,28306,Oculus Quest_Android
122.461,15.281,28310,Oculus Quest_Android
122.476,15.009,28314,Oculus Quest_Android
122.491,15.353,28317,Oculus Quest_Android
122.506,14.588,28321,Oculus Quest_Android
122.520,15.154,28324,Oculus Quest_Android
122.535,14.268,28328,Oculus Quest_Android
122.550,14.666,28331,Oculus Quest_Android
122.565,15.326,28335,Oculus Quest_Android
122.580,14.941,28339,Oculus Quest_Android
122.594,14.571,28342,Oculus Quest_Android
122.608,13.710,28345,Oculus Quest_Android
122.624,15.050,28349,Oculus Quest_Android
122.638,14.959,28353,Oculus Quest_Android
122.653,14.766,28356,Oculus Quest_Android
122.667,14.484,28360,Oculus Quest_Android
122.683,14.802,28363,Oculus Quest_Android
122.697,15.245,28367,Oculus Quest_Android
122.713,14.637,28370,Oculus Quest_Android
122.727,15.150,28374,Oculus Quest_Android
122.741,14.303,28377,Oculus Quest_Android
122.756,14.332,28381,Oculus Quest_Android
122.771,14.970,28384,Oculus Quest_Android
122.785,14.459,28388,Oculus Quest_Android
122.799,14.446,28391,Oculus Quest_Android
122.813,14.092,28395,Oculus Quest_Android
122.828,14.336,28398,Oculus Quest_Android
122.842,14.302,28401,Oculus Quest_Android
122.858,14.959,28405,Oculus Quest_Android
122.873,15.105,28409,Oculus Quest_Android
122.889,15.415,28412,Oculus Quest_Android
122.904,15.921,28416,Oculus Quest_Android
122.921,15.215,28420,Oculus Quest_Android
122.935,16.242,28423,Oculus Quest_Android
122.951,14.692,28427,Oculus Quest_Android
122.966,15.638,28431,Oculus Quest_Android
122.980,14.726,28434,Oculus Quest_Android
122.995,14.455,28438,Oculus Quest_Android
123.009,14.464,28441,Oculus Quest_Android
123.024,14.563,28444,Oculus Quest_Android
123.038,14.393,28448,Oculus Quest_Android
123.053,14.595,28451,Oculus Quest_Android
123.067,14.588,28455,Oculus Quest_Android
123.082,14.286,28458,Oculus Quest_Android
123.097,15.404,28462,Oculus Quest_Android
123.113,14.613,28465,Oculus Quest_Android
123.127,15.912,28469,Oculus Quest_Android
123.143,14.502,28473,Oculus Quest_Android
123.157,15.177,28476,Oculus Quest_Android
123.172,14.625,28480,Oculus Quest_Android
123.186,14.597,28483,Oculus Quest_Android
123.201,14.365,28487,Oculus Quest_Android
123.216,14.563,28490,Oculus Quest_Android
123.230,14.863,28494,Oculus Quest_Android
123.245,14.401,28497,Oculus Quest_Android
123.259,14.975,28501,Oculus Quest_Android
123.274,13.920,28504,Oculus Quest_Android
123.289,15.070,28507,Oculus Quest_Android
123.303,14.545,28511,Oculus Quest_Android
123.318,14.264,28514,Oculus Quest_Android
123.332,15.301,28518,Oculus Quest_Android
123.347,14.162,28521,Oculus Quest_Android
123.362,14.975,28525,Oculus Quest_Android
123.378,15.452,28528,Oculus Quest_Android
123.393,15.734,28532,Oculus Quest_Android
123.408,14.631,28536,Oculus Quest_Android
123.422,14.592,28539,Oculus Quest_Android
123.437,14.599,28543,Oculus Quest_Android
123.443,14.686,28546,Oculus Quest_Android
123.452,8.049,28548,Oculus Quest_Android
123.465,13.934,28551,Oculus Quest_Android
123.479,13.899,28555,Oculus Quest_Android
123.494,14.140,28558,Oculus Quest_Android
123.508,13.816,28561,Oculus Quest_Android
123.521,13.611,28565,Oculus Quest_Android
123.535,13.968,28568,Oculus Quest_Android
123.549,14.038,28571,Oculus Quest_Android
123.572,13.661,28574,Oculus Quest_Android
123.587,15.891,28578,Oculus Quest_Android
123.601,14.623,28582,Oculus Quest_Android
123.616,14.573,28585,Oculus Quest_Android
123.630,14.828,28589,Oculus Quest_Android
123.645,14.361,28592,Oculus Quest_Android
123.660,14.937,28596,Oculus Quest_Android
123.674,14.126,28599,Oculus Quest_Android
123.689,14.694,28602,Oculus Quest_Android
123.703,14.690,28606,Oculus Quest_Android
123.718,14.214,28609,Oculus Quest_Android
123.733,14.736,28613,Oculus Quest_Android
123.749,15.641,28617,Oculus Quest_Android
123.764,15.802,28620,Oculus Quest_Android
123.779,15.024,28624,Oculus Quest_Android
123.794,15.239,28628,Oculus Quest_Android
123.809,14.648,28631,Oculus Quest_Android
123.824,14.974,28635,Oculus Quest_Android
123.838,14.670,28638,Oculus Quest_Android
123.853,14.543,28642,Oculus Quest_Android
123.867,14.682,28645,Oculus Quest_Android
123.881,14.057,28649,Oculus Quest_Android
123.896,14.577,28652,Oculus Quest_Android
123.910,14.092,28655,Oculus Quest_Android
123.924,14.015,28659,Oculus Quest_Android
123.938,14.305,28662,Oculus Quest_Android
123.953,14.416,28666,Oculus Quest_Android
123.968,14.760,28669,Oculus Quest_Android
123.982,14.501,28673,Oculus Quest_Android
124.000,14.531,28676,Oculus Quest_Android
124.016,18.017,28681,Oculus Quest_Android
124.031,15.924,28684,Oculus Quest_Android
124.045,14.457,28688,Oculus Quest_Android
124.060,14.676,28691,Oculus Quest_Android
124.074,14.162,28695,Oculus Quest_Android
124.089,14.534,28698,Oculus Quest_Android
124.104,14.936,28702,Oculus Quest_Android
124.119,14.712,28705,Oculus Quest_Android
124.134,14.874,28709,Oculus Quest_Android
124.150,15.626,28713,Oculus Quest_Android
124.164,15.520,28716,Oculus Quest_Android
124.179,14.265,28720,Oculus Quest_Android
124.193,14.567,28723,Oculus Quest_Android
124.199,14.269,28727,Oculus Quest_Android
124.214,7.120,28728,Oculus Quest_Android
124.229,14.737,28732,Oculus Quest_Android
124.243,14.358,28735,Oculus Quest_Android
124.257,14.203,28739,Oculus Quest_Android
124.271,13.532,28742,Oculus Quest_Android
124.285,14.107,28745,Oculus Quest_Android
124.300,14.526,28749,Oculus Quest_Android
124.314,14.504,28752,Oculus Quest_Android
124.328,14.298,28756,Oculus Quest_Android
124.343,14.066,28759,Oculus Quest_Android
124.359,14.586,28763,Oculus Quest_Android
124.375,16.499,28767,Oculus Quest_Android
124.389,15.378,28770,Oculus Quest_Android
124.404,14.485,28774,Oculus Quest_Android
124.419,14.863,28777,Oculus Quest_Android
124.433,15.008,28781,Oculus Quest_Android
124.449,14.260,28784,Oculus Quest_Android
124.463,15.313,28788,Oculus Quest_Android
124.478,14.294,28792,Oculus Quest_Android
124.492,14.629,28795,Oculus Quest_Android
124.506,14.726,28799,Oculus Quest_Android
124.521,14.084,28802,Oculus Quest_Android
124.535,14.365,28805,Oculus Quest_Android
124.550,14.139,28809,Oculus Quest_Android
124.565,14.938,28812,Oculus Quest_Android
124.570,14.721,28816,Oculus Quest_Android
124.578,7.254,28818,Oculus Quest_Android
124.590,12.075,28821,Oculus Quest_Android
124.614,13.938,28824,Oculus Quest_Android
124.620,16.137,28828,Oculus Quest_Android
124.632,11.592,28831,Oculus Quest_Android
124.646,14.014,28834,Oculus Quest_Android
124.659,13.779,28837,Oculus Quest_Android
124.673,13.821,28841,Oculus Quest_Android
124.688,14.197,28844,Oculus Quest_Android
124.701,13.702,28847,Oculus Quest_Android
124.724,14.113,28851,Oculus Quest_Android
124.740,15.379,28854,Oculus Quest_Android
124.756,15.767,28858,Oculus Quest_Android
124.761,15.333,28862,Oculus Quest_Android
124.780,8.799,28864,Oculus Quest_Android
124.797,15.928,28868,Oculus Quest_Android
124.812,16.752,28872,Oculus Quest_Android
124.818,15.073,28875,Oculus Quest_Android
124.826,7.817,28877,Oculus Quest_Android
124.841,14.065,28880,Oculus Quest_Android
124.854,13.825,28884,Oculus Quest_Android
124.868,13.915,28887,Oculus Quest_Android
124.891,13.920,28890,Oculus Quest_Android
124.906,15.627,28894,Oculus Quest_Android
124.921,14.728,28898,Oculus Quest_Android
124.935,14.390,28901,Oculus Quest_Android
124.949,14.291,28904,Oculus Quest_Android
124.963,14.537,28908,Oculus Quest_Android
124.978,13.830,28911,Oculus Quest_Android
124.992,14.921,28915,Oculus Quest_Android
125.007,14.306,28918,Oculus Quest_Android
125.022,14.755,28922,Oculus Quest_Android
125.036,14.662,28925,Oculus Quest_Android
125.050,13.781,28928,Oculus Quest_Android
125.064,14.498,28932,Oculus Quest_Android
125.079,14.183,28935,Oculus Quest_Android
125.094,15.463,28939,Oculus Quest_Android
125.109,14.671,28942,Oculus Quest_Android
125.124,15.000,28946,Oculus Quest_Android
125.138,14.092,28949,Oculus Quest_Android
125.153,14.574,28953,Oculus Quest_Android
125.167,14.734,28956,Oculus Quest_Android
125.183,14.678,28960,Oculus Quest_Android
125.197,15.464,28963,Oculus Quest_Android
125.213,14.417,28967,Oculus Quest_Android
125.227,15.256,28970,Oculus Quest_Android
125.233,14.288,28974,Oculus Quest_Android
125.243,9.648,28976,Oculus Quest_Android
125.256,13.961,28979,Oculus Quest_Android
125.271,13.880,28983,Oculus Quest_Android
125.285,14.182,28986,Oculus Quest_Android
125.298,13.586,28989,Oculus Quest_Android
125.312,13.991,28993,Oculus Quest_Android
125.327,13.927,28996,Oculus Quest_Android
125.340,13.776,28999,Oculus Quest_Android
