Timestamp,LatencyMs,Tick,Configuration
5.683,14.069,262,Oculus Quest_Android
5.807,93.348,284,Oculus Quest_Android
5.811,101.284,308,Oculus Quest_Android
5.837,25.782,315,Oculus Quest_Android
5.857,19.933,319,Oculus Quest_Android
5.873,15.699,323,Oculus Quest_Android
5.889,15.740,327,Oculus Quest_Android
5.903,14.327,330,Oculus Quest_Android
5.918,15.040,334,Oculus Quest_Android
5.932,14.348,337,Oculus Quest_Android
5.947,14.660,341,Oculus Quest_Android
5.962,14.363,344,Oculus Quest_Android
5.975,13.977,348,Oculus Quest_Android
5.990,14.164,351,Oculus Quest_Android
6.004,14.204,354,Oculus Quest_Android
6.018,14.262,358,Oculus Quest_Android
6.032,13.934,361,Oculus Quest_Android
6.046,13.871,365,Oculus Quest_Android
6.060,14.614,368,Oculus Quest_Android
6.074,13.586,371,Oculus Quest_Android
6.088,13.906,375,Oculus Quest_Android
6.102,13.848,378,Oculus Quest_Android
6.116,14.249,381,Oculus Quest_Android
6.130,13.906,385,Oculus Quest_Android
6.144,13.402,388,Oculus Quest_Android
6.158,14.116,391,Oculus Quest_Android
6.171,13.311,395,Oculus Quest_Android
6.186,15.000,398,Oculus Quest_Android
6.199,12.914,401,Oculus Quest_Android
6.213,13.736,405,Oculus Quest_Android
6.227,13.873,408,Oculus Quest_Android
6.240,13.765,411,Oculus Quest_Android
6.255,14.230,415,Oculus Quest_Android
6.268,13.721,418,Oculus Quest_Android
6.282,14.006,421,Oculus Quest_Android
6.296,13.877,425,Oculus Quest_Android
6.310,13.713,428,Oculus Quest_Android
6.323,14.244,431,Oculus Quest_Android
6.338,13.833,435,Oculus Quest_Android
6.352,14.290,438,Oculus Quest_Android
6.366,13.803,441,Oculus Quest_Android
6.380,13.772,445,Oculus Quest_Android
6.394,14.340,448,Oculus Quest_Android
6.408,13.557,451,Oculus Quest_Android
6.422,13.998,455,Oculus Quest_Android
6.436,13.819,458,Oculus Quest_Android
6.449,13.926,461,Oculus Quest_Android
6.463,14.034,465,Oculus Quest_Android
6.477,13.985,468,Oculus Quest_Android
6.491,14.399,472,Oculus Quest_Android
6.506,14.035,475,Oculus Quest_Android
6.520,13.745,478,Oculus Quest_Android
6.533,13.731,482,Oculus Quest_Android
6.548,14.288,485,Oculus Quest_Android
6.561,13.893,488,Oculus Quest_Android
6.575,13.853,492,Oculus Quest_Android
6.589,13.954,495,Oculus Quest_Android
6.602,13.283,498,Oculus Quest_Android
6.617,14.588,502,Oculus Quest_Android
6.631,13.521,505,Oculus Quest_Android
6.644,13.910,508,Oculus Quest_Android
6.659,14.193,512,Oculus Quest_Android
6.672,13.550,515,Oculus Quest_Android
6.686,13.996,518,Oculus Quest_Android
6.700,13.921,522,Oculus Quest_Android
6.715,14.243,525,Oculus Quest_Android
6.728,13.849,528,Oculus Quest_Android
6.742,13.458,532,Oculus Quest_Android
6.756,14.313,535,Oculus Quest_Android
6.770,13.790,538,Oculus Quest_Android
6.784,14.336,542,Oculus Quest_Android
6.798,13.561,545,Oculus Quest_Android
6.811,13.740,548,Oculus Quest_Android
6.825,13.966,552,Oculus Quest_Android
6.840,14.280,555,Oculus Quest_Android
6.854,14.125,558,Oculus Quest_Android
6.868,13.626,562,Oculus Quest_Android
6.882,13.666,565,Oculus Quest_Android
6.895,13.790,568,Oculus Quest_Android
6.909,13.770,572,Oculus Quest_Android
6.923,14.334,575,Oculus Quest_Android
6.936,13.703,578,Oculus Quest_Android
6.951,14.251,582,Oculus Quest_Android
6.964,13.582,585,Oculus Quest_Android
6.979,13.648,588,Oculus Quest_Android
6.993,14.306,592,Oculus Quest_Android
7.006,14.087,595,Oculus Quest_Android
7.020,13.609,598,Oculus Quest_Android
7.034,13.850,602,Oculus Quest_Android
7.048,14.282,605,Oculus Quest_Android
7.061,13.546,608,Oculus Quest_Android
7.076,14.015,612,Oculus Quest_Android
7.090,14.130,615,Oculus Quest_Android
7.104,13.503,618,Oculus Quest_Android
7.118,14.318,622,Oculus Quest_Android
7.131,13.678,625,Oculus Quest_Android
7.145,13.505,628,Oculus Quest_Android
7.160,14.371,632,Oculus Quest_Android
7.173,13.524,635,Oculus Quest_Android
7.187,14.342,639,Oculus Quest_Android
7.200,13.561,642,Oculus Quest_Android
7.215,13.936,645,Oculus Quest_Android
7.229,13.933,648,Oculus Quest_Android
7.243,13.748,652,Oculus Quest_Android
7.257,14.177,655,Oculus Quest_Android
7.271,14.044,659,Oculus Quest_Android
7.285,13.948,662,Oculus Quest_Android
7.299,13.785,665,Oculus Quest_Android
7.312,13.767,668,Oculus Quest_Android
7.326,14.042,672,Oculus Quest_Android
7.340,13.560,675,Oculus Quest_Android
7.354,14.177,679,Oculus Quest_Android
7.368,13.497,682,Oculus Quest_Android
7.382,14.415,685,Oculus Quest_Android
7.395,13.653,688,Oculus Quest_Android
7.409,13.638,692,Oculus Quest_Android
7.423,14.152,695,Oculus Quest_Android
7.438,13.920,699,Oculus Quest_Android
7.452,14.296,702,Oculus Quest_Android
7.465,13.620,705,Oculus Quest_Android
7.478,13.500,708,Oculus Quest_Android
7.493,14.138,712,Oculus Quest_Android
7.507,13.672,715,Oculus Quest_Android
7.521,13.988,718,Oculus Quest_Android
7.534,13.761,722,Oculus Quest_Android
7.549,14.295,725,Oculus Quest_Android
7.562,13.890,729,Oculus Quest_Android
7.576,14.035,732,Oculus Quest_Android
7.590,13.925,735,Oculus Quest_Android
7.604,13.584,739,Oculus Quest_Android
7.618,14.125,742,Oculus Quest_Android
7.632,13.943,745,Oculus Quest_Android
7.645,13.291,748,Oculus Quest_Android
7.659,13.977,752,Oculus Quest_Android
7.673,14.099,755,Oculus Quest_Android
7.688,14.253,759,Oculus Quest_Android
7.701,13.734,762,Oculus Quest_Android
7.715,14.072,765,Oculus Quest_Android
7.730,14.160,769,Oculus Quest_Android
7.743,13.213,772,Oculus Quest_Android
7.757,14.423,775,Oculus Quest_Android
7.771,13.557,779,Oculus Quest_Android
7.785,14.164,782,Oculus Quest_Android
7.799,14.002,785,Oculus Quest_Android
7.813,13.656,789,Oculus Quest_Android
7.827,14.100,792,Oculus Quest_Android
7.841,14.161,795,Oculus Quest_Android
7.856,14.051,799,Oculus Quest_Android
7.869,13.767,802,Oculus Quest_Android
7.884,15.012,806,Oculus Quest_Android
7.897,12.759,809,Oculus Quest_Android
7.911,14.174,812,Oculus Quest_Android
7.925,14.057,815,Oculus Quest_Android
7.938,13.498,819,Oculus Quest_Android
7.952,13.376,822,Oculus Quest_Android
7.965,13.759,825,Oculus Quest_Android
7.979,14.016,829,Oculus Quest_Android
7.993,14.026,832,Oculus Quest_Android
8.007,13.711,835,Oculus Quest_Android
8.021,13.965,839,Oculus Quest_Android
8.035,13.898,842,Oculus Quest_Android
8.049,14.460,845,Oculus Quest_Android
8.063,13.985,849,Oculus Quest_Android
8.077,13.758,852,Oculus Quest_Android
8.091,14.175,855,Oculus Quest_Android
8.105,13.566,859,Oculus Quest_Android
8.119,14.512,862,Oculus Quest_Android
8.133,13.508,865,Oculus Quest_Android
8.146,13.556,869,Oculus Quest_Android
8.160,13.817,872,Oculus Quest_Android
8.174,14.193,875,Oculus Quest_Android
8.189,14.372,879,Oculus Quest_Android
8.202,13.539,882,Oculus Quest_Android
8.217,14.223,886,Oculus Quest_Android
8.231,13.833,889,Oculus Quest_Android
8.244,13.630,892,Oculus Quest_Android
8.258,14.137,896,Oculus Quest_Android
8.272,13.666,899,Oculus Quest_Android
8.286,14.191,902,Oculus Quest_Android
8.300,13.905,906,Oculus Quest_Android
8.314,13.889,909,Oculus Quest_Android
8.328,13.844,912,Oculus Quest_Android
8.342,13.984,916,Oculus Quest_Android
8.356,13.773,919,Oculus Quest_Android
8.369,13.787,922,Oculus Quest_Android
8.384,14.375,926,Oculus Quest_Android
8.397,13.499,929,Oculus Quest_Android
8.411,13.587,932,Oculus Quest_Android
8.425,14.197,936,Oculus Quest_Android
8.439,13.745,939,Oculus Quest_Android
8.453,14.298,942,Oculus Quest_Android
8.467,13.506,946,Oculus Quest_Android
8.480,13.809,949,Oculus Quest_Android
8.495,14.353,952,Oculus Quest_Android
8.509,13.741,956,Oculus Quest_Android
8.523,14.061,959,Oculus Quest_Android
8.537,13.421,962,Oculus Quest_Android
8.550,14.495,966,Oculus Quest_Android
8.564,13.359,969,Oculus Quest_Android
8.577,13.760,972,Oculus Quest_Android
8.592,14.304,976,Oculus Quest_Android
8.606,13.721,979,Oculus Quest_Android
8.620,13.975,982,Oculus Quest_Android
8.633,13.840,986,Oculus Quest_Android
8.648,13.947,989,Oculus Quest_Android
8.662,13.956,992,Oculus Quest_Android
8.674,13.557,996,Oculus Quest_Android
8.689,14.162,999,Oculus Quest_Android
8.703,14.121,1002,Oculus Quest_Android
8.717,14.119,1006,Oculus Quest_Android
8.731,14.019,1009,Oculus Quest_Android
8.744,12.656,1012,Oculus Quest_Android
8.758,14.041,1015,Oculus Quest_Android
8.772,14.297,1019,Oculus Quest_Android
8.787,14.276,1022,Oculus Quest_Android
8.800,13.576,1026,Oculus Quest_Android
8.814,13.935,1029,Oculus Quest_Android
8.828,13.910,1032,Oculus Quest_Android
8.842,13.629,1036,Oculus Quest_Android
8.856,14.327,1039,Oculus Quest_Android
8.870,13.465,1042,Oculus Quest_Android
8.884,14.248,1046,Oculus Quest_Android
8.897,13.765,1049,Oculus Quest_Android
8.911,13.656,1052,Oculus Quest_Android
8.926,14.607,1056,Oculus Quest_Android
8.939,13.715,1059,Oculus Quest_Android
8.954,13.654,1062,Oculus Quest_Android
8.967,13.775,1066,Oculus Quest_Android
8.981,13.966,1069,Oculus Quest_Android
8.995,13.846,1072,Oculus Quest_Android
9.008,13.537,1075,Oculus Quest_Android
9.023,14.010,1079,Oculus Quest_Android
9.036,13.956,1082,Oculus Quest_Android
9.050,14.140,1086,Oculus Quest_Android
9.063,13.510,1089,Oculus Quest_Android
9.077,13.797,1092,Oculus Quest_Android
9.092,14.138,1096,Oculus Quest_Android
9.106,13.625,1099,Oculus Quest_Android
9.120,14.110,1102,Oculus Quest_Android
9.133,14.159,1106,Oculus Quest_Android
9.147,13.739,1109,Oculus Quest_Android
9.161,13.963,1112,Oculus Quest_Android
9.175,13.514,1115,Oculus Quest_Android
9.190,14.291,1119,Oculus Quest_Android
9.203,13.500,1122,Oculus Quest_Android
9.217,14.320,1126,Oculus Quest_Android
9.231,13.899,1129,Oculus Quest_Android
9.245,13.803,1132,Oculus Quest_Android
9.258,13.912,1136,Oculus Quest_Android
9.272,13.444,1139,Oculus Quest_Android
9.287,14.744,1142,Oculus Quest_Android
9.299,12.929,1145,Oculus Quest_Android
9.315,14.928,1149,Oculus Quest_Android
9.328,13.716,1152,Oculus Quest_Android
9.342,13.680,1156,Oculus Quest_Android
9.356,13.700,1159,Oculus Quest_Android
9.370,13.767,1162,Oculus Quest_Android
9.384,14.052,1166,Oculus Quest_Android
9.397,14.027,1169,Oculus Quest_Android
9.411,13.662,1172,Oculus Quest_Android
9.425,14.092,1176,Oculus Quest_Android
9.442,16.134,1179,Oculus Quest_Android
9.453,11.652,1182,Oculus Quest_Android
9.467,13.815,1186,Oculus Quest_Android
9.481,14.113,1189,Oculus Quest_Android
9.495,13.955,1192,Oculus Quest_Android
9.509,13.544,1196,Oculus Quest_Android
9.523,14.000,1199,Oculus Quest_Android
9.536,13.726,1202,Oculus Quest_Android
9.551,14.475,1206,Oculus Quest_Android
9.564,13.473,1209,Oculus Quest_Android
9.578,13.648,1212,Oculus Quest_Android
9.592,14.280,1216,Oculus Quest_Android
9.606,13.610,1219,Oculus Quest_Android
9.620,14.144,1222,Oculus Quest_Android
9.634,13.756,1226,Oculus Quest_Android
9.648,14.127,1229,Oculus Quest_Android
9.662,13.805,1232,Oculus Quest_Android
9.675,13.622,1236,Oculus Quest_Android
9.690,14.386,1239,Oculus Quest_Android
9.702,12.936,1242,Oculus Quest_Android
9.718,15.122,1246,Oculus Quest_Android
9.731,13.479,1249,Oculus Quest_Android
9.746,14.143,1252,Oculus Quest_Android
9.759,13.512,1256,Oculus Quest_Android
9.772,13.519,1259,Oculus Quest_Android
9.787,14.260,1262,Oculus Quest_Android
9.800,13.807,1266,Oculus Quest_Android
9.814,14.048,1269,Oculus Quest_Android
9.827,13.398,1272,Oculus Quest_Android
9.842,14.117,1276,Oculus Quest_Android
9.856,14.058,1279,Oculus Quest_Android
9.870,13.864,1282,Oculus Quest_Android
9.884,14.273,1286,Oculus Quest_Android
9.898,13.623,1289,Oculus Quest_Android
9.911,13.647,1292,Oculus Quest_Android
9.926,14.417,1296,Oculus Quest_Android
9.940,13.510,1299,Oculus Quest_Android
9.953,14.069,1302,Oculus Quest_Android
9.967,13.856,1306,Oculus Quest_Android
9.982,14.346,1309,Oculus Quest_Android
9.995,13.585,1312,Oculus Quest_Android
10.009,13.493,1316,Oculus Quest_Android
10.023,14.181,1319,Oculus Quest_Android
10.037,13.785,1322,Oculus Quest_Android
10.051,14.338,1326,Oculus Quest_Android
10.064,13.818,1329,Oculus Quest_Android
10.077,13.192,1332,Oculus Quest_Android
10.092,14.066,1336,Oculus Quest_Android
10.106,13.950,1339,Oculus Quest_Android
10.121,14.386,1342,Oculus Quest_Android
10.134,13.458,1346,Oculus Quest_Android
10.148,14.099,1349,Oculus Quest_Android
10.162,13.846,1352,Oculus Quest_Android
10.175,13.689,1356,Oculus Quest_Android
10.190,14.070,1359,Oculus Quest_Android
10.203,13.695,1362,Oculus Quest_Android
10.217,13.928,1366,Oculus Quest_Android
10.231,13.905,1369,Oculus Quest_Android
10.245,13.807,1372,Oculus Quest_Android
10.259,14.074,1376,Oculus Quest_Android
10.273,13.585,1379,Oculus Quest_Android
10.287,14.486,1382,Oculus Quest_Android
10.301,13.612,1386,Oculus Quest_Android
10.315,14.261,1389,Oculus Quest_Android
10.328,13.648,1392,Oculus Quest_Android
10.342,13.735,1396,Oculus Quest_Android
10.356,13.822,1399,Oculus Quest_Android
10.370,13.934,1402,Oculus Quest_Android
10.385,14.157,1406,Oculus Quest_Android
10.398,13.916,1409,Oculus Quest_Android
10.412,13.591,1412,Oculus Quest_Android
10.426,14.197,1416,Oculus Quest_Android
10.440,13.802,1419,Oculus Quest_Android
10.453,13.199,1422,Oculus Quest_Android
10.466,13.938,1426,Oculus Quest_Android
10.482,14.699,1429,Oculus Quest_Android
10.495,14.070,1432,Oculus Quest_Android
10.509,13.591,1436,Oculus Quest_Android
10.524,14.244,1439,Oculus Quest_Android
10.537,13.529,1442,Oculus Quest_Android
10.551,14.070,1446,Oculus Quest_Android
10.565,13.803,1449,Oculus Quest_Android
10.579,13.732,1452,Oculus Quest_Android
10.593,14.570,1456,Oculus Quest_Android
10.607,13.184,1459,Oculus Quest_Android
10.621,14.144,1462,Oculus Quest_Android
10.634,13.548,1466,Oculus Quest_Android
10.649,14.572,1469,Oculus Quest_Android
10.662,13.736,1472,Oculus Quest_Android
10.675,13.529,1476,Oculus Quest_Android
10.690,14.035,1479,Oculus Quest_Android
10.703,13.608,1482,Oculus Quest_Android
10.718,14.208,1486,Oculus Quest_Android
10.732,13.799,1489,Oculus Quest_Android
10.746,13.840,1492,Oculus Quest_Android
10.760,14.162,1496,Oculus Quest_Android
10.773,13.777,1499,Oculus Quest_Android
10.788,14.251,1503,Oculus Quest_Android
10.801,13.465,1506,Oculus Quest_Android
10.815,13.913,1509,Oculus Quest_Android
10.829,13.884,1512,Oculus Quest_Android
10.843,13.661,1516,Oculus Quest_Android
10.857,14.021,1519,Oculus Quest_Android
10.870,13.629,1522,Oculus Quest_Android
10.885,14.282,1526,Oculus Quest_Android
10.898,13.947,1529,Oculus Quest_Android
10.912,13.609,1532,Oculus Quest_Android
10.926,14.462,1536,Oculus Quest_Android
10.940,13.940,1539,Oculus Quest_Android
10.953,13.290,1542,Oculus Quest_Android
10.967,13.337,1546,Oculus Quest_Android
10.981,14.245,1549,Oculus Quest_Android
10.995,13.972,1552,Oculus Quest_Android
11.009,13.953,1556,Oculus Quest_Android
11.023,13.653,1559,Oculus Quest_Android
11.036,13.981,1562,Oculus Quest_Android
11.051,14.013,1566,Oculus Quest_Android
11.065,14.196,1569,Oculus Quest_Android
11.078,13.655,1572,Oculus Quest_Android
11.092,13.957,1576,Oculus Quest_Android
11.106,13.858,1579,Oculus Quest_Android
11.120,14.550,1583,Oculus Quest_Android
11.134,13.555,1586,Oculus Quest_Android
11.149,14.278,1589,Oculus Quest_Android
11.162,13.589,1593,Oculus Quest_Android
11.177,14.146,1596,Oculus Quest_Android
11.191,14.147,1599,Oculus Quest_Android
11.204,13.608,1603,Oculus Quest_Android
11.218,13.902,1606,Oculus Quest_Android
11.232,13.794,1609,Oculus Quest_Android
11.246,14.109,1613,Oculus Quest_Android
11.259,13.062,1616,Oculus Quest_Android
11.273,14.424,1619,Oculus Quest_Android
11.288,13.830,1623,Oculus Quest_Android
11.301,13.820,1626,Oculus Quest_Android
11.316,14.193,1629,Oculus Quest_Android
11.329,13.840,1633,Oculus Quest_Android
11.343,13.739,1636,Oculus Quest_Android
11.357,14.054,1639,Oculus Quest_Android
11.370,13.432,1642,Oculus Quest_Android
11.385,14.164,1646,Oculus Quest_Android
11.398,13.774,1649,Oculus Quest_Android
11.412,13.662,1652,Oculus Quest_Android
11.427,14.640,1656,Oculus Quest_Android
11.440,13.466,1659,Oculus Quest_Android
11.454,13.848,1663,Oculus Quest_Android
11.468,13.598,1666,Oculus Quest_Android
11.483,14.590,1669,Oculus Quest_Android
11.496,13.696,1673,Oculus Quest_Android
11.510,13.846,1676,Oculus Quest_Android
11.524,13.704,1679,Oculus Quest_Android
11.537,13.569,1682,Oculus Quest_Android
11.551,14.261,1686,Oculus Quest_Android
11.565,13.863,1689,Oculus Quest_Android
11.579,13.852,1693,Oculus Quest_Android
11.593,14.060,1696,Oculus Quest_Android
11.607,13.660,1699,Oculus Quest_Android
11.621,13.987,1703,Oculus Quest_Android
11.635,13.943,1706,Oculus Quest_Android
11.650,14.858,1709,Oculus Quest_Android
11.664,13.563,1713,Oculus Quest_Android
11.677,13.343,1716,Oculus Quest_Android
11.690,13.783,1719,Oculus Quest_Android
11.704,13.439,1722,Oculus Quest_Android
11.719,15.076,1726,Oculus Quest_Android
11.732,13.293,1729,Oculus Quest_Android
11.746,13.404,1732,Oculus Quest_Android
11.760,14.361,1736,Oculus Quest_Android
11.773,13.450,1739,Oculus Quest_Android
11.789,14.728,1743,Oculus Quest_Android
11.802,13.259,1746,Oculus Quest_Android
11.815,13.827,1749,Oculus Quest_Android
11.829,13.862,1752,Oculus Quest_Android
11.843,13.707,1756,Oculus Quest_Android
11.857,14.293,1759,Oculus Quest_Android
11.871,13.467,1762,Oculus Quest_Android
11.885,14.332,1766,Oculus Quest_Android
11.899,13.646,1769,Oculus Quest_Android
11.912,13.511,1772,Oculus Quest_Android
11.927,14.428,1776,Oculus Quest_Android
11.940,13.312,1779,Oculus Quest_Android
11.954,14.471,1783,Oculus Quest_Android
11.968,13.411,1786,Oculus Quest_Android
11.983,14.431,1789,Oculus Quest_Android
11.996,13.803,1793,Oculus Quest_Android
12.009,13.423,1796,Oculus Quest_Android
12.024,14.269,1799,Oculus Quest_Android
12.037,13.511,1802,Oculus Quest_Android
12.053,15.524,1806,Oculus Quest_Android
12.065,12.523,1809,Oculus Quest_Android
12.079,13.360,1812,Oculus Quest_Android
12.093,14.320,1816,Oculus Quest_Android
12.107,13.781,1819,Oculus Quest_Android
12.121,14.325,1823,Oculus Quest_Android
12.133,12.561,1826,Oculus Quest_Android
12.148,15.024,1829,Oculus Quest_Android
12.161,13.267,1832,Oculus Quest_Android
12.176,14.472,1836,Oculus Quest_Android
12.190,13.582,1839,Oculus Quest_Android
12.203,13.694,1842,Oculus Quest_Android
12.217,14.045,1846,Oculus Quest_Android
12.231,13.894,1849,Oculus Quest_Android
12.245,13.952,1852,Oculus Quest_Android
12.260,14.480,1856,Oculus Quest_Android
12.273,13.441,1859,Oculus Quest_Android
12.287,14.234,1863,Oculus Quest_Android
12.301,13.448,1866,Oculus Quest_Android
12.315,14.403,1869,Oculus Quest_Android
12.329,13.976,1873,Oculus Quest_Android
12.343,13.919,1876,Oculus Quest_Android
12.357,13.945,1879,Oculus Quest_Android
12.371,13.598,1883,Oculus Quest_Android
12.385,14.128,1886,Oculus Quest_Android
12.398,13.527,1889,Oculus Quest_Android
12.412,14.159,1893,Oculus Quest_Android
12.426,13.772,1896,Oculus Quest_Android
12.440,14.151,1899,Oculus Quest_Android
12.454,14.127,1903,Oculus Quest_Android
12.468,13.626,1906,Oculus Quest_Android
12.482,13.735,1909,Oculus Quest_Android
12.496,14.029,1913,Oculus Quest_Android
12.509,13.652,1916,Oculus Quest_Android
12.524,14.422,1919,Oculus Quest_Android
12.538,13.745,1923,Oculus Quest_Android
12.552,14.051,1926,Oculus Quest_Android
12.565,13.651,1929,Oculus Quest_Android
12.580,13.973,1933,Oculus Quest_Android
12.593,14.103,1936,Oculus Quest_Android
12.607,13.639,1939,Oculus Quest_Android
12.622,14.658,1943,Oculus Quest_Android
12.635,13.287,1946,Oculus Quest_Android
12.649,13.831,1949,Oculus Quest_Android
12.663,13.838,1953,Oculus Quest_Android
12.676,13.969,1956,Oculus Quest_Android
12.690,13.806,1959,Oculus Quest_Android
12.704,13.611,1963,Oculus Quest_Android
12.719,14.254,1966,Oculus Quest_Android
12.732,13.888,1969,Oculus Quest_Android
12.746,13.886,1973,Oculus Quest_Android
12.760,14.212,1976,Oculus Quest_Android
12.774,13.706,1979,Oculus Quest_Android
12.788,14.105,1983,Oculus Quest_Android
12.802,13.375,1986,Oculus Quest_Android
12.815,14.076,1989,Oculus Quest_Android
12.829,13.801,1993,Oculus Quest_Android
12.843,13.976,1996,Oculus Quest_Android
12.857,13.969,1999,Oculus Quest_Android
12.871,13.563,2003,Oculus Quest_Android
12.885,14.140,2006,Oculus Quest_Android
12.898,13.739,2009,Oculus Quest_Android
12.913,14.077,2013,Oculus Quest_Android
12.927,14.405,2016,Oculus Quest_Android
12.941,13.353,2019,Oculus Quest_Android
12.954,13.988,2023,Oculus Quest_Android
12.968,13.602,2026,Oculus Quest_Android
12.983,14.445,2029,Oculus Quest_Android
12.996,13.485,2033,Oculus Quest_Android
13.010,14.124,2036,Oculus Quest_Android
13.024,13.761,2039,Oculus Quest_Android
13.038,13.907,2043,Oculus Quest_Android
13.052,14.143,2046,Oculus Quest_Android
13.066,13.671,2049,Oculus Quest_Android
13.080,14.284,2053,Oculus Quest_Android
13.094,14.311,2056,Oculus Quest_Android
13.108,13.219,2059,Oculus Quest_Android
13.122,14.136,2063,Oculus Quest_Android
13.135,13.593,2066,Oculus Quest_Android
13.150,13.909,2069,Oculus Quest_Android
13.163,13.454,2072,Oculus Quest_Android
13.177,14.312,2076,Oculus Quest_Android
13.191,14.013,2079,Oculus Quest_Android
13.205,13.721,2082,Oculus Quest_Android
13.219,13.711,2086,Oculus Quest_Android
13.232,13.719,2089,Oculus Quest_Android
13.247,13.865,2092,Oculus Quest_Android
13.261,14.596,2096,Oculus Quest_Android
13.274,13.462,2099,Oculus Quest_Android
13.288,14.007,2102,Oculus Quest_Android
13.302,13.720,2105,Oculus Quest_Android
13.316,14.097,2109,Oculus Quest_Android
13.330,13.716,2112,Oculus Quest_Android
13.344,14.047,2115,Oculus Quest_Android
13.357,13.550,2119,Oculus Quest_Android
13.371,13.780,2122,Oculus Quest_Android
13.385,14.018,2125,Oculus Quest_Android
13.399,14.071,2129,Oculus Quest_Android
13.413,14.058,2132,Oculus Quest_Android
13.427,13.545,2135,Oculus Quest_Android
13.441,14.147,2138,Oculus Quest_Android
13.455,14.176,2142,Oculus Quest_Android
13.469,13.435,2145,Oculus Quest_Android
13.483,14.327,2148,Oculus Quest_Android
13.496,13.509,2152,Oculus Quest_Android
13.511,14.140,2155,Oculus Quest_Android
13.524,13.920,2158,Oculus Quest_Android
13.538,13.461,2161,Oculus Quest_Android
13.552,13.742,2165,Oculus Quest_Android
13.566,13.837,2168,Oculus Quest_Android
13.580,14.198,2171,Oculus Quest_Android
13.594,14.052,2175,Oculus Quest_Android
13.607,13.515,2178,Oculus Quest_Android
13.622,14.099,2181,Oculus Quest_Android
13.635,14.034,2185,Oculus Quest_Android
13.650,14.298,2188,Oculus Quest_Android
13.663,13.675,2191,Oculus Quest_Android
13.677,13.631,2195,Oculus Quest_Android
13.691,13.852,2198,Oculus Quest_Android
13.704,13.720,2201,Oculus Quest_Android
13.719,14.297,2204,Oculus Quest_Android
13.733,13.777,2208,Oculus Quest_Android
13.747,13.830,2211,Oculus Quest_Android
13.761,14.080,2214,Oculus Quest_Android
13.774,13.785,2218,Oculus Quest_Android
13.788,14.080,2221,Oculus Quest_Android
13.802,13.614,2224,Oculus Quest_Android
13.816,13.766,2228,Oculus Quest_Android
13.830,13.729,2231,Oculus Quest_Android
13.844,13.927,2234,Oculus Quest_Android
13.858,14.464,2238,Oculus Quest_Android
13.871,13.254,2241,Oculus Quest_Android
13.886,14.386,2244,Oculus Quest_Android
13.899,13.464,2247,Oculus Quest_Android
13.914,14.247,2251,Oculus Quest_Android
13.927,13.990,2254,Oculus Quest_Android
13.940,13.609,2257,Oculus Quest_Android
13.954,13.660,2260,Oculus Quest_Android
13.968,13.536,2264,Oculus Quest_Android
13.982,14.271,2267,Oculus Quest_Android
13.995,13.556,2270,Oculus Quest_Android
14.010,13.800,2274,Oculus Quest_Android
14.023,14.060,2277,Oculus Quest_Android
14.037,13.762,2280,Oculus Quest_Android
14.051,14.209,2284,Oculus Quest_Android
14.065,13.946,2287,Oculus Quest_Android
14.080,14.225,2290,Oculus Quest_Android
14.093,13.597,2294,Oculus Quest_Android
14.108,14.532,2297,Oculus Quest_Android
14.122,13.885,2300,Oculus Quest_Android
14.136,14.077,2304,Oculus Quest_Android
14.150,13.803,2307,Oculus Quest_Android
14.163,13.446,2310,Oculus Quest_Android
14.177,13.846,2313,Oculus Quest_Android
14.191,14.083,2317,Oculus Quest_Android
14.205,13.913,2320,Oculus Quest_Android
14.219,13.730,2323,Oculus Quest_Android
14.235,13.761,2327,Oculus Quest_Android
14.247,13.982,2330,Oculus Quest_Android
14.260,13.985,2333,Oculus Quest_Android
14.274,13.808,2336,Oculus Quest_Android
14.288,14.177,2340,Oculus Quest_Android
14.302,13.550,2343,Oculus Quest_Android
14.316,14.250,2346,Oculus Quest_Android
14.330,13.644,2350,Oculus Quest_Android
14.344,14.080,2353,Oculus Quest_Android
14.357,13.964,2356,Oculus Quest_Android
14.371,13.559,2360,Oculus Quest_Android
14.386,14.004,2363,Oculus Quest_Android
14.399,13.752,2366,Oculus Quest_Android
14.413,14.228,2370,Oculus Quest_Android
14.427,13.856,2373,Oculus Quest_Android
14.441,13.587,2376,Oculus Quest_Android
14.455,14.092,2379,Oculus Quest_Android
14.469,13.732,2383,Oculus Quest_Android
14.484,14.622,2386,Oculus Quest_Android
14.497,13.390,2389,Oculus Quest_Android
14.511,14.137,2393,Oculus Quest_Android
14.525,14.236,2396,Oculus Quest_Android
14.539,13.667,2399,Oculus Quest_Android
14.553,14.112,2403,Oculus Quest_Android
14.566,13.323,2406,Oculus Quest_Android
14.580,13.853,2409,Oculus Quest_Android
14.594,13.700,2412,Oculus Quest_Android
14.608,13.713,2416,Oculus Quest_Android
14.622,14.097,2419,Oculus Quest_Android
14.635,13.518,2422,Oculus Quest_Android
14.650,14.414,2426,Oculus Quest_Android
14.663,13.607,2429,Oculus Quest_Android
14.677,13.727,2432,Oculus Quest_Android
14.691,13.872,2435,Oculus Quest_Android
14.705,13.644,2439,Oculus Quest_Android
14.719,14.584,2442,Oculus Quest_Android
14.733,13.516,2445,Oculus Quest_Android
14.747,13.843,2449,Oculus Quest_Android
14.761,14.413,2452,Oculus Quest_Android
14.774,13.438,2455,Oculus Quest_Android
14.789,13.927,2459,Oculus Quest_Android
14.802,13.981,2462,Oculus Quest_Android
14.816,14.210,2465,Oculus Quest_Android
14.830,13.271,2468,Oculus Quest_Android
14.844,13.990,2472,Oculus Quest_Android
14.858,14.123,2475,Oculus Quest_Android
14.871,13.392,2478,Oculus Quest_Android
14.886,14.272,2482,Oculus Quest_Android
14.899,13.717,2485,Oculus Quest_Android
14.912,13.286,2488,Oculus Quest_Android
14.926,14.155,2491,Oculus Quest_Android
14.940,13.796,2495,Oculus Quest_Android
14.954,14.134,2498,Oculus Quest_Android
14.968,13.823,2501,Oculus Quest_Android
14.983,14.292,2505,Oculus Quest_Android
14.996,13.688,2508,Oculus Quest_Android
15.010,13.925,2511,Oculus Quest_Android
15.024,13.946,2515,Oculus Quest_Android
15.038,13.840,2518,Oculus Quest_Android
15.052,13.988,2521,Oculus Quest_Android
15.065,13.748,2525,Oculus Quest_Android
15.080,14.044,2528,Oculus Quest_Android
15.094,14.116,2531,Oculus Quest_Android
15.108,13.648,2534,Oculus Quest_Android
15.122,14.254,2538,Oculus Quest_Android
15.135,13.729,2541,Oculus Quest_Android
15.149,13.784,2544,Oculus Quest_Android
15.163,13.803,2548,Oculus Quest_Android
15.176,13.914,2551,Oculus Quest_Android
15.191,13.957,2554,Oculus Quest_Android
15.204,13.775,2558,Oculus Quest_Android
15.219,14.244,2561,Oculus Quest_Android
15.233,13.601,2564,Oculus Quest_Android
15.247,14.138,2568,Oculus Quest_Android
15.260,13.737,2571,Oculus Quest_Android
15.274,13.739,2574,Oculus Quest_Android
15.289,14.746,2578,Oculus Quest_Android
15.302,13.462,2581,Oculus Quest_Android
15.318,14.516,2584,Oculus Quest_Android
15.330,13.151,2587,Oculus Quest_Android
15.344,13.744,2591,Oculus Quest_Android
15.358,13.982,2594,Oculus Quest_Android
15.372,13.913,2597,Oculus Quest_Android
15.386,14.042,2601,Oculus Quest_Android
15.400,13.773,2604,Oculus Quest_Android
15.413,13.633,2607,Oculus Quest_Android
15.427,13.925,2610,Oculus Quest_Android
15.441,14.046,2614,Oculus Quest_Android
15.455,13.979,2617,Oculus Quest_Android
15.469,13.668,2620,Oculus Quest_Android
15.483,14.161,2624,Oculus Quest_Android
15.496,13.536,2627,Oculus Quest_Android
15.510,13.701,2630,Oculus Quest_Android
15.525,14.358,2634,Oculus Quest_Android
15.538,13.691,2637,Oculus Quest_Android
15.552,13.787,2640,Oculus Quest_Android
15.566,13.507,2643,Oculus Quest_Android
15.579,13.931,2647,Oculus Quest_Android
15.594,14.341,2650,Oculus Quest_Android
15.607,13.441,2653,Oculus Quest_Android
15.622,14.556,2657,Oculus Quest_Android
15.635,13.526,2660,Oculus Quest_Android
15.650,14.108,2663,Oculus Quest_Android
15.663,13.646,2666,Oculus Quest_Android
15.677,13.798,2670,Oculus Quest_Android
15.691,14.039,2673,Oculus Quest_Android
15.705,13.717,2676,Oculus Quest_Android
15.719,14.232,2680,Oculus Quest_Android
15.733,13.841,2683,Oculus Quest_Android
15.747,13.659,2686,Oculus Quest_Android
15.761,14.295,2690,Oculus Quest_Android
15.774,13.441,2693,Oculus Quest_Android
15.789,14.646,2696,Oculus Quest_Android
15.802,13.468,2700,Oculus Quest_Android
15.816,13.703,2703,Oculus Quest_Android
15.830,13.730,2706,Oculus Quest_Android
15.844,13.837,2709,Oculus Quest_Android
15.858,14.354,2713,Oculus Quest_Android
15.871,13.454,2716,Oculus Quest_Android
15.886,13.981,2719,Oculus Quest_Android
15.899,13.697,2723,Oculus Quest_Android
15.913,13.780,2726,Oculus Quest_Android
15.927,14.384,2729,Oculus Quest_Android
15.941,13.536,2732,Oculus Quest_Android
15.954,13.954,2736,Oculus Quest_Android
15.969,13.961,2739,Oculus Quest_Android
15.983,14.150,2742,Oculus Quest_Android
15.996,13.583,2746,Oculus Quest_Android
16.011,14.236,2749,Oculus Quest_Android
16.024,13.623,2752,Oculus Quest_Android
16.038,13.774,2756,Oculus Quest_Android
16.052,14.200,2759,Oculus Quest_Android
16.066,13.413,2762,Oculus Quest_Android
16.079,13.783,2765,Oculus Quest_Android
16.094,14.245,2769,Oculus Quest_Android
16.108,13.741,2772,Oculus Quest_Android
16.122,14.399,2776,Oculus Quest_Android
16.136,13.625,2779,Oculus Quest_Android
16.150,14.469,2782,Oculus Quest_Android
16.163,13.179,2786,Oculus Quest_Android
16.177,14.053,2789,Oculus Quest_Android
16.192,14.130,2792,Oculus Quest_Android
16.205,13.541,2796,Oculus Quest_Android
16.219,14.095,2799,Oculus Quest_Android
16.232,13.154,2802,Oculus Quest_Android
16.246,13.851,2805,Oculus Quest_Android
16.260,14.288,2809,Oculus Quest_Android
16.274,13.946,2812,Oculus Quest_Android
16.288,13.964,2816,Oculus Quest_Android
16.301,13.659,2819,Oculus Quest_Android
16.316,14.207,2822,Oculus Quest_Android
16.330,13.728,2826,Oculus Quest_Android
16.343,13.653,2829,Oculus Quest_Android
16.357,14.162,2832,Oculus Quest_Android
16.371,13.623,2835,Oculus Quest_Android
16.385,14.188,2839,Oculus Quest_Android
16.399,13.802,2842,Oculus Quest_Android
16.413,14.045,2846,Oculus Quest_Android
16.427,14.075,2849,Oculus Quest_Android
16.440,13.432,2852,Oculus Quest_Android
16.455,14.152,2856,Oculus Quest_Android
16.468,13.578,2859,Oculus Quest_Android
16.483,14.371,2862,Oculus Quest_Android
16.496,13.559,2866,Oculus Quest_Android
16.510,13.917,2869,Oculus Quest_Android
16.524,14.269,2872,Oculus Quest_Android
16.538,13.474,2876,Oculus Quest_Android
16.552,14.028,2879,Oculus Quest_Android
16.566,13.586,2882,Oculus Quest_Android
16.580,13.934,2885,Oculus Quest_Android
16.594,14.260,2889,Oculus Quest_Android
16.607,13.466,2892,Oculus Quest_Android
16.621,14.243,2896,Oculus Quest_Android
16.635,13.804,2899,Oculus Quest_Android
16.650,14.185,2902,Oculus Quest_Android
16.663,13.737,2906,Oculus Quest_Android
16.677,13.380,2909,Oculus Quest_Android
16.690,13.937,2912,Oculus Quest_Android
16.704,13.662,2915,Oculus Quest_Android
16.718,14.211,2919,Oculus Quest_Android
16.732,13.680,2922,Oculus Quest_Android
16.746,14.000,2925,Oculus Quest_Android
16.760,13.885,2929,Oculus Quest_Android
16.774,13.800,2932,Oculus Quest_Android
16.788,14.420,2936,Oculus Quest_Android
16.801,13.346,2939,Oculus Quest_Android
16.815,13.963,2942,Oculus Quest_Android
16.829,13.741,2945,Oculus Quest_Android
16.844,14.402,2949,Oculus Quest_Android
16.857,13.909,2952,Oculus Quest_Android
16.871,13.484,2955,Oculus Quest_Android
16.885,14.063,2959,Oculus Quest_Android
16.898,13.678,2962,Oculus Quest_Android
16.913,14.017,2965,Oculus Quest_Android
16.927,14.042,2969,Oculus Quest_Android
16.940,13.708,2972,Oculus Quest_Android
16.954,14.070,2975,Oculus Quest_Android
16.968,13.587,2979,Oculus Quest_Android
16.983,14.423,2982,Oculus Quest_Android
16.996,13.706,2986,Oculus Quest_Android
17.010,13.572,2989,Oculus Quest_Android
17.024,14.120,2992,Oculus Quest_Android
17.038,13.719,2995,Oculus Quest_Android
17.052,14.358,2999,Oculus Quest_Android
17.066,13.403,3002,Oculus Quest_Android
17.079,13.745,3005,Oculus Quest_Android
17.093,14.089,3009,Oculus Quest_Android
17.107,13.715,3012,Oculus Quest_Android
17.121,14.260,3016,Oculus Quest_Android
17.135,13.691,3019,Oculus Quest_Android
17.150,14.292,3022,Oculus Quest_Android
17.163,13.522,3025,Oculus Quest_Android
17.176,13.683,3029,Oculus Quest_Android
17.191,14.228,3032,Oculus Quest_Android
17.204,13.440,3035,Oculus Quest_Android
17.219,14.648,3039,Oculus Quest_Android
17.232,13.389,3042,Oculus Quest_Android
17.247,14.231,3046,Oculus Quest_Android
17.261,14.317,3049,Oculus Quest_Android
17.274,13.226,3052,Oculus Quest_Android
17.288,14.012,3056,Oculus Quest_Android
17.301,13.339,3059,Oculus Quest_Android
17.316,14.395,3062,Oculus Quest_Android
17.330,13.883,3065,Oculus Quest_Android
17.343,13.829,3069,Oculus Quest_Android
17.357,13.978,3072,Oculus Quest_Android
17.371,13.975,3076,Oculus Quest_Android
17.386,13.949,3079,Oculus Quest_Android
17.399,13.371,3082,Oculus Quest_Android
17.413,13.982,3085,Oculus Quest_Android
17.426,13.938,3089,Oculus Quest_Android
17.440,13.640,3092,Oculus Quest_Android
17.454,14.292,3095,Oculus Quest_Android
17.468,13.852,3099,Oculus Quest_Android
17.482,13.959,3102,Oculus Quest_Android
17.496,13.824,3105,Oculus Quest_Android
17.510,14.043,3109,Oculus Quest_Android
17.525,14.329,3112,Oculus Quest_Android
17.538,13.421,3116,Oculus Quest_Android
17.552,13.894,3119,Oculus Quest_Android
17.566,13.672,3122,Oculus Quest_Android
17.580,14.094,3126,Oculus Quest_Android
17.594,14.091,3129,Oculus Quest_Android
17.607,13.496,3132,Oculus Quest_Android
17.621,14.158,3136,Oculus Quest_Android
17.635,13.632,3139,Oculus Quest_Android
17.649,14.381,3142,Oculus Quest_Android
17.663,13.735,3146,Oculus Quest_Android
17.677,13.955,3149,Oculus Quest_Android
17.691,13.748,3152,Oculus Quest_Android
17.704,13.603,3155,Oculus Quest_Android
17.719,14.322,3159,Oculus Quest_Android
17.732,13.517,3162,Oculus Quest_Android
17.746,13.868,3165,Oculus Quest_Android
17.760,14.112,3169,Oculus Quest_Android
17.774,13.875,3172,Oculus Quest_Android
17.788,14.287,3176,Oculus Quest_Android
17.802,13.478,3179,Oculus Quest_Android
17.816,14.115,3182,Oculus Quest_Android
17.829,13.591,3185,Oculus Quest_Android
17.844,13.923,3189,Oculus Quest_Android
17.857,13.760,3192,Oculus Quest_Android
17.869,12.847,3195,Oculus Quest_Android
17.884,14.507,3199,Oculus Quest_Android
17.898,14.089,3202,Oculus Quest_Android
17.913,14.103,3205,Oculus Quest_Android
17.927,14.256,3209,Oculus Quest_Android
17.940,13.562,3212,Oculus Quest_Android
17.954,14.119,3216,Oculus Quest_Android
17.968,13.653,3219,Oculus Quest_Android
17.982,14.250,3222,Oculus Quest_Android
17.996,13.751,3226,Oculus Quest_Android
18.010,13.781,3229,Oculus Quest_Android
18.024,14.069,3232,Oculus Quest_Android
18.037,13.624,3235,Oculus Quest_Android
18.052,14.100,3239,Oculus Quest_Android
18.065,13.759,3242,Oculus Quest_Android
18.079,13.922,3246,Oculus Quest_Android
18.093,14.303,3249,Oculus Quest_Android
18.107,13.592,3252,Oculus Quest_Android
18.121,14.289,3256,Oculus Quest_Android
18.135,13.472,3259,Oculus Quest_Android
18.149,13.955,3262,Oculus Quest_Android
18.163,13.901,3266,Oculus Quest_Android
18.177,13.930,3269,Oculus Quest_Android
18.191,14.012,3272,Oculus Quest_Android
18.204,13.528,3276,Oculus Quest_Android
18.218,14.198,3279,Oculus Quest_Android
18.232,13.876,3282,Oculus Quest_Android
18.247,14.099,3286,Oculus Quest_Android
18.261,14.598,3289,Oculus Quest_Android
18.274,13.250,3292,Oculus Quest_Android
18.289,14.110,3296,Oculus Quest_Android
18.302,14.018,3299,Oculus Quest_Android
18.316,13.827,3302,Oculus Quest_Android
18.330,13.538,3306,Oculus Quest_Android
18.344,13.606,3309,Oculus Quest_Android
18.357,13.911,3312,Oculus Quest_Android
18.371,13.728,3316,Oculus Quest_Android
18.386,13.948,3319,Oculus Quest_Android
18.399,13.846,3322,Oculus Quest_Android
18.413,13.956,3326,Oculus Quest_Android
18.427,13.924,3329,Oculus Quest_Android
18.441,13.806,3332,Oculus Quest_Android
18.455,14.289,3336,Oculus Quest_Android
18.468,13.360,3339,Oculus Quest_Android
18.483,14.142,3342,Oculus Quest_Android
18.496,13.605,3346,Oculus Quest_Android
18.510,14.301,3349,Oculus Quest_Android
18.524,13.971,3352,Oculus Quest_Android
18.538,13.405,3356,Oculus Quest_Android
18.552,14.495,3359,Oculus Quest_Android
18.565,13.163,3362,Oculus Quest_Android
18.579,13.744,3365,Oculus Quest_Android
18.593,14.395,3369,Oculus Quest_Android
18.607,13.185,3372,Oculus Quest_Android
18.621,14.134,3375,Oculus Quest_Android
18.635,13.880,3379,Oculus Quest_Android
18.649,14.216,3382,Oculus Quest_Android
18.663,13.710,3385,Oculus Quest_Android
18.677,13.837,3389,Oculus Quest_Android
18.690,13.972,3392,Oculus Quest_Android
18.704,13.591,3395,Oculus Quest_Android
18.719,14.412,3399,Oculus Quest_Android
18.732,13.836,3402,Oculus Quest_Android
18.746,13.587,3405,Oculus Quest_Android
18.760,14.086,3409,Oculus Quest_Android
18.774,13.964,3412,Oculus Quest_Android
18.788,14.360,3416,Oculus Quest_Android
18.802,13.457,3419,Oculus Quest_Android
18.816,13.893,3422,Oculus Quest_Android
18.829,13.523,3425,Oculus Quest_Android
18.843,14.158,3429,Oculus Quest_Android
18.857,14.272,3432,Oculus Quest_Android
18.871,13.486,3436,Oculus Quest_Android
18.885,14.052,3439,Oculus Quest_Android
18.899,13.707,3442,Oculus Quest_Android
18.913,13.866,3446,Oculus Quest_Android
18.927,14.416,3449,Oculus Quest_Android
18.941,13.753,3452,Oculus Quest_Android
18.954,13.841,3456,Oculus Quest_Android
18.968,13.685,3459,Oculus Quest_Android
18.982,13.690,3462,Oculus Quest_Android
18.996,13.651,3465,Oculus Quest_Android
19.009,13.700,3469,Oculus Quest_Android
19.023,14.206,3472,Oculus Quest_Android
19.037,13.912,3475,Oculus Quest_Android
19.052,14.341,3479,Oculus Quest_Android
19.065,13.558,3482,Oculus Quest_Android
19.079,13.868,3485,Oculus Quest_Android
19.093,14.123,3489,Oculus Quest_Android
19.107,13.650,3492,Oculus Quest_Android
19.121,14.330,3495,Oculus Quest_Android
19.135,13.762,3499,Oculus Quest_Android
19.149,13.854,3502,Oculus Quest_Android
19.163,13.613,3505,Oculus Quest_Android
19.177,14.066,3509,Oculus Quest_Android
19.191,14.131,3512,Oculus Quest_Android
19.204,13.646,3515,Oculus Quest_Android
19.218,13.924,3519,Oculus Quest_Android
19.232,13.842,3522,Oculus Quest_Android
19.246,13.834,3525,Oculus Quest_Android
19.260,14.310,3528,Oculus Quest_Android
19.274,13.726,3532,Oculus Quest_Android
19.288,13.937,3535,Oculus Quest_Android
19.302,13.525,3538,Oculus Quest_Android
19.316,14.209,3542,Oculus Quest_Android
19.330,13.773,3545,Oculus Quest_Android
19.343,13.693,3548,Oculus Quest_Android
19.357,13.935,3551,Oculus Quest_Android
19.372,14.091,3555,Oculus Quest_Android
19.385,13.793,3558,Oculus Quest_Android
19.399,13.440,3561,Oculus Quest_Android
19.412,13.820,3565,Oculus Quest_Android
19.426,14.132,3568,Oculus Quest_Android
19.440,13.705,3571,Oculus Quest_Android
19.454,14.295,3575,Oculus Quest_Android
19.468,13.683,3578,Oculus Quest_Android
19.482,13.939,3581,Oculus Quest_Android
19.496,14.118,3585,Oculus Quest_Android
19.510,13.871,3588,Oculus Quest_Android
19.524,13.947,3591,Oculus Quest_Android
19.538,13.638,3594,Oculus Quest_Android
19.552,14.020,3598,Oculus Quest_Android
19.565,13.538,3601,Oculus Quest_Android
19.580,14.057,3604,Oculus Quest_Android
19.593,14.016,3608,Oculus Quest_Android
19.607,13.693,3611,Oculus Quest_Android
19.621,14.086,3614,Oculus Quest_Android
19.635,13.683,3617,Oculus Quest_Android
19.649,14.119,3621,Oculus Quest_Android
19.663,13.842,3624,Oculus Quest_Android
19.676,13.609,3627,Oculus Quest_Android
19.690,14.180,3631,Oculus Quest_Android
19.706,15.136,3634,Oculus Quest_Android
19.719,12.788,3637,Oculus Quest_Android
19.732,13.603,3641,Oculus Quest_Android
19.746,13.977,3644,Oculus Quest_Android
19.761,14.235,3647,Oculus Quest_Android
19.774,13.597,3650,Oculus Quest_Android
19.788,14.012,3654,Oculus Quest_Android
19.802,13.966,3657,Oculus Quest_Android
19.817,14.689,3661,Oculus Quest_Android
19.830,13.532,3664,Oculus Quest_Android
19.844,13.264,3667,Oculus Quest_Android
19.856,13.329,3670,Oculus Quest_Android
19.871,14.144,3674,Oculus Quest_Android
19.885,14.066,3677,Oculus Quest_Android
19.898,13.514,3680,Oculus Quest_Android
19.913,14.416,3684,Oculus Quest_Android
19.927,13.548,3687,Oculus Quest_Android
19.940,13.759,3690,Oculus Quest_Android
19.954,13.601,3693,Oculus Quest_Android
19.968,14.359,3697,Oculus Quest_Android
19.981,13.642,3700,Oculus Quest_Android
19.995,13.684,3703,Oculus Quest_Android
20.010,14.077,3706,Oculus Quest_Android
20.024,14.251,3710,Oculus Quest_Android
20.037,13.629,3713,Oculus Quest_Android
20.051,14.128,3716,Oculus Quest_Android
20.066,13.920,3720,Oculus Quest_Android
20.079,13.794,3723,Oculus Quest_Android
20.093,13.940,3726,Oculus Quest_Android
20.107,13.734,3730,Oculus Quest_Android
20.121,14.138,3733,Oculus Quest_Android
20.135,13.857,3736,Oculus Quest_Android
20.149,13.940,3740,Oculus Quest_Android
20.162,13.669,3743,Oculus Quest_Android
20.176,13.888,3746,Oculus Quest_Android
20.191,14.207,3750,Oculus Quest_Android
20.204,13.633,3753,Oculus Quest_Android
20.218,14.077,3756,Oculus Quest_Android
20.232,13.680,3759,Oculus Quest_Android
20.246,13.833,3763,Oculus Quest_Android
20.260,14.070,3766,Oculus Quest_Android
20.274,13.761,3769,Oculus Quest_Android
20.288,14.205,3773,Oculus Quest_Android
20.301,13.555,3776,Oculus Quest_Android
20.316,14.081,3779,Oculus Quest_Android
20.330,13.953,3783,Oculus Quest_Android
20.343,13.493,3786,Oculus Quest_Android
20.357,14.199,3789,Oculus Quest_Android
20.371,13.656,3792,Oculus Quest_Android
20.385,14.301,3796,Oculus Quest_Android
20.399,13.631,3799,Oculus Quest_Android
20.413,13.859,3802,Oculus Quest_Android
20.426,13.713,3806,Oculus Quest_Android
20.440,13.950,3809,Oculus Quest_Android
20.454,13.921,3812,Oculus Quest_Android
20.468,13.858,3815,Oculus Quest_Android
20.482,14.179,3819,Oculus Quest_Android
20.496,13.707,3822,Oculus Quest_Android
20.510,13.750,3825,Oculus Quest_Android
20.524,14.264,3829,Oculus Quest_Android
20.537,13.663,3832,Oculus Quest_Android
20.551,13.972,3835,Oculus Quest_Android
20.565,13.711,3839,Oculus Quest_Android
20.579,13.937,3842,Oculus Quest_Android
20.593,14.224,3845,Oculus Quest_Android
20.607,13.524,3848,Oculus Quest_Android
20.621,14.032,3852,Oculus Quest_Android
20.635,13.736,3855,Oculus Quest_Android
20.649,14.063,3858,Oculus Quest_Android
20.663,13.752,3862,Oculus Quest_Android
20.676,13.738,3865,Oculus Quest_Android
20.690,14.166,3868,Oculus Quest_Android
20.704,13.662,3872,Oculus Quest_Android
20.718,14.277,3875,Oculus Quest_Android
20.732,13.678,3878,Oculus Quest_Android
20.746,13.779,3881,Oculus Quest_Android
20.760,14.180,3885,Oculus Quest_Android
20.773,13.569,3888,Oculus Quest_Android
20.788,14.008,3891,Oculus Quest_Android
20.802,14.197,3895,Oculus Quest_Android
20.816,13.748,3898,Oculus Quest_Android
20.829,13.400,3901,Oculus Quest_Android
20.843,13.833,3904,Oculus Quest_Android
20.857,14.336,3908,Oculus Quest_Android
20.871,13.805,3911,Oculus Quest_Android
20.885,13.922,3914,Oculus Quest_Android
20.899,13.899,3918,Oculus Quest_Android
20.913,13.881,3921,Oculus Quest_Android
20.927,14.120,3924,Oculus Quest_Android
20.941,13.770,3928,Oculus Quest_Android
20.954,13.902,3931,Oculus Quest_Android
20.969,14.366,3934,Oculus Quest_Android
20.983,13.939,3938,Oculus Quest_Android
20.996,13.484,3941,Oculus Quest_Android
21.010,14.017,3944,Oculus Quest_Android
21.024,13.435,3947,Oculus Quest_Android
21.037,13.832,3951,Oculus Quest_Android
21.052,13.873,3954,Oculus Quest_Android
21.065,13.738,3957,Oculus Quest_Android
21.079,13.691,3961,Oculus Quest_Android
21.093,14.290,3964,Oculus Quest_Android
21.107,13.720,3967,Oculus Quest_Android
21.122,14.831,3971,Oculus Quest_Android
21.135,13.216,3974,Oculus Quest_Android
21.148,13.024,3977,Oculus Quest_Android
21.161,13.551,3980,Oculus Quest_Android
21.175,13.930,3984,Oculus Quest_Android
21.190,14.362,3987,Oculus Quest_Android
21.203,13.753,3990,Oculus Quest_Android
21.218,14.228,3994,Oculus Quest_Android
21.231,13.830,3997,Oculus Quest_Android
21.246,14.086,4000,Oculus Quest_Android
21.259,13.505,4003,Oculus Quest_Android
21.273,14.380,4007,Oculus Quest_Android
21.288,14.202,4010,Oculus Quest_Android
21.301,13.597,4013,Oculus Quest_Android
21.316,14.137,4017,Oculus Quest_Android
21.329,13.892,4020,Oculus Quest_Android
21.344,13.966,4023,Oculus Quest_Android
21.357,13.914,4027,Oculus Quest_Android
21.371,13.855,4030,Oculus Quest_Android
21.385,13.847,4033,Oculus Quest_Android
21.399,13.761,4037,Oculus Quest_Android
21.413,13.810,4040,Oculus Quest_Android
21.427,14.150,4043,Oculus Quest_Android
21.440,13.843,4047,Oculus Quest_Android
21.454,14.047,4050,Oculus Quest_Android
21.468,13.634,4053,Oculus Quest_Android
21.482,13.967,4056,Oculus Quest_Android
21.496,14.052,4060,Oculus Quest_Android
21.511,14.344,4063,Oculus Quest_Android
21.525,14.193,4067,Oculus Quest_Android
21.538,13.313,4070,Oculus Quest_Android
21.553,14.202,4073,Oculus Quest_Android
21.566,13.692,4076,Oculus Quest_Android
21.580,13.625,4080,Oculus Quest_Android
21.594,14.251,4083,Oculus Quest_Android
21.607,13.473,4086,Oculus Quest_Android
21.622,14.156,4090,Oculus Quest_Android
21.636,13.903,4093,Oculus Quest_Android
21.650,14.032,4096,Oculus Quest_Android
21.663,13.382,4099,Oculus Quest_Android
21.676,13.415,4103,Oculus Quest_Android
21.691,14.221,4106,Oculus Quest_Android
21.705,13.790,4109,Oculus Quest_Android
21.719,14.498,4113,Oculus Quest_Android
21.732,13.216,4116,Oculus Quest_Android
21.745,13.505,4119,Oculus Quest_Android
21.760,14.193,4122,Oculus Quest_Android
21.773,13.653,4126,Oculus Quest_Android
21.788,14.407,4129,Oculus Quest_Android
21.802,13.744,4132,Oculus Quest_Android
21.815,13.879,4136,Oculus Quest_Android
21.829,13.890,4139,Oculus Quest_Android
21.843,13.782,4142,Oculus Quest_Android
21.857,14.424,4146,Oculus Quest_Android
21.871,13.363,4149,Oculus Quest_Android
21.885,14.349,4152,Oculus Quest_Android
21.899,13.547,4155,Oculus Quest_Android
21.913,13.577,4159,Oculus Quest_Android
21.927,14.276,4162,Oculus Quest_Android
21.940,13.646,4165,Oculus Quest_Android
21.955,14.042,4169,Oculus Quest_Android
21.968,13.822,4172,Oculus Quest_Android
21.983,14.409,4175,Oculus Quest_Android
21.996,13.488,4178,Oculus Quest_Android
22.010,13.437,4182,Oculus Quest_Android
22.024,14.488,4185,Oculus Quest_Android
22.038,13.519,4188,Oculus Quest_Android
22.052,14.640,4192,Oculus Quest_Android
22.066,13.422,4195,Oculus Quest_Android
22.080,13.586,4198,Oculus Quest_Android
22.094,14.163,4202,Oculus Quest_Android
22.107,13.611,4205,Oculus Quest_Android
22.121,14.162,4208,Oculus Quest_Android
22.135,13.855,4211,Oculus Quest_Android
22.149,13.844,4215,Oculus Quest_Android
22.163,13.954,4218,Oculus Quest_Android
22.176,13.513,4221,Oculus Quest_Android
22.191,14.376,4225,Oculus Quest_Android
22.204,13.414,4228,Oculus Quest_Android
22.219,14.653,4231,Oculus Quest_Android
22.232,13.391,4235,Oculus Quest_Android
22.247,13.942,4238,Oculus Quest_Android
22.260,14.409,4241,Oculus Quest_Android
22.274,13.241,4244,Oculus Quest_Android
22.288,13.995,4248,Oculus Quest_Android
22.301,13.463,4251,Oculus Quest_Android
22.316,14.611,4254,Oculus Quest_Android
22.330,13.837,4258,Oculus Quest_Android
22.344,14.020,4261,Oculus Quest_Android
22.358,13.673,4264,Oculus Quest_Android
22.371,13.541,4268,Oculus Quest_Android
22.385,14.370,4271,Oculus Quest_Android
22.399,13.635,4274,Oculus Quest_Android
22.413,13.531,4277,Oculus Quest_Android
22.427,13.976,4281,Oculus Quest_Android
22.440,13.638,4284,Oculus Quest_Android
22.454,14.198,4287,Oculus Quest_Android
22.468,13.908,4291,Oculus Quest_Android
22.482,13.905,4294,Oculus Quest_Android
22.496,13.962,4297,Oculus Quest_Android
22.510,13.764,4301,Oculus Quest_Android
22.524,14.232,4304,Oculus Quest_Android
22.538,13.702,4307,Oculus Quest_Android
22.552,14.238,4311,Oculus Quest_Android
22.565,13.409,4314,Oculus Quest_Android
22.580,13.982,4317,Oculus Quest_Android
22.593,13.941,4320,Oculus Quest_Android
22.607,13.707,4324,Oculus Quest_Android
22.621,14.111,4327,Oculus Quest_Android
22.635,13.748,4330,Oculus Quest_Android
22.649,14.055,4334,Oculus Quest_Android
22.663,13.977,4337,Oculus Quest_Android
22.676,13.607,4340,Oculus Quest_Android
22.691,14.288,4344,Oculus Quest_Android
22.705,13.748,4347,Oculus Quest_Android
22.718,13.971,4350,Oculus Quest_Android
22.732,13.758,4353,Oculus Quest_Android
22.746,13.571,4357,Oculus Quest_Android
22.760,14.210,4360,Oculus Quest_Android
22.774,13.839,4363,Oculus Quest_Android
22.788,13.987,4367,Oculus Quest_Android
22.802,13.703,4370,Oculus Quest_Android
22.816,13.962,4373,Oculus Quest_Android
22.829,13.961,4377,Oculus Quest_Android
22.843,13.718,4380,Oculus Quest_Android
22.857,14.175,4383,Oculus Quest_Android
22.871,13.453,4386,Oculus Quest_Android
22.885,14.718,4390,Oculus Quest_Android
22.899,13.362,4393,Oculus Quest_Android
22.913,13.896,4396,Oculus Quest_Android
22.927,14.081,4400,Oculus Quest_Android
22.940,13.686,4403,Oculus Quest_Android
22.954,13.802,4406,Oculus Quest_Android
22.968,13.989,4410,Oculus Quest_Android
22.983,14.194,4413,Oculus Quest_Android
22.996,13.682,4416,Oculus Quest_Android
23.010,13.503,4419,Oculus Quest_Android
23.024,14.473,4423,Oculus Quest_Android
23.038,13.552,4426,Oculus Quest_Android
23.052,14.409,4429,Oculus Quest_Android
23.066,13.741,4433,Oculus Quest_Android
23.080,13.635,4436,Oculus Quest_Android
23.093,14.270,4439,Oculus Quest_Android
23.107,13.159,4443,Oculus Quest_Android
23.121,14.365,4446,Oculus Quest_Android
23.135,13.695,4449,Oculus Quest_Android
23.150,14.117,4453,Oculus Quest_Android
23.163,13.965,4456,Oculus Quest_Android
23.176,13.405,4459,Oculus Quest_Android
23.191,14.255,4463,Oculus Quest_Android
23.204,13.417,4466,Oculus Quest_Android
23.218,14.507,4469,Oculus Quest_Android
23.232,13.704,4473,Oculus Quest_Android
23.246,13.684,4476,Oculus Quest_Android
23.260,14.106,4479,Oculus Quest_Android
23.274,13.669,4483,Oculus Quest_Android
23.288,14.285,4486,Oculus Quest_Android
23.302,13.749,4489,Oculus Quest_Android
23.316,13.805,4493,Oculus Quest_Android
23.329,13.810,4496,Oculus Quest_Android
23.344,13.958,4499,Oculus Quest_Android
23.357,14.143,4503,Oculus Quest_Android
23.371,13.495,4506,Oculus Quest_Android
23.385,14.225,4509,Oculus Quest_Android
23.399,13.665,4513,Oculus Quest_Android
23.413,13.644,4516,Oculus Quest_Android
23.427,14.124,4519,Oculus Quest_Android
23.441,13.749,4523,Oculus Quest_Android
23.455,14.109,4526,Oculus Quest_Android
23.468,13.546,4529,Oculus Quest_Android
23.482,14.035,4533,Oculus Quest_Android
23.496,14.041,4536,Oculus Quest_Android
23.510,13.881,4539,Oculus Quest_Android
23.524,13.917,4543,Oculus Quest_Android
23.538,13.604,4546,Oculus Quest_Android
23.552,14.316,4549,Oculus Quest_Android
23.566,13.772,4553,Oculus Quest_Android
23.580,13.740,4556,Oculus Quest_Android
23.593,14.045,4559,Oculus Quest_Android
23.607,13.460,4563,Oculus Quest_Android
23.621,14.089,4566,Oculus Quest_Android
23.635,13.799,4569,Oculus Quest_Android
23.649,14.122,4573,Oculus Quest_Android
23.663,14.132,4576,Oculus Quest_Android
23.676,13.357,4579,Oculus Quest_Android
23.691,14.623,4583,Oculus Quest_Android
23.704,13.184,4586,Oculus Quest_Android
23.719,14.656,4589,Oculus Quest_Android
23.732,13.485,4593,Oculus Quest_Android
23.746,13.790,4596,Oculus Quest_Android
23.760,13.865,4599,Oculus Quest_Android
23.774,13.732,4603,Oculus Quest_Android
23.788,14.000,4606,Oculus Quest_Android
23.802,13.658,4609,Oculus Quest_Android
23.815,14.003,4613,Oculus Quest_Android
23.829,13.941,4616,Oculus Quest_Android
23.843,13.758,4619,Oculus Quest_Android
23.857,14.084,4623,Oculus Quest_Android
23.871,13.590,4626,Oculus Quest_Android
23.885,14.278,4629,Oculus Quest_Android
23.899,13.816,4633,Oculus Quest_Android
23.913,13.690,4636,Oculus Quest_Android
23.927,14.498,4639,Oculus Quest_Android
23.941,13.520,4643,Oculus Quest_Android
23.954,14.080,4646,Oculus Quest_Android
23.969,13.800,4649,Oculus Quest_Android
23.983,14.238,4653,Oculus Quest_Android
23.996,13.525,4656,Oculus Quest_Android
24.010,13.468,4659,Oculus Quest_Android
24.024,14.547,4663,Oculus Quest_Android
24.038,13.627,4666,Oculus Quest_Android
24.053,14.535,4669,Oculus Quest_Android
24.066,13.436,4673,Oculus Quest_Android
24.079,13.480,4676,Oculus Quest_Android
24.094,14.136,4679,Oculus Quest_Android
24.107,13.717,4683,Oculus Quest_Android
24.121,14.123,4686,Oculus Quest_Android
24.135,13.672,4689,Oculus Quest_Android
24.149,14.081,4693,Oculus Quest_Android
24.163,13.736,4696,Oculus Quest_Android
24.177,13.820,4699,Oculus Quest_Android
24.191,14.085,4703,Oculus Quest_Android
24.205,13.728,4706,Oculus Quest_Android
24.219,14.309,4709,Oculus Quest_Android
24.232,13.639,4713,Oculus Quest_Android
24.246,13.744,4716,Oculus Quest_Android
24.260,14.152,4719,Oculus Quest_Android
24.274,13.556,4723,Oculus Quest_Android
24.288,14.068,4726,Oculus Quest_Android
24.302,13.839,4729,Oculus Quest_Android
24.316,13.923,4733,Oculus Quest_Android
24.329,13.749,4736,Oculus Quest_Android
24.343,14.154,4739,Oculus Quest_Android
24.357,13.680,4743,Oculus Quest_Android
24.371,13.565,4746,Oculus Quest_Android
24.386,14.552,4749,Oculus Quest_Android
24.399,13.525,4753,Oculus Quest_Android
24.413,13.799,4756,Oculus Quest_Android
24.427,14.055,4759,Oculus Quest_Android
24.441,14.174,4763,Oculus Quest_Android
24.455,13.758,4766,Oculus Quest_Android
24.468,13.698,4769,Oculus Quest_Android
24.483,13.942,4773,Oculus Quest_Android
24.496,13.740,4776,Oculus Quest_Android
24.510,13.567,4779,Oculus Quest_Android
24.524,14.177,4783,Oculus Quest_Android
24.538,13.673,4786,Oculus Quest_Android
24.552,14.409,4789,Oculus Quest_Android
24.565,13.564,4793,Oculus Quest_Android
24.579,13.559,4796,Oculus Quest_Android
24.593,14.319,4799,Oculus Quest_Android
24.607,13.567,4803,Oculus Quest_Android
24.621,14.010,4806,Oculus Quest_Android
24.635,13.717,4809,Oculus Quest_Android
24.649,14.248,4813,Oculus Quest_Android
24.663,13.855,4816,Oculus Quest_Android
24.676,13.629,4819,Oculus Quest_Android
24.691,14.200,4823,Oculus Quest_Android
24.704,13.510,4826,Oculus Quest_Android
24.718,14.605,4829,Oculus Quest_Android
24.735,13.561,4833,Oculus Quest_Android
24.746,13.755,4836,Oculus Quest_Android
24.760,14.266,4839,Oculus Quest_Android
24.774,13.377,4843,Oculus Quest_Android
24.789,14.591,4846,Oculus Quest_Android
24.802,13.335,4849,Oculus Quest_Android
24.815,13.656,4853,Oculus Quest_Android
24.829,13.865,4856,Oculus Quest_Android
24.842,13.815,4859,Oculus Quest_Android
24.857,14.093,4863,Oculus Quest_Android
24.871,13.789,4866,Oculus Quest_Android
24.885,14.476,4869,Oculus Quest_Android
24.898,13.344,4873,Oculus Quest_Android
24.913,13.895,4876,Oculus Quest_Android
24.927,14.142,4879,Oculus Quest_Android
24.940,13.840,4883,Oculus Quest_Android
24.954,14.034,4886,Oculus Quest_Android
24.968,13.715,4889,Oculus Quest_Android
24.982,14.352,4893,Oculus Quest_Android
24.996,13.785,4896,Oculus Quest_Android
25.010,13.524,4899,Oculus Quest_Android
25.024,14.343,4903,Oculus Quest_Android
25.038,13.533,4906,Oculus Quest_Android
25.051,14.127,4909,Oculus Quest_Android
25.065,13.435,4913,Oculus Quest_Android
25.079,14.169,4916,Oculus Quest_Android
25.093,14.204,4919,Oculus Quest_Android
25.107,13.473,4923,Oculus Quest_Android
25.121,14.059,4926,Oculus Quest_Android
25.135,13.576,4929,Oculus Quest_Android
25.149,14.040,4933,Oculus Quest_Android
25.163,13.980,4936,Oculus Quest_Android
25.177,14.052,4939,Oculus Quest_Android
25.191,13.903,4943,Oculus Quest_Android
25.204,13.534,4946,Oculus Quest_Android
25.219,14.405,4949,Oculus Quest_Android
25.232,13.699,4953,Oculus Quest_Android
25.246,13.737,4956,Oculus Quest_Android
25.262,15.158,4960,Oculus Quest_Android
25.274,12.716,4963,Oculus Quest_Android
25.288,13.951,4966,Oculus Quest_Android
25.302,13.767,4969,Oculus Quest_Android
25.316,14.282,4973,Oculus Quest_Android
25.329,13.724,4976,Oculus Quest_Android
25.344,13.828,4979,Oculus Quest_Android
25.357,13.935,4983,Oculus Quest_Android
25.371,13.590,4986,Oculus Quest_Android
25.385,14.167,4989,Oculus Quest_Android
25.399,13.825,4993,Oculus Quest_Android
25.412,13.549,4996,Oculus Quest_Android
25.427,14.344,4999,Oculus Quest_Android
25.440,13.592,5003,Oculus Quest_Android
25.454,14.024,5006,Oculus Quest_Android
25.468,13.636,5009,Oculus Quest_Android
25.482,14.313,5013,Oculus Quest_Android
25.496,13.832,5016,Oculus Quest_Android
25.511,14.180,5019,Oculus Quest_Android
25.524,13.749,5023,Oculus Quest_Android
25.537,13.496,5026,Oculus Quest_Android
25.552,14.238,5029,Oculus Quest_Android
25.565,13.496,5033,Oculus Quest_Android
25.579,13.835,5036,Oculus Quest_Android
25.594,14.570,5039,Oculus Quest_Android
25.607,13.381,5043,Oculus Quest_Android
25.621,13.855,5046,Oculus Quest_Android
25.635,14.134,5049,Oculus Quest_Android
25.650,14.243,5053,Oculus Quest_Android
25.664,14.038,5056,Oculus Quest_Android
25.677,13.297,5059,Oculus Quest_Android
25.691,14.100,5063,Oculus Quest_Android
25.704,13.464,5066,Oculus Quest_Android
25.719,14.379,5069,Oculus Quest_Android
25.733,13.809,5073,Oculus Quest_Android
25.746,13.622,5076,Oculus Quest_Android
25.760,13.926,5079,Oculus Quest_Android
25.774,13.748,5083,Oculus Quest_Android
25.788,14.026,5086,Oculus Quest_Android
25.802,13.680,5089,Oculus Quest_Android
25.815,13.659,5093,Oculus Quest_Android
25.829,13.888,5096,Oculus Quest_Android
25.843,13.672,5099,Oculus Quest_Android
25.858,14.374,5103,Oculus Quest_Android
25.870,13.373,5106,Oculus Quest_Android
25.885,14.418,5109,Oculus Quest_Android
25.899,13.707,5113,Oculus Quest_Android
25.913,13.616,5116,Oculus Quest_Android
25.927,14.244,5119,Oculus Quest_Android
25.940,13.552,5123,Oculus Quest_Android
25.954,14.148,5126,Oculus Quest_Android
25.968,13.751,5129,Oculus Quest_Android
25.983,14.216,5133,Oculus Quest_Android
25.996,13.854,5136,Oculus Quest_Android
26.010,13.639,5139,Oculus Quest_Android
26.024,13.978,5143,Oculus Quest_Android
26.037,13.747,5146,Oculus Quest_Android
26.052,14.342,5149,Oculus Quest_Android
26.065,13.554,5153,Oculus Quest_Android
26.079,13.720,5156,Oculus Quest_Android
26.093,14.024,5159,Oculus Quest_Android
26.107,13.648,5163,Oculus Quest_Android
26.122,14.620,5166,Oculus Quest_Android
26.135,13.350,5169,Oculus Quest_Android
26.149,13.994,5173,Oculus Quest_Android
26.163,14.051,5176,Oculus Quest_Android
26.176,13.496,5179,Oculus Quest_Android
26.191,14.241,5183,Oculus Quest_Android
26.204,13.383,5186,Oculus Quest_Android
26.218,14.311,5190,Oculus Quest_Android
26.232,13.697,5193,Oculus Quest_Android
26.246,13.713,5196,Oculus Quest_Android
26.260,14.306,5200,Oculus Quest_Android
26.273,13.447,5203,Oculus Quest_Android
26.288,14.081,5206,Oculus Quest_Android
26.301,13.707,5210,Oculus Quest_Android
26.316,14.350,5213,Oculus Quest_Android
26.330,13.787,5217,Oculus Quest_Android
26.343,13.900,5220,Oculus Quest_Android
26.357,13.881,5223,Oculus Quest_Android
26.370,13.556,5227,Oculus Quest_Android
26.385,14.303,5230,Oculus Quest_Android
26.398,13.572,5233,Oculus Quest_Android
26.412,13.584,5237,Oculus Quest_Android
26.426,14.366,5240,Oculus Quest_Android
26.440,13.350,5243,Oculus Quest_Android
26.454,14.179,5247,Oculus Quest_Android
26.468,14.216,5250,Oculus Quest_Android
26.482,13.814,5254,Oculus Quest_Android
26.496,14.118,5257,Oculus Quest_Android
26.509,13.148,5260,Oculus Quest_Android
26.524,14.413,5264,Oculus Quest_Android
26.537,13.618,5267,Oculus Quest_Android
26.552,14.642,5271,Oculus Quest_Android
26.565,13.388,5274,Oculus Quest_Android
26.579,13.622,5277,Oculus Quest_Android
26.593,14.030,5280,Oculus Quest_Android
26.607,13.382,5284,Oculus Quest_Android
26.621,14.534,5287,Oculus Quest_Android
26.635,13.670,5291,Oculus Quest_Android
26.649,14.203,5294,Oculus Quest_Android
26.662,13.656,5297,Oculus Quest_Android
26.676,13.470,5301,Oculus Quest_Android
26.690,14.198,5304,Oculus Quest_Android
26.704,13.706,5307,Oculus Quest_Android
26.718,14.356,5311,Oculus Quest_Android
26.732,13.609,5314,Oculus Quest_Android
26.746,13.937,5318,Oculus Quest_Android
26.760,13.965,5321,Oculus Quest_Android
26.773,13.617,5324,Oculus Quest_Android
26.788,14.362,5328,Oculus Quest_Android
26.802,14.025,5331,Oculus Quest_Android
26.815,13.679,5334,Oculus Quest_Android
26.829,13.720,5338,Oculus Quest_Android
26.843,14.018,5341,Oculus Quest_Android
26.857,13.951,5345,Oculus Quest_Android
26.870,13.474,5348,Oculus Quest_Android
26.885,14.493,5351,Oculus Quest_Android
26.899,13.677,5355,Oculus Quest_Android
26.912,13.589,5358,Oculus Quest_Android
26.926,14.160,5361,Oculus Quest_Android
26.940,13.500,5365,Oculus Quest_Android
26.954,14.137,5368,Oculus Quest_Android
26.968,13.786,5371,Oculus Quest_Android
26.983,14.352,5375,Oculus Quest_Android
26.996,13.623,5378,Oculus Quest_Android
27.009,13.515,5381,Oculus Quest_Android
27.024,14.169,5385,Oculus Quest_Android
27.037,13.613,5388,Oculus Quest_Android
27.052,14.404,5392,Oculus Quest_Android
27.065,13.684,5395,Oculus Quest_Android
27.079,13.590,5398,Oculus Quest_Android
27.093,14.137,5402,Oculus Quest_Android
27.107,13.683,5405,Oculus Quest_Android
27.121,14.122,5408,Oculus Quest_Android
27.134,13.650,5412,Oculus Quest_Android
27.149,14.234,5415,Oculus Quest_Android
27.163,13.833,5419,Oculus Quest_Android
27.176,13.624,5422,Oculus Quest_Android
27.191,14.684,5425,Oculus Quest_Android
27.204,13.074,5429,Oculus Quest_Android
27.218,14.151,5432,Oculus Quest_Android
27.232,13.754,5435,Oculus Quest_Android
27.246,13.767,5439,Oculus Quest_Android
27.260,14.705,5442,Oculus Quest_Android
27.273,13.172,5445,Oculus Quest_Android
27.287,13.953,5449,Oculus Quest_Android
27.301,13.690,5452,Oculus Quest_Android
27.315,14.166,5456,Oculus Quest_Android
27.329,13.913,5459,Oculus Quest_Android
27.343,13.790,5462,Oculus Quest_Android
27.357,14.198,5466,Oculus Quest_Android
27.371,13.712,5469,Oculus Quest_Android
27.386,14.948,5473,Oculus Quest_Android
27.399,12.942,5476,Oculus Quest_Android
27.412,13.282,5479,Oculus Quest_Android
27.426,14.302,5483,Oculus Quest_Android
27.440,13.489,5486,Oculus Quest_Android
27.454,14.298,5489,Oculus Quest_Android
27.468,13.859,5493,Oculus Quest_Android
27.482,13.759,5496,Oculus Quest_Android
27.496,13.924,5499,Oculus Quest_Android
27.509,13.635,5503,Oculus Quest_Android
27.524,14.242,5506,Oculus Quest_Android
27.537,13.531,5509,Oculus Quest_Android
27.551,14.560,5513,Oculus Quest_Android
27.566,13.957,5516,Oculus Quest_Android
27.580,13.589,5520,Oculus Quest_Android
27.593,14.124,5523,Oculus Quest_Android
27.607,13.486,5526,Oculus Quest_Android
27.621,13.931,5530,Oculus Quest_Android
27.634,13.940,5533,Oculus Quest_Android
27.649,14.289,5536,Oculus Quest_Android
27.663,13.895,5540,Oculus Quest_Android
27.676,13.603,5543,Oculus Quest_Android
27.690,13.735,5546,Oculus Quest_Android
27.703,13.497,5550,Oculus Quest_Android
27.718,14.427,5553,Oculus Quest_Android
27.732,13.992,5557,Oculus Quest_Android
27.746,13.423,5560,Oculus Quest_Android
27.760,14.359,5563,Oculus Quest_Android
27.773,13.385,5567,Oculus Quest_Android
27.788,14.579,5570,Oculus Quest_Android
27.801,13.478,5573,Oculus Quest_Android
27.815,13.709,5577,Oculus Quest_Android
27.829,14.029,5580,Oculus Quest_Android
27.843,13.699,5583,Oculus Quest_Android
27.857,14.460,5587,Oculus Quest_Android
27.870,13.288,5590,Oculus Quest_Android
27.885,14.474,5594,Oculus Quest_Android
27.898,13.570,5597,Oculus Quest_Android
27.912,13.635,5600,Oculus Quest_Android
27.926,14.226,5604,Oculus Quest_Android
27.940,13.538,5607,Oculus Quest_Android
27.954,14.419,5611,Oculus Quest_Android
27.968,13.387,5614,Oculus Quest_Android
27.982,14.195,5617,Oculus Quest_Android
27.996,13.992,5621,Oculus Quest_Android
28.009,13.406,5624,Oculus Quest_Android
28.024,14.297,5627,Oculus Quest_Android
28.037,13.620,5631,Oculus Quest_Android
28.052,14.321,5634,Oculus Quest_Android
28.065,13.777,5637,Oculus Quest_Android
28.079,13.592,5641,Oculus Quest_Android
28.093,14.330,5644,Oculus Quest_Android
28.107,13.401,5647,Oculus Quest_Android
28.121,14.477,5651,Oculus Quest_Android
28.134,12.956,5654,Oculus Quest_Android
28.148,13.715,5657,Oculus Quest_Android
28.162,13.913,5661,Oculus Quest_Android
28.176,13.886,5664,Oculus Quest_Android
28.190,14.102,5668,Oculus Quest_Android
28.203,13.687,5671,Oculus Quest_Android
28.218,14.491,5674,Oculus Quest_Android
28.231,13.533,5678,Oculus Quest_Android
28.245,13.946,5681,Oculus Quest_Android
28.259,14.148,5684,Oculus Quest_Android
28.273,13.909,5688,Oculus Quest_Android
28.287,13.685,5691,Oculus Quest_Android
28.301,14.007,5695,Oculus Quest_Android
28.315,13.856,5698,Oculus Quest_Android
28.329,13.927,5701,Oculus Quest_Android
28.343,13.893,5705,Oculus Quest_Android
28.357,14.237,5708,Oculus Quest_Android
28.371,13.543,5711,Oculus Quest_Android
28.385,14.031,5715,Oculus Quest_Android
28.398,13.899,5718,Oculus Quest_Android
28.412,13.630,5721,Oculus Quest_Android
28.426,14.087,5725,Oculus Quest_Android
28.440,13.890,5728,Oculus Quest_Android
28.454,14.183,5732,Oculus Quest_Android
28.468,13.516,5735,Oculus Quest_Android
28.481,13.942,5738,Oculus Quest_Android
28.495,13.934,5742,Oculus Quest_Android
28.509,13.813,5745,Oculus Quest_Android
28.524,14.059,5749,Oculus Quest_Android
28.537,13.668,5752,Oculus Quest_Android
28.551,14.161,5755,Oculus Quest_Android
28.565,14.074,5759,Oculus Quest_Android
28.579,13.894,5762,Oculus Quest_Android
28.593,14.017,5765,Oculus Quest_Android
28.607,13.387,5769,Oculus Quest_Android
28.621,14.008,5772,Oculus Quest_Android
28.634,13.720,5775,Oculus Quest_Android
28.649,14.235,5779,Oculus Quest_Android
28.663,14.227,5782,Oculus Quest_Android
28.676,13.405,5786,Oculus Quest_Android
28.690,13.921,5789,Oculus Quest_Android
28.704,13.703,5792,Oculus Quest_Android
28.718,14.218,5796,Oculus Quest_Android
28.732,13.849,5799,Oculus Quest_Android
28.746,13.703,5802,Oculus Quest_Android
28.760,14.034,5806,Oculus Quest_Android
28.773,13.643,5809,Oculus Quest_Android
28.788,14.115,5812,Oculus Quest_Android
28.801,13.693,5816,Oculus Quest_Android
28.815,13.949,5819,Oculus Quest_Android
28.829,13.969,5823,Oculus Quest_Android
28.843,13.787,5826,Oculus Quest_Android
28.857,14.150,5829,Oculus Quest_Android
28.871,13.588,5833,Oculus Quest_Android
28.885,14.374,5836,Oculus Quest_Android
28.899,13.521,5839,Oculus Quest_Android
28.912,13.986,5843,Oculus Quest_Android
28.926,14.079,5846,Oculus Quest_Android
28.940,13.704,5850,Oculus Quest_Android
28.954,13.780,5853,Oculus Quest_Android
28.968,13.827,5856,Oculus Quest_Android
28.982,13.922,5860,Oculus Quest_Android
28.995,13.490,5863,Oculus Quest_Android
29.009,13.921,5866,Oculus Quest_Android
29.024,14.432,5870,Oculus Quest_Android
29.037,13.584,5873,Oculus Quest_Android
29.052,14.573,5877,Oculus Quest_Android
29.065,13.835,5880,Oculus Quest_Android
29.079,13.478,5883,Oculus Quest_Android
29.093,13.923,5887,Oculus Quest_Android
29.107,14.008,5890,Oculus Quest_Android
29.121,13.766,5893,Oculus Quest_Android
29.134,13.688,5896,Oculus Quest_Android
29.149,14.218,5900,Oculus Quest_Android
29.162,13.932,5903,Oculus Quest_Android
29.176,13.711,5907,Oculus Quest_Android
29.190,13.947,5910,Oculus Quest_Android
29.204,13.610,5913,Oculus Quest_Android
29.218,14.173,5917,Oculus Quest_Android
29.232,13.877,5920,Oculus Quest_Android
29.246,14.011,5923,Oculus Quest_Android
29.260,13.889,5927,Oculus Quest_Android
29.273,13.600,5930,Oculus Quest_Android
29.287,13.950,5933,Oculus Quest_Android
29.301,13.750,5936,Oculus Quest_Android
29.315,14.410,5940,Oculus Quest_Android
29.330,14.049,5943,Oculus Quest_Android
29.343,13.789,5947,Oculus Quest_Android
29.357,13.896,5950,Oculus Quest_Android
29.371,13.702,5953,Oculus Quest_Android
29.385,14.142,5957,Oculus Quest_Android
29.399,13.664,5960,Oculus Quest_Android
29.412,13.495,5963,Oculus Quest_Android
29.426,14.041,5967,Oculus Quest_Android
29.440,13.946,5970,Oculus Quest_Android
29.454,14.074,5973,Oculus Quest_Android
29.468,13.519,5976,Oculus Quest_Android
29.482,13.995,5980,Oculus Quest_Android
29.495,13.984,5983,Oculus Quest_Android
29.510,13.935,5987,Oculus Quest_Android
29.524,14.229,5990,Oculus Quest_Android
29.538,13.817,5993,Oculus Quest_Android
29.552,14.137,5997,Oculus Quest_Android
29.566,14.039,6000,Oculus Quest_Android
29.580,14.127,6003,Oculus Quest_Android
29.594,13.598,6007,Oculus Quest_Android
29.607,13.305,6010,Oculus Quest_Android
29.621,14.112,6013,Oculus Quest_Android
29.634,13.209,6016,Oculus Quest_Android
29.649,14.358,6020,Oculus Quest_Android
29.662,13.885,6023,Oculus Quest_Android
29.676,13.320,6026,Oculus Quest_Android
29.690,14.290,6030,Oculus Quest_Android
29.704,13.564,6033,Oculus Quest_Android
29.718,14.278,6037,Oculus Quest_Android
29.732,13.659,6040,Oculus Quest_Android
29.746,13.851,6043,Oculus Quest_Android
29.760,14.087,6047,Oculus Quest_Android
29.773,13.512,6050,Oculus Quest_Android
29.788,14.462,6053,Oculus Quest_Android
29.801,13.607,6057,Oculus Quest_Android
29.815,14.081,6060,Oculus Quest_Android
29.830,13.804,6063,Oculus Quest_Android
29.843,13.620,6066,Oculus Quest_Android
29.857,14.180,6070,Oculus Quest_Android
29.871,13.548,6073,Oculus Quest_Android
29.888,16.821,6077,Oculus Quest_Android
29.898,11.065,6080,Oculus Quest_Android
29.912,13.576,6083,Oculus Quest_Android
29.926,14.023,6086,Oculus Quest_Android
29.940,13.700,6090,Oculus Quest_Android
29.954,14.048,6093,Oculus Quest_Android
29.968,13.986,6096,Oculus Quest_Android
29.982,13.933,6100,Oculus Quest_Android
29.995,14.007,6103,Oculus Quest_Android
30.010,14.341,6107,Oculus Quest_Android
30.024,13.434,6110,Oculus Quest_Android
30.037,13.465,6113,Oculus Quest_Android
30.052,14.519,6117,Oculus Quest_Android
30.065,13.672,6120,Oculus Quest_Android
30.079,13.668,6123,Oculus Quest_Android
30.093,14.120,6126,Oculus Quest_Android
30.106,13.625,6130,Oculus Quest_Android
30.121,14.141,6133,Oculus Quest_Android
30.135,13.984,6137,Oculus Quest_Android
30.148,13.564,6140,Oculus Quest_Android
30.162,14.174,6143,Oculus Quest_Android
30.176,13.797,6146,Oculus Quest_Android
30.190,13.994,6150,Oculus Quest_Android
30.204,13.650,6153,Oculus Quest_Android
30.217,14.089,6156,Oculus Quest_Android
30.232,13.843,6160,Oculus Quest_Android
30.246,13.774,6163,Oculus Quest_Android
30.259,14.278,6167,Oculus Quest_Android
30.273,13.622,6170,Oculus Quest_Android
30.288,14.043,6173,Oculus Quest_Android
30.301,13.742,6176,Oculus Quest_Android
30.315,14.111,6180,Oculus Quest_Android
30.329,14.020,6183,Oculus Quest_Android
30.343,13.741,6187,Oculus Quest_Android
30.357,14.019,6190,Oculus Quest_Android
30.371,13.706,6193,Oculus Quest_Android
30.385,14.000,6197,Oculus Quest_Android
30.399,13.777,6200,Oculus Quest_Android
30.412,13.873,6203,Oculus Quest_Android
30.426,14.121,6207,Oculus Quest_Android
30.440,13.715,6210,Oculus Quest_Android
30.454,14.051,6213,Oculus Quest_Android
30.468,13.668,6217,Oculus Quest_Android
30.482,14.039,6220,Oculus Quest_Android
30.496,13.963,6223,Oculus Quest_Android
30.510,13.638,6227,Oculus Quest_Android
30.524,14.138,6230,Oculus Quest_Android
30.537,13.717,6233,Oculus Quest_Android
30.551,14.061,6237,Oculus Quest_Android
30.565,13.765,6240,Oculus Quest_Android
30.579,13.919,6243,Oculus Quest_Android
30.593,14.072,6247,Oculus Quest_Android
30.607,13.888,6250,Oculus Quest_Android
30.621,13.768,6253,Oculus Quest_Android
30.634,13.788,6257,Oculus Quest_Android
30.649,14.215,6260,Oculus Quest_Android
30.663,13.920,6263,Oculus Quest_Android
30.676,13.340,6266,Oculus Quest_Android
30.690,14.424,6270,Oculus Quest_Android
30.704,13.636,6273,Oculus Quest_Android
30.718,13.977,6277,Oculus Quest_Android
30.732,13.813,6280,Oculus Quest_Android
30.745,13.700,6283,Oculus Quest_Android
30.760,14.055,6287,Oculus Quest_Android
30.774,13.833,6290,Oculus Quest_Android
30.788,13.859,6293,Oculus Quest_Android
30.801,13.767,6297,Oculus Quest_Android
30.815,13.902,6300,Oculus Quest_Android
30.829,14.023,6303,Oculus Quest_Android
30.843,13.583,6306,Oculus Quest_Android
30.857,14.293,6310,Oculus Quest_Android
30.870,13.712,6313,Oculus Quest_Android
30.885,14.053,6317,Oculus Quest_Android
30.899,13.780,6320,Oculus Quest_Android
30.913,13.877,6323,Oculus Quest_Android
30.927,14.227,6327,Oculus Quest_Android
30.940,13.611,6330,Oculus Quest_Android
30.954,13.985,6333,Oculus Quest_Android
30.968,13.648,6337,Oculus Quest_Android
30.983,14.448,6340,Oculus Quest_Android
30.996,13.706,6343,Oculus Quest_Android
31.009,13.435,6346,Oculus Quest_Android
31.024,14.556,6350,Oculus Quest_Android
31.037,13.508,6353,Oculus Quest_Android
31.052,13.984,6357,Oculus Quest_Android
31.065,13.861,6360,Oculus Quest_Android
31.079,13.806,6363,Oculus Quest_Android
31.093,14.080,6367,Oculus Quest_Android
31.107,13.839,6370,Oculus Quest_Android
31.121,13.843,6373,Oculus Quest_Android
31.135,13.430,6376,Oculus Quest_Android
31.149,14.097,6380,Oculus Quest_Android
31.162,13.966,6383,Oculus Quest_Android
31.176,13.872,6387,Oculus Quest_Android
31.190,13.863,6390,Oculus Quest_Android
31.204,13.777,6393,Oculus Quest_Android
31.218,14.034,6397,Oculus Quest_Android
31.232,13.748,6400,Oculus Quest_Android
31.246,13.980,6403,Oculus Quest_Android
31.260,14.076,6407,Oculus Quest_Android
31.274,14.049,6410,Oculus Quest_Android
31.288,13.851,6413,Oculus Quest_Android
31.301,13.433,6416,Oculus Quest_Android
31.315,14.161,6420,Oculus Quest_Android
31.329,13.981,6423,Oculus Quest_Android
31.343,13.678,6427,Oculus Quest_Android
31.357,14.121,6430,Oculus Quest_Android
31.371,13.565,6433,Oculus Quest_Android
31.385,14.223,6437,Oculus Quest_Android
31.399,13.775,6440,Oculus Quest_Android
31.413,13.747,6443,Oculus Quest_Android
31.427,14.194,6447,Oculus Quest_Android
31.440,13.643,6450,Oculus Quest_Android
31.454,13.922,6453,Oculus Quest_Android
31.468,13.687,6457,Oculus Quest_Android
31.482,14.124,6460,Oculus Quest_Android
31.495,13.677,6463,Oculus Quest_Android
31.510,13.860,6466,Oculus Quest_Android
31.524,14.387,6470,Oculus Quest_Android
31.537,13.265,6473,Oculus Quest_Android
31.551,14.096,6477,Oculus Quest_Android
31.565,13.775,6480,Oculus Quest_Android
31.580,14.575,6483,Oculus Quest_Android
31.593,13.994,6487,Oculus Quest_Android
31.607,13.491,6490,Oculus Quest_Android
31.621,14.128,6493,Oculus Quest_Android
31.635,13.520,6497,Oculus Quest_Android
31.650,14.380,6500,Oculus Quest_Android
31.663,13.335,6503,Oculus Quest_Android
31.676,13.502,6506,Oculus Quest_Android
31.690,13.671,6510,Oculus Quest_Android
31.703,13.481,6513,Oculus Quest_Android
31.718,14.381,6516,Oculus Quest_Android
31.731,13.905,6520,Oculus Quest_Android
31.745,13.669,6523,Oculus Quest_Android
31.759,14.104,6526,Oculus Quest_Android
31.773,13.871,6530,Oculus Quest_Android
31.787,14.064,6533,Oculus Quest_Android
31.801,13.680,6536,Oculus Quest_Android
31.815,14.006,6540,Oculus Quest_Android
31.829,14.081,6543,Oculus Quest_Android
31.843,13.820,6546,Oculus Quest_Android
31.857,14.165,6550,Oculus Quest_Android
31.870,13.333,6553,Oculus Quest_Android
31.884,14.292,6556,Oculus Quest_Android
31.898,13.758,6560,Oculus Quest_Android
31.912,13.931,6563,Oculus Quest_Android
31.926,14.168,6567,Oculus Quest_Android
31.940,13.692,6570,Oculus Quest_Android
31.954,13.846,6573,Oculus Quest_Android
31.968,13.761,6576,Oculus Quest_Android
31.982,14.269,6580,Oculus Quest_Android
31.996,13.700,6583,Oculus Quest_Android
32.009,13.583,6586,Oculus Quest_Android
32.024,14.429,6590,Oculus Quest_Android
32.037,13.326,6593,Oculus Quest_Android
32.052,14.473,6597,Oculus Quest_Android
32.065,13.567,6600,Oculus Quest_Android
32.079,13.504,6603,Oculus Quest_Android
32.093,14.402,6607,Oculus Quest_Android
32.106,13.295,6610,Oculus Quest_Android
32.121,14.285,6613,Oculus Quest_Android
32.134,13.660,6616,Oculus Quest_Android
32.148,14.091,6620,Oculus Quest_Android
32.162,14.043,6623,Oculus Quest_Android
32.176,13.669,6626,Oculus Quest_Android
32.190,14.017,6630,Oculus Quest_Android
32.204,13.658,6633,Oculus Quest_Android
32.218,14.069,6636,Oculus Quest_Android
32.231,13.706,6640,Oculus Quest_Android
32.245,13.999,6643,Oculus Quest_Android
32.260,14.342,6647,Oculus Quest_Android
32.273,13.275,6650,Oculus Quest_Android
32.287,14.209,6653,Oculus Quest_Android
32.301,13.777,6656,Oculus Quest_Android
32.315,13.923,6660,Oculus Quest_Android
32.329,13.880,6663,Oculus Quest_Android
32.342,13.677,6666,Oculus Quest_Android
32.357,14.806,6670,Oculus Quest_Android
32.370,13.067,6673,Oculus Quest_Android
32.384,14.122,6676,Oculus Quest_Android
32.398,13.944,6680,Oculus Quest_Android
32.412,13.654,6683,Oculus Quest_Android
32.426,14.106,6686,Oculus Quest_Android
32.440,13.588,6690,Oculus Quest_Android
32.454,14.329,6693,Oculus Quest_Android
32.468,13.531,6696,Oculus Quest_Android
32.482,13.914,6700,Oculus Quest_Android
32.495,13.973,6703,Oculus Quest_Android
32.509,13.684,6706,Oculus Quest_Android
32.523,14.167,6710,Oculus Quest_Android
32.537,13.589,6713,Oculus Quest_Android
32.551,14.290,6717,Oculus Quest_Android
32.564,13.544,6720,Oculus Quest_Android
32.579,14.010,6723,Oculus Quest_Android
32.593,14.087,6727,Oculus Quest_Android
32.607,13.700,6730,Oculus Quest_Android
32.621,13.966,6733,Oculus Quest_Android
32.634,13.651,6736,Oculus Quest_Android
32.649,14.289,6740,Oculus Quest_Android
32.662,13.831,6743,Oculus Quest_Android
32.676,13.858,6746,Oculus Quest_Android
32.690,13.947,6750,Oculus Quest_Android
32.704,13.699,6753,Oculus Quest_Android
32.718,14.459,6757,Oculus Quest_Android
32.732,13.586,6760,Oculus Quest_Android
32.746,13.618,6763,Oculus Quest_Android
32.759,13.963,6766,Oculus Quest_Android
32.773,13.882,6770,Oculus Quest_Android
32.788,14.118,6773,Oculus Quest_Android
32.801,13.470,6776,Oculus Quest_Android
32.815,13.780,6780,Oculus Quest_Android
32.829,14.034,6783,Oculus Quest_Android
32.843,13.821,6786,Oculus Quest_Android
32.857,14.065,6790,Oculus Quest_Android
32.870,13.666,6793,Oculus Quest_Android
32.885,14.475,6797,Oculus Quest_Android
32.898,13.492,6800,Oculus Quest_Android
32.912,13.642,6803,Oculus Quest_Android
32.926,14.393,6807,Oculus Quest_Android
32.939,13.483,6810,Oculus Quest_Android
32.954,14.210,6813,Oculus Quest_Android
32.967,13.513,6816,Oculus Quest_Android
32.982,14.118,6820,Oculus Quest_Android
32.996,14.088,6823,Oculus Quest_Android
33.009,13.512,6826,Oculus Quest_Android
33.023,14.204,6830,Oculus Quest_Android
33.037,13.818,6833,Oculus Quest_Android
33.051,14.207,6837,Oculus Quest_Android
33.065,13.486,6840,Oculus Quest_Android
33.079,13.670,6843,Oculus Quest_Android
33.093,14.275,6847,Oculus Quest_Android
33.106,13.578,6850,Oculus Quest_Android
33.120,14.024,6853,Oculus Quest_Android
33.134,13.618,6856,Oculus Quest_Android
33.148,14.217,6860,Oculus Quest_Android
33.162,13.842,6863,Oculus Quest_Android
33.175,13.610,6866,Oculus Quest_Android
33.190,14.082,6870,Oculus Quest_Android
33.204,13.810,6873,Oculus Quest_Android
33.218,14.184,6876,Oculus Quest_Android
33.231,13.542,6880,Oculus Quest_Android
33.246,14.000,6883,Oculus Quest_Android
33.260,14.129,6886,Oculus Quest_Android
33.273,13.835,6890,Oculus Quest_Android
33.287,13.990,6893,Oculus Quest_Android
33.301,13.984,6897,Oculus Quest_Android
33.315,13.769,6900,Oculus Quest_Android
33.329,14.142,6903,Oculus Quest_Android
33.343,13.379,6906,Oculus Quest_Android
33.356,14.055,6910,Oculus Quest_Android
33.370,13.530,6913,Oculus Quest_Android
33.385,14.478,6917,Oculus Quest_Android
33.398,13.595,6920,Oculus Quest_Android
33.412,13.645,6923,Oculus Quest_Android
33.426,14.128,6926,Oculus Quest_Android
33.440,13.620,6930,Oculus Quest_Android
33.454,14.494,6933,Oculus Quest_Android
33.468,13.430,6936,Oculus Quest_Android
33.482,13.940,6940,Oculus Quest_Android
33.495,13.959,6943,Oculus Quest_Android
33.509,13.788,6946,Oculus Quest_Android
33.524,14.076,6950,Oculus Quest_Android
33.537,13.463,6953,Oculus Quest_Android
33.551,14.203,6956,Oculus Quest_Android
33.564,13.751,6960,Oculus Quest_Android
33.579,13.924,6963,Oculus Quest_Android
33.593,14.269,6967,Oculus Quest_Android
33.607,13.549,6970,Oculus Quest_Android
33.621,14.098,6973,Oculus Quest_Android
33.634,13.681,6976,Oculus Quest_Android
33.649,14.313,6980,Oculus Quest_Android
33.662,13.661,6983,Oculus Quest_Android
33.676,13.521,6986,Oculus Quest_Android
33.690,14.417,6990,Oculus Quest_Android
33.703,13.514,6993,Oculus Quest_Android
33.718,14.382,6997,Oculus Quest_Android
33.731,13.386,7000,Oculus Quest_Android
33.746,14.076,7003,Oculus Quest_Android
33.760,13.948,7006,Oculus Quest_Android
33.773,13.646,7010,Oculus Quest_Android
33.787,14.206,7013,Oculus Quest_Android
33.801,13.313,7016,Oculus Quest_Android
33.815,14.077,7020,Oculus Quest_Android
33.829,14.237,7023,Oculus Quest_Android
33.842,13.510,7026,Oculus Quest_Android
33.857,14.119,7030,Oculus Quest_Android
33.870,13.557,7033,Oculus Quest_Android
33.884,14.157,7036,Oculus Quest_Android
33.898,13.820,7040,Oculus Quest_Android
33.912,13.926,7043,Oculus Quest_Android
33.926,14.231,7047,Oculus Quest_Android
33.940,13.543,7050,Oculus Quest_Android
33.954,14.061,7053,Oculus Quest_Android
33.967,13.632,7056,Oculus Quest_Android
33.982,14.434,7060,Oculus Quest_Android
33.995,13.567,7063,Oculus Quest_Android
34.009,13.438,7066,Oculus Quest_Android
34.023,14.435,7070,Oculus Quest_Android
34.037,13.642,7073,Oculus Quest_Android
34.052,14.285,7077,Oculus Quest_Android
34.065,13.745,7080,Oculus Quest_Android
34.079,13.667,7083,Oculus Quest_Android
34.093,14.042,7086,Oculus Quest_Android
34.106,13.560,7090,Oculus Quest_Android
34.121,14.169,7093,Oculus Quest_Android
34.134,13.780,7096,Oculus Quest_Android
34.148,14.002,7100,Oculus Quest_Android
34.162,13.905,7103,Oculus Quest_Android
34.176,13.781,7106,Oculus Quest_Android
34.190,14.144,7110,Oculus Quest_Android
34.203,13.554,7113,Oculus Quest_Android
34.217,13.979,7116,Oculus Quest_Android
34.232,13.860,7120,Oculus Quest_Android
34.246,14.080,7123,Oculus Quest_Android
34.260,14.099,7127,Oculus Quest_Android
34.273,13.427,7130,Oculus Quest_Android
34.287,14.215,7133,Oculus Quest_Android
34.301,13.659,7136,Oculus Quest_Android
34.315,14.162,7140,Oculus Quest_Android
34.329,13.840,7143,Oculus Quest_Android
34.343,13.800,7146,Oculus Quest_Android
34.357,14.159,7150,Oculus Quest_Android
34.371,13.673,7153,Oculus Quest_Android
34.385,14.138,7157,Oculus Quest_Android
34.399,13.887,7160,Oculus Quest_Android
34.412,13.517,7163,Oculus Quest_Android
34.426,14.168,7167,Oculus Quest_Android
34.440,13.754,7170,Oculus Quest_Android
34.454,14.076,7173,Oculus Quest_Android
34.468,13.529,7176,Oculus Quest_Android
34.482,14.083,7180,Oculus Quest_Android
34.496,13.991,7183,Oculus Quest_Android
34.510,13.779,7187,Oculus Quest_Android
34.525,14.535,7190,Oculus Quest_Android
34.538,13.467,7193,Oculus Quest_Android
34.552,14.496,7197,Oculus Quest_Android
34.565,13.151,7200,Oculus Quest_Android
34.579,13.972,7203,Oculus Quest_Android
34.594,14.380,7207,Oculus Quest_Android
34.607,13.305,7210,Oculus Quest_Android
34.621,14.148,7213,Oculus Quest_Android
34.635,13.584,7217,Oculus Quest_Android
34.650,14.657,7220,Oculus Quest_Android
34.663,13.699,7223,Oculus Quest_Android
34.676,13.227,7226,Oculus Quest_Android
34.690,14.054,7230,Oculus Quest_Android
34.704,13.783,7233,Oculus Quest_Android
34.722,17.819,7237,Oculus Quest_Android
34.732,9.801,7240,Oculus Quest_Android
34.746,13.843,7243,Oculus Quest_Android
34.761,15.009,7247,Oculus Quest_Android
34.774,12.850,7250,Oculus Quest_Android
34.788,14.421,7253,Oculus Quest_Android
34.802,13.720,7257,Oculus Quest_Android
34.815,13.550,7260,Oculus Quest_Android
34.829,13.655,7263,Oculus Quest_Android
34.843,13.668,7266,Oculus Quest_Android
34.857,14.782,7270,Oculus Quest_Android
34.870,12.661,7273,Oculus Quest_Android
34.885,14.598,7276,Oculus Quest_Android
34.898,13.793,7280,Oculus Quest_Android
34.912,13.400,7283,Oculus Quest_Android
34.926,14.297,7286,Oculus Quest_Android
34.940,13.509,7290,Oculus Quest_Android
34.954,14.204,7293,Oculus Quest_Android
34.968,13.707,7296,Oculus Quest_Android
34.982,14.158,7300,Oculus Quest_Android
34.995,14.053,7303,Oculus Quest_Android
35.009,13.254,7306,Oculus Quest_Android
35.023,14.129,7310,Oculus Quest_Android
35.037,13.862,7313,Oculus Quest_Android
35.051,14.428,7316,Oculus Quest_Android
35.065,13.775,7320,Oculus Quest_Android
35.079,13.502,7323,Oculus Quest_Android
35.093,13.952,7326,Oculus Quest_Android
35.106,13.739,7330,Oculus Quest_Android
35.121,14.254,7333,Oculus Quest_Android
35.134,13.885,7336,Oculus Quest_Android
35.149,14.046,7340,Oculus Quest_Android
35.162,13.839,7343,Oculus Quest_Android
35.176,14.220,7347,Oculus Quest_Android
35.191,13.996,7350,Oculus Quest_Android
35.204,13.318,7353,Oculus Quest_Android
35.217,13.873,7356,Oculus Quest_Android
35.231,13.746,7360,Oculus Quest_Android
35.245,13.552,7363,Oculus Quest_Android
35.259,14.155,7366,Oculus Quest_Android
35.272,13.695,7370,Oculus Quest_Android
35.287,14.199,7373,Oculus Quest_Android
35.301,13.726,7376,Oculus Quest_Android
35.315,14.242,7380,Oculus Quest_Android
35.329,13.945,7383,Oculus Quest_Android
35.343,13.510,7386,Oculus Quest_Android
35.356,13.944,7390,Oculus Quest_Android
35.370,13.964,7393,Oculus Quest_Android
35.385,14.459,7397,Oculus Quest_Android
35.398,13.448,7400,Oculus Quest_Android
35.412,13.545,7403,Oculus Quest_Android
35.426,14.203,7406,Oculus Quest_Android
35.440,13.674,7410,Oculus Quest_Android
35.454,14.343,7413,Oculus Quest_Android
35.468,13.648,7416,Oculus Quest_Android
35.482,13.929,7420,Oculus Quest_Android
35.495,13.905,7423,Oculus Quest_Android
35.509,13.622,7426,Oculus Quest_Android
35.523,14.092,7430,Oculus Quest_Android
35.537,13.778,7433,Oculus Quest_Android
35.552,14.470,7437,Oculus Quest_Android
35.565,13.870,7440,Oculus Quest_Android
35.579,13.883,7443,Oculus Quest_Android
35.593,14.239,7447,Oculus Quest_Android
35.607,13.473,7450,Oculus Quest_Android
35.621,13.730,7453,Oculus Quest_Android
35.634,13.479,7456,Oculus Quest_Android
35.649,14.605,7460,Oculus Quest_Android
35.662,13.631,7463,Oculus Quest_Android
35.676,13.417,7466,Oculus Quest_Android
35.690,14.137,7470,Oculus Quest_Android
35.704,14.008,7473,Oculus Quest_Android
35.719,14.587,7477,Oculus Quest_Android
35.732,13.315,7480,Oculus Quest_Android
35.746,13.566,7483,Oculus Quest_Android
35.760,13.925,7486,Oculus Quest_Android
35.773,13.699,7490,Oculus Quest_Android
35.787,14.152,7493,Oculus Quest_Android
35.802,14.331,7497,Oculus Quest_Android
35.816,13.638,7500,Oculus Quest_Android
35.829,13.788,7503,Oculus Quest_Android
35.842,13.253,7506,Oculus Quest_Android
35.857,14.503,7510,Oculus Quest_Android
35.870,13.408,7513,Oculus Quest_Android
35.884,14.025,7516,Oculus Quest_Android
35.898,13.897,7520,Oculus Quest_Android
35.912,14.048,7523,Oculus Quest_Android
35.927,14.149,7526,Oculus Quest_Android
35.940,13.468,7530,Oculus Quest_Android
35.954,14.144,7533,Oculus Quest_Android
35.968,13.716,7536,Oculus Quest_Android
35.982,14.164,7540,Oculus Quest_Android
35.996,13.963,7543,Oculus Quest_Android
36.009,13.531,7546,Oculus Quest_Android
36.023,13.795,7550,Oculus Quest_Android
36.037,13.610,7553,Oculus Quest_Android
36.051,14.637,7556,Oculus Quest_Android
36.065,13.812,7560,Oculus Quest_Android
36.078,13.513,7563,Oculus Quest_Android
36.093,14.208,7566,Oculus Quest_Android
36.107,13.578,7570,Oculus Quest_Android
36.121,14.384,7573,Oculus Quest_Android
36.134,13.388,7576,Oculus Quest_Android
36.148,14.209,7580,Oculus Quest_Android
36.162,13.989,7583,Oculus Quest_Android
36.176,13.318,7586,Oculus Quest_Android
36.191,14.403,7590,Oculus Quest_Android
36.203,13.348,7593,Oculus Quest_Android
36.218,14.440,7596,Oculus Quest_Android
36.231,13.675,7600,Oculus Quest_Android
36.246,13.875,7603,Oculus Quest_Android
36.260,14.122,7606,Oculus Quest_Android
36.273,13.373,7610,Oculus Quest_Android
36.287,14.242,7613,Oculus Quest_Android
36.301,13.621,7616,Oculus Quest_Android
36.315,14.279,7620,Oculus Quest_Android
36.329,13.905,7623,Oculus Quest_Android
36.343,13.652,7626,Oculus Quest_Android
36.357,13.998,7630,Oculus Quest_Android
36.371,13.798,7633,Oculus Quest_Android
36.385,14.270,7637,Oculus Quest_Android
36.398,13.430,7640,Oculus Quest_Android
36.412,13.550,7643,Oculus Quest_Android
36.426,14.351,7646,Oculus Quest_Android
36.440,13.543,7650,Oculus Quest_Android
36.454,14.352,7653,Oculus Quest_Android
36.468,13.658,7656,Oculus Quest_Android
36.481,13.924,7660,Oculus Quest_Android
36.496,14.025,7663,Oculus Quest_Android
36.509,13.551,7666,Oculus Quest_Android
36.524,14.240,7670,Oculus Quest_Android
36.537,13.516,7673,Oculus Quest_Android
36.551,14.364,7676,Oculus Quest_Android
36.565,13.748,7680,Oculus Quest_Android
36.579,13.664,7683,Oculus Quest_Android
36.593,14.222,7686,Oculus Quest_Android
36.607,13.657,7690,Oculus Quest_Android
36.621,14.176,7693,Oculus Quest_Android
36.634,13.895,7696,Oculus Quest_Android
36.649,13.863,7700,Oculus Quest_Android
36.662,14.053,7703,Oculus Quest_Android
36.676,13.380,7706,Oculus Quest_Android
36.690,13.987,7710,Oculus Quest_Android
36.704,13.655,7713,Oculus Quest_Android
36.718,14.406,7716,Oculus Quest_Android
36.732,13.738,7720,Oculus Quest_Android
36.746,13.613,7723,Oculus Quest_Android
36.759,14.049,7726,Oculus Quest_Android
36.773,13.717,7730,Oculus Quest_Android
36.788,14.355,7733,Oculus Quest_Android
36.801,13.436,7736,Oculus Quest_Android
36.815,14.169,7740,Oculus Quest_Android
36.829,14.156,7743,Oculus Quest_Android
36.843,13.550,7746,Oculus Quest_Android
36.857,13.950,7750,Oculus Quest_Android
36.870,13.423,7753,Oculus Quest_Android
36.884,14.250,7756,Oculus Quest_Android
36.898,13.912,7760,Oculus Quest_Android
36.912,13.637,7763,Oculus Quest_Android
36.926,14.235,7766,Oculus Quest_Android
36.939,13.474,7770,Oculus Quest_Android
36.954,14.147,7773,Oculus Quest_Android
36.968,13.618,7776,Oculus Quest_Android
36.982,14.411,7780,Oculus Quest_Android
36.996,13.847,7783,Oculus Quest_Android
37.009,13.496,7786,Oculus Quest_Android
37.023,13.801,7790,Oculus Quest_Android
37.037,13.695,7793,Oculus Quest_Android
37.052,15.142,7797,Oculus Quest_Android
37.065,13.036,7800,Oculus Quest_Android
37.079,13.866,7803,Oculus Quest_Android
37.093,14.161,7806,Oculus Quest_Android
37.106,13.611,7810,Oculus Quest_Android
37.121,14.349,7813,Oculus Quest_Android
37.134,13.385,7816,Oculus Quest_Android
37.149,14.242,7820,Oculus Quest_Android
37.162,13.910,7823,Oculus Quest_Android
37.176,13.271,7826,Oculus Quest_Android
37.190,14.277,7830,Oculus Quest_Android
37.203,13.549,7833,Oculus Quest_Android
37.217,14.168,7836,Oculus Quest_Android
37.231,13.834,7840,Oculus Quest_Android
37.245,13.622,7843,Oculus Quest_Android
37.260,14.763,7847,Oculus Quest_Android
37.273,13.253,7850,Oculus Quest_Android
37.287,13.941,7853,Oculus Quest_Android
37.300,13.641,7856,Oculus Quest_Android
37.315,14.215,7860,Oculus Quest_Android
37.329,13.866,7863,Oculus Quest_Android
37.342,13.402,7866,Oculus Quest_Android
37.357,14.321,7870,Oculus Quest_Android
37.370,13.771,7873,Oculus Quest_Android
37.384,14.210,7876,Oculus Quest_Android
37.398,13.554,7880,Oculus Quest_Android
37.412,13.637,7883,Oculus Quest_Android
37.426,14.009,7886,Oculus Quest_Android
37.439,13.767,7890,Oculus Quest_Android
37.454,14.561,7893,Oculus Quest_Android
37.467,13.581,7896,Oculus Quest_Android
37.481,13.703,7900,Oculus Quest_Android
37.495,13.828,7903,Oculus Quest_Android
37.508,13.627,7906,Oculus Quest_Android
37.523,14.196,7910,Oculus Quest_Android
37.536,13.600,7913,Oculus Quest_Android
37.552,14.645,7916,Oculus Quest_Android
37.565,13.447,7920,Oculus Quest_Android
37.579,13.966,7923,Oculus Quest_Android
37.593,14.266,7926,Oculus Quest_Android
37.606,13.446,7930,Oculus Quest_Android
37.620,14.098,7933,Oculus Quest_Android
37.634,13.606,7936,Oculus Quest_Android
37.649,14.294,7940,Oculus Quest_Android
37.662,13.895,7943,Oculus Quest_Android
37.676,13.605,7946,Oculus Quest_Android
37.690,13.934,7950,Oculus Quest_Android
37.704,13.726,7953,Oculus Quest_Android
37.718,14.452,7956,Oculus Quest_Android
37.732,13.593,7960,Oculus Quest_Android
37.745,13.443,7963,Oculus Quest_Android
37.759,14.179,7966,Oculus Quest_Android
37.773,13.876,7970,Oculus Quest_Android
37.787,14.099,7973,Oculus Quest_Android
37.801,13.951,7976,Oculus Quest_Android
37.815,13.602,7980,Oculus Quest_Android
37.829,13.786,7983,Oculus Quest_Android
37.843,13.853,7986,Oculus Quest_Android
37.857,14.316,7990,Oculus Quest_Android
37.870,13.245,7993,Oculus Quest_Android
37.884,14.276,7996,Oculus Quest_Android
37.898,13.591,8000,Oculus Quest_Android
37.911,13.665,8003,Oculus Quest_Android
37.926,14.193,8006,Oculus Quest_Android
37.939,13.751,8010,Oculus Quest_Android
37.954,14.235,8013,Oculus Quest_Android
37.967,13.560,8016,Oculus Quest_Android
37.981,14.202,8020,Oculus Quest_Android
37.995,14.155,8023,Oculus Quest_Android
38.009,13.393,8026,Oculus Quest_Android
38.023,14.203,8030,Oculus Quest_Android
38.037,13.888,8033,Oculus Quest_Android
38.052,14.384,8036,Oculus Quest_Android
38.065,13.331,8040,Oculus Quest_Android
38.078,13.464,8043,Oculus Quest_Android
38.093,14.774,8046,Oculus Quest_Android
38.106,13.053,8050,Oculus Quest_Android
38.121,14.621,8053,Oculus Quest_Android
38.134,13.452,8056,Oculus Quest_Android
38.148,13.824,8060,Oculus Quest_Android
38.161,13.818,8063,Oculus Quest_Android
38.175,13.276,8066,Oculus Quest_Android
38.189,14.316,8070,Oculus Quest_Android
38.203,13.813,8073,Oculus Quest_Android
38.217,14.198,8076,Oculus Quest_Android
38.231,13.949,8080,Oculus Quest_Android
38.245,13.798,8083,Oculus Quest_Android
38.259,14.175,8086,Oculus Quest_Android
38.272,13.689,8090,Oculus Quest_Android
38.287,14.015,8093,Oculus Quest_Android
38.300,13.785,8096,Oculus Quest_Android
38.315,14.086,8100,Oculus Quest_Android
38.329,13.957,8103,Oculus Quest_Android
38.342,13.649,8106,Oculus Quest_Android
38.356,14.253,8110,Oculus Quest_Android
38.370,13.627,8113,Oculus Quest_Android
38.384,14.142,8116,Oculus Quest_Android
38.398,13.802,8120,Oculus Quest_Android
38.412,13.668,8123,Oculus Quest_Android
38.426,14.031,8126,Oculus Quest_Android
38.440,13.868,8130,Oculus Quest_Android
38.454,14.015,8133,Oculus Quest_Android
38.467,13.688,8136,Oculus Quest_Android
38.482,14.111,8140,Oculus Quest_Android
38.495,13.845,8143,Oculus Quest_Android
38.509,13.670,8146,Oculus Quest_Android
38.523,14.115,8150,Oculus Quest_Android
38.537,13.664,8153,Oculus Quest_Android
38.551,14.079,8156,Oculus Quest_Android
38.565,13.855,8160,Oculus Quest_Android
38.578,13.864,8163,Oculus Quest_Android
38.593,14.097,8166,Oculus Quest_Android
38.606,13.661,8170,Oculus Quest_Android
38.621,14.038,8173,Oculus Quest_Android
38.633,13.518,8176,Oculus Quest_Android
38.648,14.258,8180,Oculus Quest_Android
38.662,13.972,8183,Oculus Quest_Android
38.675,13.343,8186,Oculus Quest_Android
38.690,14.575,8190,Oculus Quest_Android
38.703,13.241,8193,Oculus Quest_Android
38.717,14.240,8196,Oculus Quest_Android
38.731,14.117,8200,Oculus Quest_Android
38.745,13.502,8203,Oculus Quest_Android
38.759,13.950,8206,Oculus Quest_Android
38.772,13.614,8210,Oculus Quest_Android
38.786,14.137,8213,Oculus Quest_Android
38.801,13.940,8216,Oculus Quest_Android
38.815,13.966,8220,Oculus Quest_Android
38.829,13.980,8223,Oculus Quest_Android
38.842,13.547,8226,Oculus Quest_Android
38.856,14.188,8230,Oculus Quest_Android
38.870,13.737,8233,Oculus Quest_Android
38.884,14.235,8236,Oculus Quest_Android
38.898,13.484,8240,Oculus Quest_Android
38.912,14.174,8243,Oculus Quest_Android
38.926,13.967,8246,Oculus Quest_Android
38.939,13.387,8250,Oculus Quest_Android
38.954,14.265,8253,Oculus Quest_Android
38.967,13.813,8256,Oculus Quest_Android
38.981,14.008,8260,Oculus Quest_Android
38.994,13.350,8263,Oculus Quest_Android
39.008,13.795,8266,Oculus Quest_Android
39.023,14.699,8270,Oculus Quest_Android
39.037,13.438,8273,Oculus Quest_Android
39.052,15.001,8277,Oculus Quest_Android
39.065,13.309,8280,Oculus Quest_Android
39.078,13.510,8283,Oculus Quest_Android
39.093,14.031,8287,Oculus Quest_Android
39.106,13.766,8290,Oculus Quest_Android
39.120,13.961,8293,Oculus Quest_Android
39.134,13.803,8297,Oculus Quest_Android
39.148,13.853,8300,Oculus Quest_Android
39.162,13.965,8303,Oculus Quest_Android
39.176,13.694,8307,Oculus Quest_Android
39.190,14.264,8310,Oculus Quest_Android
39.204,13.672,8313,Oculus Quest_Android
39.217,14.004,8317,Oculus Quest_Android
39.231,13.645,8320,Oculus Quest_Android
39.245,13.879,8323,Oculus Quest_Android
39.259,14.146,8327,Oculus Quest_Android
39.273,13.646,8330,Oculus Quest_Android
39.287,14.035,8334,Oculus Quest_Android
39.300,13.849,8337,Oculus Quest_Android
39.315,14.297,8340,Oculus Quest_Android
39.329,13.856,8344,Oculus Quest_Android
39.343,13.692,8347,Oculus Quest_Android
39.357,14.574,8351,Oculus Quest_Android
39.371,13.903,8354,Oculus Quest_Android
39.384,13.234,8357,Oculus Quest_Android
39.398,13.638,8361,Oculus Quest_Android
39.412,13.699,8364,Oculus Quest_Android
39.425,14.170,8367,Oculus Quest_Android
39.439,13.641,8371,Oculus Quest_Android
39.454,14.490,8374,Oculus Quest_Android
39.468,13.750,8377,Oculus Quest_Android
39.482,13.893,8381,Oculus Quest_Android
39.496,14.060,8384,Oculus Quest_Android
39.509,13.622,8388,Oculus Quest_Android
39.524,14.599,8391,Oculus Quest_Android
39.537,13.155,8394,Oculus Quest_Android
39.552,14.391,8398,Oculus Quest_Android
39.565,13.537,8401,Oculus Quest_Android
39.578,13.444,8404,Oculus Quest_Android
39.592,14.182,8408,Oculus Quest_Android
39.606,13.404,8411,Oculus Quest_Android
39.621,14.536,8414,Oculus Quest_Android
39.634,13.285,8418,Oculus Quest_Android
39.648,14.250,8421,Oculus Quest_Android
39.662,13.935,8425,Oculus Quest_Android
39.675,13.426,8428,Oculus Quest_Android
39.690,14.116,8431,Oculus Quest_Android
39.703,13.782,8435,Oculus Quest_Android
39.718,14.513,8438,Oculus Quest_Android
39.732,13.676,8441,Oculus Quest_Android
39.745,13.567,8445,Oculus Quest_Android
39.760,14.366,8448,Oculus Quest_Android
39.773,13.274,8451,Oculus Quest_Android
39.787,14.101,8455,Oculus Quest_Android
39.801,13.954,8458,Oculus Quest_Android
39.814,13.669,8461,Oculus Quest_Android
39.828,13.877,8465,Oculus Quest_Android
39.842,13.474,8468,Oculus Quest_Android
39.857,14.804,8472,Oculus Quest_Android
39.870,13.586,8475,Oculus Quest_Android
39.884,13.998,8478,Oculus Quest_Android
39.898,13.711,8482,Oculus Quest_Android
39.912,13.653,8485,Oculus Quest_Android
39.926,14.327,8489,Oculus Quest_Android
39.940,13.474,8492,Oculus Quest_Android
39.954,14.221,8495,Oculus Quest_Android
39.967,13.625,8499,Oculus Quest_Android
39.984,14.158,8502,Oculus Quest_Android
39.995,13.932,8505,Oculus Quest_Android
40.009,13.281,8509,Oculus Quest_Android
40.023,14.017,8512,Oculus Quest_Android
40.036,13.916,8515,Oculus Quest_Android
40.051,14.220,8519,Oculus Quest_Android
40.065,13.903,8522,Oculus Quest_Android
40.078,13.374,8525,Oculus Quest_Android
40.092,14.353,8529,Oculus Quest_Android
40.105,13.317,8532,Oculus Quest_Android
40.121,14.883,8536,Oculus Quest_Android
40.133,13.101,8539,Oculus Quest_Android
40.148,13.941,8542,Oculus Quest_Android
40.162,14.089,8546,Oculus Quest_Android
40.176,13.962,8549,Oculus Quest_Android
40.190,13.919,8552,Oculus Quest_Android
40.203,13.814,8556,Oculus Quest_Android
40.218,14.217,8559,Oculus Quest_Android
40.231,13.643,8563,Oculus Quest_Android
40.245,13.626,8566,Oculus Quest_Android
40.260,14.675,8569,Oculus Quest_Android
40.273,13.091,8573,Oculus Quest_Android
40.287,14.061,8576,Oculus Quest_Android
40.299,12.915,8579,Oculus Quest_Android
40.314,14.363,8583,Oculus Quest_Android
40.328,13.818,8586,Oculus Quest_Android
40.341,13.722,8589,Oculus Quest_Android
40.356,14.152,8593,Oculus Quest_Android
40.370,13.988,8596,Oculus Quest_Android
40.384,14.518,8600,Oculus Quest_Android
40.397,13.600,8603,Oculus Quest_Android
40.411,13.550,8606,Oculus Quest_Android
40.425,14.104,8610,Oculus Quest_Android
40.439,13.924,8613,Oculus Quest_Android
40.453,13.956,8616,Oculus Quest_Android
40.467,13.730,8620,Oculus Quest_Android
40.481,13.920,8623,Oculus Quest_Android
40.495,14.291,8627,Oculus Quest_Android
40.509,13.497,8630,Oculus Quest_Android
40.523,14.144,8633,Oculus Quest_Android
40.536,14.005,8637,Oculus Quest_Android
40.551,14.265,8640,Oculus Quest_Android
40.565,13.597,8643,Oculus Quest_Android
40.578,13.541,8647,Oculus Quest_Android
40.592,14.245,8650,Oculus Quest_Android
40.606,13.596,8653,Oculus Quest_Android
40.620,13.983,8657,Oculus Quest_Android
40.634,13.691,8660,Oculus Quest_Android
40.648,14.184,8664,Oculus Quest_Android
40.662,13.868,8667,Oculus Quest_Android
40.675,13.677,8670,Oculus Quest_Android
40.690,14.184,8674,Oculus Quest_Android
40.703,13.800,8677,Oculus Quest_Android
40.717,14.234,8680,Oculus Quest_Android
40.731,13.829,8684,Oculus Quest_Android
40.745,13.548,8687,Oculus Quest_Android
40.759,14.096,8691,Oculus Quest_Android
40.772,13.560,8694,Oculus Quest_Android
40.787,14.484,8697,Oculus Quest_Android
40.801,13.548,8701,Oculus Quest_Android
40.815,13.847,8704,Oculus Quest_Android
40.828,14.011,8707,Oculus Quest_Android
40.842,13.539,8711,Oculus Quest_Android
40.856,14.275,8714,Oculus Quest_Android
40.870,13.581,8717,Oculus Quest_Android
40.884,14.169,8721,Oculus Quest_Android
40.898,13.786,8724,Oculus Quest_Android
40.912,13.955,8728,Oculus Quest_Android
40.926,14.034,8731,Oculus Quest_Android
40.939,13.568,8734,Oculus Quest_Android
40.953,14.034,8738,Oculus Quest_Android
40.967,13.578,8741,Oculus Quest_Android
40.982,14.453,8744,Oculus Quest_Android
40.996,13.909,8748,Oculus Quest_Android
41.009,13.498,8751,Oculus Quest_Android
41.023,14.006,8754,Oculus Quest_Android
41.037,14.129,8758,Oculus Quest_Android
41.053,15.072,8762,Oculus Quest_Android
41.066,13.000,8765,Oculus Quest_Android
41.079,13.194,8768,Oculus Quest_Android
41.092,14.059,8771,Oculus Quest_Android
41.106,13.451,8775,Oculus Quest_Android
41.121,15.099,8778,Oculus Quest_Android
41.134,12.559,8781,Oculus Quest_Android
41.148,13.831,8785,Oculus Quest_Android
41.162,14.004,8788,Oculus Quest_Android
41.176,13.910,8791,Oculus Quest_Android
41.190,14.219,8795,Oculus Quest_Android
41.204,13.818,8798,Oculus Quest_Android
41.218,14.294,8802,Oculus Quest_Android
41.231,13.108,8805,Oculus Quest_Android
41.245,14.296,8808,Oculus Quest_Android
41.258,13.165,8812,Oculus Quest_Android
41.272,14.061,8815,Oculus Quest_Android
41.286,13.537,8818,Oculus Quest_Android
41.300,14.332,8822,Oculus Quest_Android
41.314,13.742,8825,Oculus Quest_Android
41.328,14.227,8828,Oculus Quest_Android
41.342,13.561,8832,Oculus Quest_Android
41.357,14.530,8835,Oculus Quest_Android
41.370,13.916,8839,Oculus Quest_Android
41.384,13.619,8842,Oculus Quest_Android
41.397,13.681,8845,Oculus Quest_Android
41.412,13.899,8849,Oculus Quest_Android
41.425,13.949,8852,Oculus Quest_Android
41.439,13.711,8855,Oculus Quest_Android
41.453,14.123,8859,Oculus Quest_Android
41.467,13.921,8862,Oculus Quest_Android
41.481,13.661,8865,Oculus Quest_Android
41.495,14.071,8869,Oculus Quest_Android
41.509,13.559,8872,Oculus Quest_Android
41.523,14.380,8876,Oculus Quest_Android
41.536,13.438,8879,Oculus Quest_Android
41.550,14.092,8882,Oculus Quest_Android
41.564,13.948,8886,Oculus Quest_Android
41.578,13.833,8889,Oculus Quest_Android
41.592,14.526,8893,Oculus Quest_Android
41.606,13.274,8896,Oculus Quest_Android
41.620,14.000,8899,Oculus Quest_Android
41.634,13.898,8903,Oculus Quest_Android
41.648,13.943,8906,Oculus Quest_Android
41.662,14.050,8909,Oculus Quest_Android
41.675,13.588,8913,Oculus Quest_Android
41.690,14.069,8916,Oculus Quest_Android
41.703,13.478,8919,Oculus Quest_Android
41.717,14.327,8923,Oculus Quest_Android
41.731,13.769,8926,Oculus Quest_Android
41.745,13.634,8929,Oculus Quest_Android
41.759,14.253,8933,Oculus Quest_Android
41.773,13.596,8936,Oculus Quest_Android
41.787,13.961,8940,Oculus Quest_Android
41.801,14.174,8943,Oculus Quest_Android
41.814,13.875,8946,Oculus Quest_Android
41.828,13.734,8950,Oculus Quest_Android
41.842,13.760,8953,Oculus Quest_Android
41.856,14.189,8956,Oculus Quest_Android
41.870,13.604,8960,Oculus Quest_Android
41.884,14.177,8963,Oculus Quest_Android
41.897,13.707,8967,Oculus Quest_Android
41.912,14.652,8970,Oculus Quest_Android
41.927,14.345,8974,Oculus Quest_Android
41.940,13.034,8977,Oculus Quest_Android
41.953,14.056,8980,Oculus Quest_Android
41.967,12.951,8983,Oculus Quest_Android
41.980,13.661,8987,Oculus Quest_Android
41.994,14.231,8990,Oculus Quest_Android
42.008,13.534,8993,Oculus Quest_Android
42.022,14.124,8997,Oculus Quest_Android
42.036,13.736,9000,Oculus Quest_Android
42.050,14.340,9004,Oculus Quest_Android
42.064,13.813,9007,Oculus Quest_Android
42.078,13.758,9010,Oculus Quest_Android
42.092,14.071,9014,Oculus Quest_Android
42.105,13.855,9017,Oculus Quest_Android
42.120,13.833,9020,Oculus Quest_Android
42.134,14.009,9024,Oculus Quest_Android
42.148,13.803,9027,Oculus Quest_Android
42.161,14.027,9030,Oculus Quest_Android
42.175,13.659,9034,Oculus Quest_Android
42.189,14.063,9037,Oculus Quest_Android
42.203,13.734,9041,Oculus Quest_Android
42.217,14.123,9044,Oculus Quest_Android
42.231,14.121,9047,Oculus Quest_Android
42.245,13.668,9051,Oculus Quest_Android
42.259,14.530,9054,Oculus Quest_Android
42.273,13.295,9057,Oculus Quest_Android
42.287,14.019,9061,Oculus Quest_Android
42.300,13.587,9064,Oculus Quest_Android
42.314,14.025,9068,Oculus Quest_Android
42.328,13.900,9071,Oculus Quest_Android
42.342,13.670,9074,Oculus Quest_Android
42.356,14.079,9078,Oculus Quest_Android
42.370,13.885,9081,Oculus Quest_Android
42.384,14.223,9084,Oculus Quest_Android
42.397,13.198,9088,Oculus Quest_Android
42.411,13.827,9091,Oculus Quest_Android
42.425,14.249,9094,Oculus Quest_Android
42.439,13.995,9098,Oculus Quest_Android
42.455,15.196,9102,Oculus Quest_Android
42.469,13.799,9105,Oculus Quest_Android
42.480,12.320,9108,Oculus Quest_Android
42.494,13.764,9111,Oculus Quest_Android
42.508,13.627,9114,Oculus Quest_Android
42.522,14.124,9118,Oculus Quest_Android
42.536,13.778,9121,Oculus Quest_Android
42.550,14.122,9125,Oculus Quest_Android
42.564,14.040,9128,Oculus Quest_Android
42.578,13.807,9131,Oculus Quest_Android
42.592,14.292,9135,Oculus Quest_Android
42.606,13.505,9138,Oculus Quest_Android
42.620,14.249,9142,Oculus Quest_Android
42.633,13.570,9145,Oculus Quest_Android
42.648,14.250,9148,Oculus Quest_Android
42.661,13.900,9152,Oculus Quest_Android
42.675,13.486,9155,Oculus Quest_Android
42.689,14.330,9158,Oculus Quest_Android
42.703,13.425,9162,Oculus Quest_Android
42.717,14.290,9165,Oculus Quest_Android
42.731,13.736,9169,Oculus Quest_Android
42.744,13.676,9172,Oculus Quest_Android
42.759,14.346,9175,Oculus Quest_Android
42.772,13.568,9179,Oculus Quest_Android
42.787,13.972,9182,Oculus Quest_Android
42.800,14.033,9185,Oculus Quest_Android
42.814,13.964,9189,Oculus Quest_Android
42.829,14.226,9192,Oculus Quest_Android
42.842,13.430,9195,Oculus Quest_Android
42.857,14.277,9199,Oculus Quest_Android
42.870,13.706,9202,Oculus Quest_Android
42.885,14.532,9206,Oculus Quest_Android
42.898,13.741,9209,Oculus Quest_Android
42.912,13.154,9212,Oculus Quest_Android
42.926,13.897,9216,Oculus Quest_Android
42.940,13.755,9219,Oculus Quest_Android
42.953,14.125,9222,Oculus Quest_Android
42.967,13.708,9226,Oculus Quest_Android
42.982,14.152,9229,Oculus Quest_Android
42.995,13.831,9233,Oculus Quest_Android
43.009,13.510,9236,Oculus Quest_Android
43.023,14.055,9239,Oculus Quest_Android
43.037,14.094,9243,Oculus Quest_Android
43.051,14.391,9246,Oculus Quest_Android
43.065,13.530,9249,Oculus Quest_Android
43.078,13.210,9253,Oculus Quest_Android
43.092,14.112,9256,Oculus Quest_Android
43.106,13.886,9259,Oculus Quest_Android
43.120,14.355,9263,Oculus Quest_Android
43.134,13.550,9266,Oculus Quest_Android
43.148,13.882,9269,Oculus Quest_Android
43.162,13.899,9273,Oculus Quest_Android
43.175,13.608,9276,Oculus Quest_Android
43.190,14.170,9279,Oculus Quest_Android
43.203,13.619,9283,Oculus Quest_Android
43.217,14.257,9286,Oculus Quest_Android
43.231,13.789,9289,Oculus Quest_Android
43.245,13.723,9293,Oculus Quest_Android
43.259,14.155,9296,Oculus Quest_Android
43.273,13.900,9299,Oculus Quest_Android
43.287,13.781,9303,Oculus Quest_Android
43.300,13.685,9306,Oculus Quest_Android
43.315,14.451,9309,Oculus Quest_Android
43.329,13.630,9313,Oculus Quest_Android
43.342,13.534,9316,Oculus Quest_Android
43.356,14.181,9319,Oculus Quest_Android
43.370,13.817,9323,Oculus Quest_Android
43.384,14.426,9326,Oculus Quest_Android
43.398,13.619,9329,Oculus Quest_Android
43.412,13.500,9333,Oculus Quest_Android
43.426,14.058,9336,Oculus Quest_Android
43.439,13.703,9339,Oculus Quest_Android
43.454,14.535,9343,Oculus Quest_Android
43.467,13.375,9346,Oculus Quest_Android
43.481,13.873,9349,Oculus Quest_Android
43.495,13.976,9353,Oculus Quest_Android
43.509,13.593,9356,Oculus Quest_Android
43.523,14.499,9359,Oculus Quest_Android
43.536,13.256,9363,Oculus Quest_Android
43.551,14.427,9366,Oculus Quest_Android
43.565,13.644,9369,Oculus Quest_Android
43.579,13.906,9373,Oculus Quest_Android
43.592,13.968,9376,Oculus Quest_Android
43.606,13.597,9379,Oculus Quest_Android
43.620,14.038,9383,Oculus Quest_Android
43.634,13.750,9386,Oculus Quest_Android
43.648,14.349,9389,Oculus Quest_Android
43.662,13.796,9393,Oculus Quest_Android
43.675,13.435,9396,Oculus Quest_Android
43.690,14.120,9399,Oculus Quest_Android
43.703,13.645,9403,Oculus Quest_Android
43.717,14.644,9406,Oculus Quest_Android
43.732,13.903,9409,Oculus Quest_Android
43.745,13.195,9413,Oculus Quest_Android
43.759,14.196,9416,Oculus Quest_Android
43.773,14.312,9419,Oculus Quest_Android
43.787,13.617,9423,Oculus Quest_Android
43.801,13.626,9426,Oculus Quest_Android
43.814,13.897,9429,Oculus Quest_Android
43.828,14.008,9433,Oculus Quest_Android
43.842,13.310,9436,Oculus Quest_Android
43.856,14.280,9439,Oculus Quest_Android
43.869,13.532,9443,Oculus Quest_Android
43.883,14.090,9446,Oculus Quest_Android
43.897,14.002,9449,Oculus Quest_Android
43.911,13.707,9453,Oculus Quest_Android
43.925,14.066,9456,Oculus Quest_Android
43.939,13.904,9459,Oculus Quest_Android
43.953,13.873,9463,Oculus Quest_Android
43.968,14.183,9466,Oculus Quest_Android
43.982,14.325,9469,Oculus Quest_Android
43.995,13.456,9473,Oculus Quest_Android
44.008,13.192,9476,Oculus Quest_Android
44.022,13.784,9479,Oculus Quest_Android
44.036,13.800,9482,Oculus Quest_Android
44.050,14.238,9486,Oculus Quest_Android
44.065,14.381,9489,Oculus Quest_Android
44.078,13.441,9493,Oculus Quest_Android
44.092,13.981,9496,Oculus Quest_Android
44.105,13.982,9499,Oculus Quest_Android
44.120,13.908,9503,Oculus Quest_Android
44.133,13.890,9506,Oculus Quest_Android
44.148,14.131,9509,Oculus Quest_Android
44.162,13.822,9513,Oculus Quest_Android
44.175,13.476,9516,Oculus Quest_Android
44.189,14.191,9519,Oculus Quest_Android
44.203,13.868,9523,Oculus Quest_Android
44.217,14.272,9526,Oculus Quest_Android
44.231,13.700,9529,Oculus Quest_Android
44.244,13.758,9533,Oculus Quest_Android
44.259,14.158,9536,Oculus Quest_Android
44.273,13.662,9539,Oculus Quest_Android
44.287,13.949,9543,Oculus Quest_Android
44.300,13.776,9546,Oculus Quest_Android
44.315,14.162,9549,Oculus Quest_Android
44.329,14.153,9553,Oculus Quest_Android
44.342,13.189,9556,Oculus Quest_Android
44.357,14.573,9559,Oculus Quest_Android
44.370,13.344,9563,Oculus Quest_Android
44.385,14.719,9566,Oculus Quest_Android
44.398,13.415,9569,Oculus Quest_Android
44.412,13.696,9573,Oculus Quest_Android
44.426,14.171,9576,Oculus Quest_Android
44.439,13.622,9579,Oculus Quest_Android
44.454,14.465,9583,Oculus Quest_Android
44.467,13.365,9586,Oculus Quest_Android
44.481,13.963,9589,Oculus Quest_Android
44.495,13.939,9593,Oculus Quest_Android
44.509,13.557,9596,Oculus Quest_Android
44.523,14.176,9599,Oculus Quest_Android
44.537,13.656,9603,Oculus Quest_Android
44.551,13.958,9606,Oculus Quest_Android
44.565,14.105,9609,Oculus Quest_Android
44.578,13.492,9613,Oculus Quest_Android
44.592,14.154,9616,Oculus Quest_Android
44.606,13.665,9619,Oculus Quest_Android
44.620,14.056,9623,Oculus Quest_Android
44.633,13.665,9626,Oculus Quest_Android
44.648,14.179,9629,Oculus Quest_Android
44.662,13.772,9633,Oculus Quest_Android
44.675,13.514,9636,Oculus Quest_Android
44.690,14.185,9639,Oculus Quest_Android
44.703,13.646,9643,Oculus Quest_Android
44.718,14.610,9646,Oculus Quest_Android
44.731,13.591,9649,Oculus Quest_Android
44.745,13.298,9653,Oculus Quest_Android
44.759,14.398,9656,Oculus Quest_Android
44.773,13.714,9659,Oculus Quest_Android
44.787,13.992,9663,Oculus Quest_Android
44.800,13.951,9666,Oculus Quest_Android
44.814,13.471,9669,Oculus Quest_Android
44.828,14.039,9673,Oculus Quest_Android
44.842,13.523,9676,Oculus Quest_Android
44.856,14.616,9679,Oculus Quest_Android
44.870,13.407,9683,Oculus Quest_Android
44.884,14.262,9686,Oculus Quest_Android
44.898,13.707,9689,Oculus Quest_Android
44.911,13.671,9693,Oculus Quest_Android
44.925,14.089,9696,Oculus Quest_Android
44.939,13.801,9699,Oculus Quest_Android
44.953,13.985,9703,Oculus Quest_Android
44.967,13.616,9706,Oculus Quest_Android
44.981,14.479,9709,Oculus Quest_Android
44.995,13.739,9713,Oculus Quest_Android
45.009,13.487,9716,Oculus Quest_Android
45.023,13.994,9719,Oculus Quest_Android
45.036,13.637,9723,Oculus Quest_Android
45.052,15.276,9726,Oculus Quest_Android
45.065,13.045,9729,Oculus Quest_Android
45.078,13.314,9733,Oculus Quest_Android
45.092,14.172,9736,Oculus Quest_Android
45.106,13.712,9739,Oculus Quest_Android
45.120,14.315,9743,Oculus Quest_Android
45.133,13.581,9746,Oculus Quest_Android
45.147,13.867,9749,Oculus Quest_Android
45.161,13.932,9753,Oculus Quest_Android
45.175,13.603,9756,Oculus Quest_Android
45.190,14.605,9759,Oculus Quest_Android
45.203,13.198,9763,Oculus Quest_Android
45.217,14.311,9766,Oculus Quest_Android
45.231,13.766,9769,Oculus Quest_Android
45.244,13.488,9773,Oculus Quest_Android
45.259,14.246,9776,Oculus Quest_Android
45.272,13.664,9779,Oculus Quest_Android
45.286,13.952,9783,Oculus Quest_Android
45.300,13.798,9786,Oculus Quest_Android
45.314,14.294,9789,Oculus Quest_Android
45.328,13.871,9793,Oculus Quest_Android
45.342,13.429,9796,Oculus Quest_Android
45.356,14.615,9799,Oculus Quest_Android
45.370,13.854,9803,Oculus Quest_Android
45.385,14.416,9806,Oculus Quest_Android
45.397,13.233,9809,Oculus Quest_Android
45.411,12.846,9812,Oculus Quest_Android
45.425,14.326,9816,Oculus Quest_Android
45.439,13.666,9819,Oculus Quest_Android
45.453,14.342,9823,Oculus Quest_Android
45.467,13.754,9826,Oculus Quest_Android
45.481,13.932,9829,Oculus Quest_Android
45.494,13.871,9833,Oculus Quest_Android
45.508,13.628,9836,Oculus Quest_Android
45.523,14.421,9839,Oculus Quest_Android
45.536,13.487,9843,Oculus Quest_Android
45.550,14.195,9846,Oculus Quest_Android
45.564,14.046,9849,Oculus Quest_Android
45.581,13.733,9853,Oculus Quest_Android
45.592,14.400,9856,Oculus Quest_Android
45.609,16.440,9860,Oculus Quest_Android
45.622,13.563,9863,Oculus Quest_Android
45.633,10.995,9866,Oculus Quest_Android
45.648,14.440,9869,Oculus Quest_Android
45.661,13.819,9873,Oculus Quest_Android
45.675,13.449,9876,Oculus Quest_Android
45.689,14.133,9879,Oculus Quest_Android
45.703,13.632,9883,Oculus Quest_Android
45.718,14.799,9886,Oculus Quest_Android
45.731,13.467,9889,Oculus Quest_Android
45.744,13.484,9893,Oculus Quest_Android
45.759,14.207,9896,Oculus Quest_Android
45.773,13.645,9899,Oculus Quest_Android
45.787,14.225,9903,Oculus Quest_Android
45.800,13.599,9906,Oculus Quest_Android
45.814,14.155,9909,Oculus Quest_Android
45.828,13.811,9913,Oculus Quest_Android
45.842,13.638,9916,Oculus Quest_Android
45.856,14.452,9919,Oculus Quest_Android
45.869,13.276,9923,Oculus Quest_Android
45.884,14.330,9926,Oculus Quest_Android
45.897,13.752,9929,Oculus Quest_Android
45.911,13.760,9933,Oculus Quest_Android
45.925,14.012,9936,Oculus Quest_Android
45.939,13.679,9939,Oculus Quest_Android
45.953,14.117,9943,Oculus Quest_Android
45.967,13.706,9946,Oculus Quest_Android
45.981,14.127,9949,Oculus Quest_Android
45.995,14.004,9953,Oculus Quest_Android
46.009,13.710,9956,Oculus Quest_Android
46.023,14.189,9959,Oculus Quest_Android
46.036,13.421,9963,Oculus Quest_Android
46.051,14.377,9966,Oculus Quest_Android
46.065,13.893,9969,Oculus Quest_Android
46.079,13.515,9973,Oculus Quest_Android
46.092,13.841,9976,Oculus Quest_Android
46.106,13.756,9979,Oculus Quest_Android
46.121,14.810,9983,Oculus Quest_Android
46.133,13.225,9986,Oculus Quest_Android
46.147,13.555,9989,Oculus Quest_Android
46.162,14.174,9993,Oculus Quest_Android
46.175,13.497,9996,Oculus Quest_Android
46.190,14.380,9999,Oculus Quest_Android
46.203,13.375,10003,Oculus Quest_Android
46.217,14.490,10006,Oculus Quest_Android
46.231,14.233,10009,Oculus Quest_Android
46.245,13.242,10013,Oculus Quest_Android
46.259,14.163,10016,Oculus Quest_Android
46.273,13.585,10019,Oculus Quest_Android
46.287,13.772,10023,Oculus Quest_Android
46.300,13.687,10026,Oculus Quest_Android
46.314,14.422,10029,Oculus Quest_Android
46.328,14.062,10033,Oculus Quest_Android
46.342,13.223,10036,Oculus Quest_Android
46.356,14.371,10039,Oculus Quest_Android
46.370,13.717,10043,Oculus Quest_Android
46.384,14.267,10046,Oculus Quest_Android
46.398,13.768,10049,Oculus Quest_Android
46.411,13.408,10053,Oculus Quest_Android
46.426,14.393,10056,Oculus Quest_Android
46.439,13.805,10059,Oculus Quest_Android
46.454,14.361,10063,Oculus Quest_Android
46.467,13.569,10066,Oculus Quest_Android
46.481,13.612,10069,Oculus Quest_Android
46.494,13.707,10073,Oculus Quest_Android
46.508,13.601,10076,Oculus Quest_Android
46.523,14.229,10079,Oculus Quest_Android
46.536,13.621,10083,Oculus Quest_Android
46.550,14.231,10086,Oculus Quest_Android
46.564,14.086,10089,Oculus Quest_Android
46.578,13.464,10093,Oculus Quest_Android
46.592,14.282,10096,Oculus Quest_Android
46.605,13.679,10099,Oculus Quest_Android
46.620,14.087,10103,Oculus Quest_Android
46.633,13.645,10106,Oculus Quest_Android
46.648,14.562,10109,Oculus Quest_Android
46.661,13.632,10113,Oculus Quest_Android
46.675,13.583,10116,Oculus Quest_Android
46.690,14.096,10119,Oculus Quest_Android
46.703,13.480,10123,Oculus Quest_Android
46.717,14.343,10126,Oculus Quest_Android
46.731,13.955,10129,Oculus Quest_Android
46.745,13.380,10133,Oculus Quest_Android
46.759,14.302,10136,Oculus Quest_Android
46.772,13.548,10139,Oculus Quest_Android
46.787,14.168,10143,Oculus Quest_Android
46.800,13.632,10146,Oculus Quest_Android
46.814,13.893,10149,Oculus Quest_Android
46.828,14.058,10153,Oculus Quest_Android
46.842,13.784,10156,Oculus Quest_Android
46.856,14.584,10159,Oculus Quest_Android
46.870,13.168,10163,Oculus Quest_Android
46.884,13.915,10166,Oculus Quest_Android
46.898,14.084,10169,Oculus Quest_Android
46.911,13.472,10173,Oculus Quest_Android
46.925,14.250,10176,Oculus Quest_Android
46.939,13.576,10179,Oculus Quest_Android
46.953,13.969,10183,Oculus Quest_Android
46.967,13.878,10186,Oculus Quest_Android
46.981,14.468,10189,Oculus Quest_Android
46.995,13.795,10193,Oculus Quest_Android
47.009,13.284,10196,Oculus Quest_Android
47.023,14.251,10199,Oculus Quest_Android
47.036,13.566,10203,Oculus Quest_Android
47.050,14.307,10206,Oculus Quest_Android
47.065,14.221,10209,Oculus Quest_Android
47.078,13.154,10213,Oculus Quest_Android
47.092,14.062,10216,Oculus Quest_Android
47.106,14.177,10219,Oculus Quest_Android
47.120,13.975,10223,Oculus Quest_Android
47.134,13.381,10226,Oculus Quest_Android
47.148,14.417,10229,Oculus Quest_Android
47.162,13.685,10233,Oculus Quest_Android
47.175,13.512,10236,Oculus Quest_Android
47.189,14.101,10239,Oculus Quest_Android
47.203,13.479,10243,Oculus Quest_Android
47.217,14.289,10246,Oculus Quest_Android
47.231,14.115,10249,Oculus Quest_Android
47.245,13.476,10253,Oculus Quest_Android
47.259,14.203,10256,Oculus Quest_Android
47.273,13.782,10259,Oculus Quest_Android
47.286,13.691,10263,Oculus Quest_Android
47.300,13.712,10266,Oculus Quest_Android
47.314,14.167,10269,Oculus Quest_Android
47.328,14.049,10273,Oculus Quest_Android
47.341,13.528,10276,Oculus Quest_Android
47.356,14.008,10279,Oculus Quest_Android
47.370,13.908,10283,Oculus Quest_Android
47.384,14.366,10286,Oculus Quest_Android
47.397,13.756,10289,Oculus Quest_Android
47.411,13.394,10293,Oculus Quest_Android
47.425,14.010,10296,Oculus Quest_Android
47.439,13.812,10299,Oculus Quest_Android
47.453,14.258,10303,Oculus Quest_Android
47.467,14.029,10306,Oculus Quest_Android
47.481,14.091,10309,Oculus Quest_Android
47.495,13.633,10313,Oculus Quest_Android
47.508,13.550,10316,Oculus Quest_Android
47.523,14.247,10319,Oculus Quest_Android
47.536,13.415,10323,Oculus Quest_Android
47.550,14.069,10326,Oculus Quest_Android
47.566,15.327,10330,Oculus Quest_Android
47.578,12.388,10333,Oculus Quest_Android
47.592,14.094,10336,Oculus Quest_Android
47.605,13.461,10339,Oculus Quest_Android
47.620,14.273,10343,Oculus Quest_Android
47.633,13.547,10346,Oculus Quest_Android
47.647,14.023,10349,Oculus Quest_Android
47.661,14.195,10353,Oculus Quest_Android
47.675,13.380,10356,Oculus Quest_Android
47.689,14.243,10359,Oculus Quest_Android
47.703,13.622,10363,Oculus Quest_Android
47.717,14.432,10366,Oculus Quest_Android
47.731,13.701,10369,Oculus Quest_Android
47.744,13.550,10373,Oculus Quest_Android
47.759,14.204,10376,Oculus Quest_Android
47.772,13.456,10379,Oculus Quest_Android
47.787,14.326,10383,Oculus Quest_Android
47.800,13.847,10386,Oculus Quest_Android
47.814,13.703,10389,Oculus Quest_Android
47.828,13.979,10393,Oculus Quest_Android
47.841,13.681,10396,Oculus Quest_Android
47.856,14.205,10399,Oculus Quest_Android
47.870,13.742,10403,Oculus Quest_Android
47.884,14.009,10406,Oculus Quest_Android
47.898,14.214,10409,Oculus Quest_Android
47.911,13.293,10413,Oculus Quest_Android
47.925,14.154,10416,Oculus Quest_Android
47.939,13.898,10419,Oculus Quest_Android
47.954,14.231,10423,Oculus Quest_Android
47.967,13.707,10426,Oculus Quest_Android
47.981,14.004,10429,Oculus Quest_Android
47.995,13.917,10433,Oculus Quest_Android
48.009,13.461,10436,Oculus Quest_Android
48.022,14.209,10439,Oculus Quest_Android
48.036,13.568,10443,Oculus Quest_Android
48.051,14.242,10446,Oculus Quest_Android
48.065,14.050,10449,Oculus Quest_Android
48.078,13.262,10453,Oculus Quest_Android
48.092,14.287,10456,Oculus Quest_Android
48.105,13.601,10459,Oculus Quest_Android
48.120,14.253,10463,Oculus Quest_Android
48.133,13.317,10466,Oculus Quest_Android
48.148,14.490,10469,Oculus Quest_Android
48.161,13.730,10473,Oculus Quest_Android
48.176,14.124,10476,Oculus Quest_Android
48.190,14.336,10479,Oculus Quest_Android
48.203,13.242,10483,Oculus Quest_Android
48.217,13.941,10486,Oculus Quest_Android
48.230,13.287,10489,Oculus Quest_Android
48.244,13.927,10493,Oculus Quest_Android
48.258,14.360,10496,Oculus Quest_Android
48.272,13.583,10499,Oculus Quest_Android
48.287,14.323,10503,Oculus Quest_Android
48.300,13.313,10506,Oculus Quest_Android
48.314,14.435,10509,Oculus Quest_Android
48.328,13.730,10513,Oculus Quest_Android
48.342,13.571,10516,Oculus Quest_Android
48.356,14.509,10519,Oculus Quest_Android
48.369,13.466,10523,Oculus Quest_Android
48.384,14.063,10526,Oculus Quest_Android
48.397,13.874,10529,Oculus Quest_Android
48.412,14.104,10533,Oculus Quest_Android
48.425,13.819,10536,Oculus Quest_Android
48.439,13.628,10539,Oculus Quest_Android
48.453,14.066,10543,Oculus Quest_Android
48.466,13.515,10546,Oculus Quest_Android
48.481,14.243,10549,Oculus Quest_Android
48.494,13.978,10553,Oculus Quest_Android
48.508,13.484,10556,Oculus Quest_Android
48.523,14.967,10559,Oculus Quest_Android
48.536,12.800,10563,Oculus Quest_Android
48.550,14.181,10566,Oculus Quest_Android
48.564,13.837,10569,Oculus Quest_Android
48.578,13.813,10573,Oculus Quest_Android
48.592,14.255,10576,Oculus Quest_Android
48.607,14.299,10579,Oculus Quest_Android
48.620,13.405,10583,Oculus Quest_Android
48.633,13.416,10586,Oculus Quest_Android
48.648,14.413,10589,Oculus Quest_Android
48.662,13.700,10593,Oculus Quest_Android
48.675,13.897,10596,Oculus Quest_Android
48.689,13.927,10599,Oculus Quest_Android
48.703,13.458,10603,Oculus Quest_Android
48.717,14.317,10606,Oculus Quest_Android
48.731,13.796,10609,Oculus Quest_Android
48.744,13.434,10613,Oculus Quest_Android
48.758,14.317,10616,Oculus Quest_Android
48.772,13.598,10619,Oculus Quest_Android
48.787,14.242,10623,Oculus Quest_Android
48.800,13.625,10626,Oculus Quest_Android
48.814,13.915,10629,Oculus Quest_Android
48.828,13.767,10633,Oculus Quest_Android
48.841,13.800,10636,Oculus Quest_Android
48.856,14.366,10639,Oculus Quest_Android
48.869,13.749,10643,Oculus Quest_Android
48.884,14.015,10646,Oculus Quest_Android
48.897,13.723,10649,Oculus Quest_Android
48.911,13.660,10653,Oculus Quest_Android
48.925,14.164,10656,Oculus Quest_Android
48.939,13.839,10659,Oculus Quest_Android
48.953,13.910,10663,Oculus Quest_Android
48.967,14.115,10666,Oculus Quest_Android
48.981,14.353,10669,Oculus Quest_Android
48.995,13.348,10673,Oculus Quest_Android
49.008,13.499,10676,Oculus Quest_Android
49.023,14.208,10679,Oculus Quest_Android
49.036,13.579,10683,Oculus Quest_Android
49.051,14.267,10686,Oculus Quest_Android
49.064,13.687,10689,Oculus Quest_Android
49.078,13.942,10693,Oculus Quest_Android
49.092,14.164,10696,Oculus Quest_Android
49.106,13.753,10699,Oculus Quest_Android
49.120,13.977,10703,Oculus Quest_Android
49.134,13.679,10706,Oculus Quest_Android
49.148,14.124,10710,Oculus Quest_Android
49.161,13.681,10713,Oculus Quest_Android
49.175,13.647,10716,Oculus Quest_Android
49.190,14.395,10720,Oculus Quest_Android
49.203,13.710,10723,Oculus Quest_Android
49.217,14.227,10726,Oculus Quest_Android
49.230,13.105,10730,Oculus Quest_Android
49.244,13.973,10733,Oculus Quest_Android
49.258,14.050,10736,Oculus Quest_Android
49.272,13.785,10740,Oculus Quest_Android
49.286,14.060,10743,Oculus Quest_Android
49.300,13.607,10746,Oculus Quest_Android
49.314,14.269,10750,Oculus Quest_Android
49.328,13.696,10753,Oculus Quest_Android
49.342,13.591,10757,Oculus Quest_Android
49.356,14.286,10760,Oculus Quest_Android
49.369,13.489,10763,Oculus Quest_Android
49.384,14.701,10767,Oculus Quest_Android
49.397,13.441,10770,Oculus Quest_Android
49.411,13.744,10773,Oculus Quest_Android
49.425,14.075,10777,Oculus Quest_Android
49.439,13.846,10780,Oculus Quest_Android
49.453,13.943,10784,Oculus Quest_Android
49.467,13.757,10787,Oculus Quest_Android
49.481,13.980,10790,Oculus Quest_Android
49.494,13.715,10794,Oculus Quest_Android
49.508,13.806,10797,Oculus Quest_Android
49.523,14.291,10800,Oculus Quest_Android
49.536,13.491,10804,Oculus Quest_Android
49.551,14.390,10807,Oculus Quest_Android
49.564,13.832,10811,Oculus Quest_Android
49.578,13.458,10814,Oculus Quest_Android
49.592,14.035,10817,Oculus Quest_Android
49.605,13.638,10821,Oculus Quest_Android
49.619,14.061,10824,Oculus Quest_Android
49.633,13.518,10827,Oculus Quest_Android
49.647,14.160,10831,Oculus Quest_Android
49.661,14.220,10834,Oculus Quest_Android
49.675,13.429,10837,Oculus Quest_Android
49.689,14.125,10841,Oculus Quest_Android
49.703,13.798,10844,Oculus Quest_Android
49.717,14.507,10848,Oculus Quest_Android
49.730,13.428,10851,Oculus Quest_Android
49.744,13.560,10854,Oculus Quest_Android
49.758,14.053,10858,Oculus Quest_Android
49.772,14.086,10861,Oculus Quest_Android
49.786,13.657,10864,Oculus Quest_Android
49.800,13.896,10868,Oculus Quest_Android
49.814,13.983,10871,Oculus Quest_Android
49.828,13.744,10874,Oculus Quest_Android
49.841,13.778,10878,Oculus Quest_Android
49.855,14.245,10881,Oculus Quest_Android
49.869,13.540,10884,Oculus Quest_Android
49.883,14.146,10888,Oculus Quest_Android
49.897,13.852,10891,Oculus Quest_Android
49.911,13.745,10895,Oculus Quest_Android
49.925,14.319,10898,Oculus Quest_Android
49.938,13.345,10901,Oculus Quest_Android
49.953,14.568,10905,Oculus Quest_Android
49.966,13.177,10908,Oculus Quest_Android
49.981,14.761,10912,Oculus Quest_Android
49.995,13.493,10915,Oculus Quest_Android
50.008,13.648,10918,Oculus Quest_Android
50.022,13.911,10922,Oculus Quest_Android
50.036,13.597,10925,Oculus Quest_Android
50.051,15.025,10928,Oculus Quest_Android
50.064,13.096,10932,Oculus Quest_Android
50.077,13.787,10935,Oculus Quest_Android
50.092,13.912,10938,Oculus Quest_Android
50.105,13.899,10942,Oculus Quest_Android
50.120,14.233,10945,Oculus Quest_Android
50.133,13.570,10948,Oculus Quest_Android
50.147,13.931,10952,Oculus Quest_Android
50.161,13.891,10955,Oculus Quest_Android
50.175,13.688,10959,Oculus Quest_Android
50.189,14.518,10962,Oculus Quest_Android
50.203,13.284,10965,Oculus Quest_Android
50.217,14.118,10969,Oculus Quest_Android
50.231,14.097,10972,Oculus Quest_Android
50.244,13.550,10975,Oculus Quest_Android
50.258,14.112,10979,Oculus Quest_Android
50.272,13.723,10982,Oculus Quest_Android
50.286,14.254,10986,Oculus Quest_Android
50.300,13.733,10989,Oculus Quest_Android
50.317,13.908,10992,Oculus Quest_Android
50.328,13.724,10996,Oculus Quest_Android
50.342,13.635,10999,Oculus Quest_Android
50.355,14.221,11002,Oculus Quest_Android
50.369,13.390,11006,Oculus Quest_Android
50.384,14.662,11009,Oculus Quest_Android
50.397,13.724,11013,Oculus Quest_Android
50.411,13.539,11016,Oculus Quest_Android
50.425,14.028,11019,Oculus Quest_Android
50.439,13.956,11023,Oculus Quest_Android
50.453,14.487,11026,Oculus Quest_Android
50.466,12.709,11029,Oculus Quest_Android
50.480,13.793,11033,Oculus Quest_Android
50.494,13.848,11036,Oculus Quest_Android
50.508,14.084,11039,Oculus Quest_Android
50.522,14.235,11043,Oculus Quest_Android
50.535,13.446,11046,Oculus Quest_Android
50.550,14.210,11049,Oculus Quest_Android
50.564,13.873,11053,Oculus Quest_Android
50.577,13.866,11056,Oculus Quest_Android
50.592,14.279,11060,Oculus Quest_Android
50.605,13.657,11063,Oculus Quest_Android
50.619,13.939,11066,Oculus Quest_Android
50.633,13.649,11070,Oculus Quest_Android
50.647,14.161,11073,Oculus Quest_Android
50.661,14.248,11077,Oculus Quest_Android
50.674,13.560,11080,Oculus Quest_Android
50.689,13.958,11083,Oculus Quest_Android
50.702,13.631,11086,Oculus Quest_Android
50.717,14.471,11090,Oculus Quest_Android
50.731,13.634,11093,Oculus Quest_Android
50.744,13.656,11097,Oculus Quest_Android
50.758,14.156,11100,Oculus Quest_Android
50.772,13.821,11103,Oculus Quest_Android
50.786,14.199,11107,Oculus Quest_Android
50.800,13.573,11110,Oculus Quest_Android
50.814,14.088,11114,Oculus Quest_Android
50.827,13.611,11117,Oculus Quest_Android
50.841,13.830,11120,Oculus Quest_Android
50.856,14.317,11124,Oculus Quest_Android
50.869,13.507,11127,Oculus Quest_Android
50.883,14.120,11130,Oculus Quest_Android
50.898,14.311,11134,Oculus Quest_Android
50.912,13.663,11137,Oculus Quest_Android
50.925,13.839,11141,Oculus Quest_Android
50.939,13.396,11144,Oculus Quest_Android
50.953,14.314,11147,Oculus Quest_Android
50.966,13.624,11151,Oculus Quest_Android
50.981,14.038,11154,Oculus Quest_Android
50.995,14.101,11157,Oculus Quest_Android
51.009,13.676,11161,Oculus Quest_Android
51.022,14.063,11164,Oculus Quest_Android
51.036,13.764,11167,Oculus Quest_Android
51.051,14.151,11171,Oculus Quest_Android
51.064,13.652,11174,Oculus Quest_Android
51.078,13.950,11178,Oculus Quest_Android
51.092,14.049,11181,Oculus Quest_Android
51.105,13.443,11184,Oculus Quest_Android
51.120,14.388,11188,Oculus Quest_Android
51.133,13.637,11191,Oculus Quest_Android
51.148,14.094,11194,Oculus Quest_Android
51.161,13.663,11198,Oculus Quest_Android
51.175,13.723,11201,Oculus Quest_Android
51.189,14.380,11205,Oculus Quest_Android
51.203,13.466,11208,Oculus Quest_Android
51.217,14.058,11211,Oculus Quest_Android
51.230,13.660,11215,Oculus Quest_Android
51.244,13.854,11218,Oculus Quest_Android
51.259,14.420,11221,Oculus Quest_Android
51.272,13.612,11225,Oculus Quest_Android
51.286,13.777,11228,Oculus Quest_Android
51.300,14.138,11231,Oculus Quest_Android
51.314,13.806,11235,Oculus Quest_Android
51.328,13.898,11238,Oculus Quest_Android
51.342,13.824,11241,Oculus Quest_Android
51.356,13.841,11245,Oculus Quest_Android
51.369,13.654,11248,Oculus Quest_Android
51.384,14.381,11252,Oculus Quest_Android
51.397,13.631,11255,Oculus Quest_Android
51.411,13.781,11258,Oculus Quest_Android
51.425,13.897,11262,Oculus Quest_Android
51.439,13.935,11265,Oculus Quest_Android
51.453,14.084,11268,Oculus Quest_Android
51.467,14.231,11272,Oculus Quest_Android
51.481,13.834,11275,Oculus Quest_Android
51.495,13.813,11279,Oculus Quest_Android
51.509,13.789,11282,Oculus Quest_Android
51.524,14.268,11285,Oculus Quest_Android
51.537,13.280,11289,Oculus Quest_Android
51.550,14.126,11292,Oculus Quest_Android
51.564,13.901,11295,Oculus Quest_Android
51.579,13.946,11299,Oculus Quest_Android
51.592,13.606,11302,Oculus Quest_Android
51.605,13.215,11305,Oculus Quest_Android
51.620,14.376,11309,Oculus Quest_Android
51.633,13.316,11312,Oculus Quest_Android
51.647,14.541,11316,Oculus Quest_Android
51.661,13.885,11319,Oculus Quest_Android
51.675,13.564,11322,Oculus Quest_Android
51.689,13.895,11326,Oculus Quest_Android
51.702,13.679,11329,Oculus Quest_Android
51.717,14.320,11332,Oculus Quest_Android
51.731,13.787,11336,Oculus Quest_Android
51.744,13.682,11339,Oculus Quest_Android
51.758,13.964,11342,Oculus Quest_Android
51.772,13.696,11346,Oculus Quest_Android
51.786,14.019,11349,Oculus Quest_Android
51.800,13.976,11353,Oculus Quest_Android
51.814,14.214,11356,Oculus Quest_Android
51.828,13.514,11359,Oculus Quest_Android
51.841,13.748,11363,Oculus Quest_Android
51.856,14.441,11366,Oculus Quest_Android
51.869,13.558,11369,Oculus Quest_Android
51.884,14.119,11373,Oculus Quest_Android
51.897,13.420,11376,Oculus Quest_Android
51.911,13.807,11379,Oculus Quest_Android
51.925,14.214,11383,Oculus Quest_Android
51.938,13.493,11386,Oculus Quest_Android
51.953,14.250,11390,Oculus Quest_Android
51.967,13.800,11393,Oculus Quest_Android
51.981,13.910,11396,Oculus Quest_Android
51.994,13.988,11400,Oculus Quest_Android
52.008,13.824,11403,Oculus Quest_Android
52.022,14.117,11406,Oculus Quest_Android
52.036,13.423,11410,Oculus Quest_Android
52.050,14.540,11413,Oculus Quest_Android
52.064,13.798,11417,Oculus Quest_Android
52.077,13.457,11420,Oculus Quest_Android
52.092,14.032,11423,Oculus Quest_Android
52.105,13.583,11427,Oculus Quest_Android
52.120,14.382,11430,Oculus Quest_Android
52.133,13.551,11433,Oculus Quest_Android
52.147,14.142,11437,Oculus Quest_Android
52.161,13.878,11440,Oculus Quest_Android
52.175,13.600,11443,Oculus Quest_Android
52.189,14.432,11447,Oculus Quest_Android
52.203,13.236,11450,Oculus Quest_Android
52.217,14.852,11454,Oculus Quest_Android
52.230,13.080,11457,Oculus Quest_Android
52.244,13.922,11460,Oculus Quest_Android
52.259,14.410,11464,Oculus Quest_Android
52.273,13.719,11467,Oculus Quest_Android
52.287,13.939,11470,Oculus Quest_Android
52.300,13.375,11474,Oculus Quest_Android
52.314,14.232,11477,Oculus Quest_Android
52.328,13.786,11480,Oculus Quest_Android
52.341,13.618,11484,Oculus Quest_Android
52.356,14.320,11487,Oculus Quest_Android
52.369,13.651,11491,Oculus Quest_Android
52.383,14.265,11494,Oculus Quest_Android
52.397,13.711,11497,Oculus Quest_Android
52.411,13.380,11501,Oculus Quest_Android
52.425,14.064,11504,Oculus Quest_Android
52.439,13.754,11507,Oculus Quest_Android
52.453,14.142,11511,Oculus Quest_Android
52.466,13.631,11514,Oculus Quest_Android
52.481,14.482,11518,Oculus Quest_Android
52.494,13.628,11521,Oculus Quest_Android
52.508,13.804,11524,Oculus Quest_Android
52.522,14.002,11528,Oculus Quest_Android
52.536,13.721,11531,Oculus Quest_Android
52.551,14.271,11534,Oculus Quest_Android
52.564,13.480,11538,Oculus Quest_Android
52.577,13.770,11541,Oculus Quest_Android
52.592,14.113,11544,Oculus Quest_Android
52.606,13.909,11548,Oculus Quest_Android
52.619,13.884,11551,Oculus Quest_Android
52.633,13.443,11554,Oculus Quest_Android
52.647,14.285,11558,Oculus Quest_Android
52.661,13.927,11561,Oculus Quest_Android
52.674,13.494,11565,Oculus Quest_Android
52.689,14.378,11568,Oculus Quest_Android
52.702,13.378,11571,Oculus Quest_Android
52.716,14.522,11575,Oculus Quest_Android
52.730,13.615,11578,Oculus Quest_Android
52.744,13.733,11581,Oculus Quest_Android
52.758,14.164,11585,Oculus Quest_Android
52.772,13.695,11588,Oculus Quest_Android
52.786,14.111,11592,Oculus Quest_Android
52.800,13.628,11595,Oculus Quest_Android
52.814,14.129,11598,Oculus Quest_Android
52.828,13.792,11602,Oculus Quest_Android
52.841,13.799,11605,Oculus Quest_Android
52.856,14.188,11608,Oculus Quest_Android
52.869,13.562,11612,Oculus Quest_Android
52.884,14.394,11615,Oculus Quest_Android
52.897,13.701,11619,Oculus Quest_Android
52.911,13.639,11622,Oculus Quest_Android
52.925,14.174,11625,Oculus Quest_Android
52.938,13.331,11629,Oculus Quest_Android
52.953,14.190,11632,Oculus Quest_Android
52.966,13.425,11635,Oculus Quest_Android
52.980,13.869,11639,Oculus Quest_Android
52.994,14.074,11642,Oculus Quest_Android
53.008,13.874,11645,Oculus Quest_Android
53.022,13.971,11649,Oculus Quest_Android
53.035,13.562,11652,Oculus Quest_Android
53.050,14.459,11656,Oculus Quest_Android
53.063,13.749,11659,Oculus Quest_Android
53.077,13.525,11662,Oculus Quest_Android
53.091,14.010,11665,Oculus Quest_Android
53.105,14.069,11669,Oculus Quest_Android
53.119,13.970,11672,Oculus Quest_Android
53.133,13.872,11676,Oculus Quest_Android
53.147,13.960,11679,Oculus Quest_Android
53.161,13.779,11682,Oculus Quest_Android
53.174,13.741,11685,Oculus Quest_Android
53.189,14.164,11689,Oculus Quest_Android
53.203,13.938,11692,Oculus Quest_Android
53.216,13.770,11696,Oculus Quest_Android
53.230,13.349,11699,Oculus Quest_Android
53.244,14.067,11702,Oculus Quest_Android
53.258,14.034,11705,Oculus Quest_Android
53.271,13.553,11709,Oculus Quest_Android
53.286,14.150,11712,Oculus Quest_Android
53.299,13.476,11715,Oculus Quest_Android
53.314,14.497,11719,Oculus Quest_Android
53.327,13.858,11722,Oculus Quest_Android
53.341,13.455,11725,Oculus Quest_Android
53.355,14.157,11729,Oculus Quest_Android
53.369,13.551,11732,Oculus Quest_Android
53.383,14.469,11736,Oculus Quest_Android
53.397,13.490,11739,Oculus Quest_Android
53.411,14.064,11742,Oculus Quest_Android
53.424,13.837,11745,Oculus Quest_Android
53.438,13.545,11749,Oculus Quest_Android
53.452,14.218,11752,Oculus Quest_Android
53.466,13.639,11755,Oculus Quest_Android
53.480,14.078,11759,Oculus Quest_Android
53.494,13.959,11762,Oculus Quest_Android
53.508,13.818,11765,Oculus Quest_Android
53.522,14.556,11769,Oculus Quest_Android
53.535,13.103,11772,Oculus Quest_Android
53.550,14.271,11776,Oculus Quest_Android
53.563,13.448,11779,Oculus Quest_Android
53.577,13.956,11782,Oculus Quest_Android
53.592,14.500,11786,Oculus Quest_Android
53.605,13.609,11789,Oculus Quest_Android
53.618,13.306,11792,Oculus Quest_Android
53.632,13.674,11795,Oculus Quest_Android
53.646,14.155,11799,Oculus Quest_Android
53.660,14.221,11802,Oculus Quest_Android
53.674,13.651,11805,Oculus Quest_Android
53.688,14.108,11809,Oculus Quest_Android
53.701,13.617,11812,Oculus Quest_Android
53.716,14.374,11816,Oculus Quest_Android
53.730,13.862,11819,Oculus Quest_Android
53.744,13.752,11822,Oculus Quest_Android
53.757,14.048,11825,Oculus Quest_Android
53.772,13.782,11829,Oculus Quest_Android
53.786,14.079,11832,Oculus Quest_Android
53.799,13.685,11835,Oculus Quest_Android
53.814,14.252,11839,Oculus Quest_Android
53.827,13.597,11842,Oculus Quest_Android
53.840,13.832,11845,Oculus Quest_Android
53.855,14.214,11849,Oculus Quest_Android
53.869,13.733,11852,Oculus Quest_Android
53.883,13.989,11856,Oculus Quest_Android
53.896,13.759,11859,Oculus Quest_Android
53.910,13.754,11862,Oculus Quest_Android
53.925,14.252,11866,Oculus Quest_Android
53.938,13.637,11869,Oculus Quest_Android
53.952,14.090,11872,Oculus Quest_Android
53.966,14.060,11876,Oculus Quest_Android
53.981,14.413,11879,Oculus Quest_Android
53.994,13.449,11882,Oculus Quest_Android
54.008,13.507,11886,Oculus Quest_Android
54.022,14.022,11889,Oculus Quest_Android
54.035,13.549,11892,Oculus Quest_Android
54.050,14.368,11896,Oculus Quest_Android
54.064,13.823,11899,Oculus Quest_Android
54.077,13.731,11902,Oculus Quest_Android
54.091,14.044,11906,Oculus Quest_Android
54.105,13.676,11909,Oculus Quest_Android
54.119,14.155,11912,Oculus Quest_Android
54.133,13.703,11916,Oculus Quest_Android
54.147,14.124,11919,Oculus Quest_Android
54.160,13.641,11922,Oculus Quest_Android
54.174,13.784,11926,Oculus Quest_Android
54.189,14.361,11929,Oculus Quest_Android
54.202,13.521,11932,Oculus Quest_Android
54.217,14.275,11936,Oculus Quest_Android
54.230,13.453,11939,Oculus Quest_Android
54.244,13.933,11942,Oculus Quest_Android
54.258,14.028,11946,Oculus Quest_Android
54.272,13.804,11949,Oculus Quest_Android
54.286,14.117,11952,Oculus Quest_Android
54.299,13.484,11956,Oculus Quest_Android
54.314,14.327,11959,Oculus Quest_Android
54.328,13.891,11962,Oculus Quest_Android
54.341,13.668,11966,Oculus Quest_Android
54.355,14.059,11969,Oculus Quest_Android
54.369,13.645,11972,Oculus Quest_Android
54.383,14.288,11976,Oculus Quest_Android
54.397,13.470,11979,Oculus Quest_Android
54.411,13.936,11982,Oculus Quest_Android
54.425,14.074,11986,Oculus Quest_Android
54.439,13.871,11989,Oculus Quest_Android
54.453,14.017,11992,Oculus Quest_Android
54.466,13.595,11996,Oculus Quest_Android
54.480,14.027,11999,Oculus Quest_Android
54.494,13.722,12002,Oculus Quest_Android
54.508,13.934,12006,Oculus Quest_Android
54.522,14.341,12009,Oculus Quest_Android
54.535,13.328,12012,Oculus Quest_Android
54.551,14.812,12016,Oculus Quest_Android
54.564,13.838,12019,Oculus Quest_Android
54.578,13.604,12022,Oculus Quest_Android
54.592,14.043,12026,Oculus Quest_Android
54.605,13.349,12029,Oculus Quest_Android
54.619,14.007,12032,Oculus Quest_Android
54.633,13.704,12036,Oculus Quest_Android
54.648,14.503,12039,Oculus Quest_Android
54.661,13.514,12042,Oculus Quest_Android
54.675,13.597,12046,Oculus Quest_Android
54.689,14.183,12049,Oculus Quest_Android
54.703,13.763,12052,Oculus Quest_Android
54.718,14.551,12056,Oculus Quest_Android
54.731,13.172,12059,Oculus Quest_Android
54.744,13.658,12062,Oculus Quest_Android
54.758,13.814,12065,Oculus Quest_Android
54.772,13.843,12069,Oculus Quest_Android
54.786,13.970,12072,Oculus Quest_Android
54.799,13.632,12075,Oculus Quest_Android
54.813,14.165,12079,Oculus Quest_Android
54.827,13.954,12082,Oculus Quest_Android
54.841,13.538,12085,Oculus Quest_Android
54.856,14.410,12089,Oculus Quest_Android
54.869,13.610,12092,Oculus Quest_Android
54.883,14.088,12096,Oculus Quest_Android
54.897,13.623,12099,Oculus Quest_Android
54.910,13.730,12102,Oculus Quest_Android
54.925,14.358,12106,Oculus Quest_Android
54.938,13.235,12109,Oculus Quest_Android
54.952,14.186,12112,Oculus Quest_Android
54.966,13.762,12115,Oculus Quest_Android
54.980,14.393,12119,Oculus Quest_Android
54.993,13.484,12122,Oculus Quest_Android
55.007,13.662,12125,Oculus Quest_Android
55.022,14.248,12129,Oculus Quest_Android
55.035,13.379,12132,Oculus Quest_Android
55.050,14.661,12136,Oculus Quest_Android
55.066,13.494,12139,Oculus Quest_Android
55.077,13.984,12142,Oculus Quest_Android
55.091,13.848,12145,Oculus Quest_Android
55.105,13.772,12149,Oculus Quest_Android
55.119,13.937,12152,Oculus Quest_Android
55.132,13.600,12155,Oculus Quest_Android
55.147,13.976,12159,Oculus Quest_Android
55.160,13.955,12162,Oculus Quest_Android
55.174,13.915,12165,Oculus Quest_Android
55.189,14.340,12169,Oculus Quest_Android
55.202,13.418,12172,Oculus Quest_Android
55.216,14.172,12175,Oculus Quest_Android
55.230,13.602,12179,Oculus Quest_Android
55.244,13.949,12182,Oculus Quest_Android
55.258,14.249,12186,Oculus Quest_Android
55.272,13.591,12189,Oculus Quest_Android
55.286,14.198,12192,Oculus Quest_Android
55.299,13.435,12195,Oculus Quest_Android
55.313,14.024,12199,Oculus Quest_Android
55.328,14.190,12202,Oculus Quest_Android
55.341,13.592,12205,Oculus Quest_Android
55.355,14.245,12209,Oculus Quest_Android
55.369,13.552,12212,Oculus Quest_Android
55.383,14.565,12216,Oculus Quest_Android
55.397,13.928,12219,Oculus Quest_Android
55.411,13.198,12222,Oculus Quest_Android
55.425,13.871,12225,Oculus Quest_Android
55.438,13.501,12229,Oculus Quest_Android
55.452,14.356,12232,Oculus Quest_Android
55.466,13.769,12235,Oculus Quest_Android
55.480,14.017,12239,Oculus Quest_Android
55.494,14.016,12242,Oculus Quest_Android
55.507,13.452,12245,Oculus Quest_Android
55.522,14.381,12249,Oculus Quest_Android
55.538,15.084,12252,Oculus Quest_Android
55.550,13.164,12256,Oculus Quest_Android
55.563,12.554,12259,Oculus Quest_Android
55.576,13.843,12262,Oculus Quest_Android
55.591,14.301,12265,Oculus Quest_Android
55.604,13.731,12269,Oculus Quest_Android
55.618,13.930,12272,Oculus Quest_Android
55.632,13.757,12275,Oculus Quest_Android
55.646,14.233,12279,Oculus Quest_Android
55.660,14.181,12282,Oculus Quest_Android
55.674,13.495,12285,Oculus Quest_Android
55.688,14.204,12289,Oculus Quest_Android
55.702,13.630,12292,Oculus Quest_Android
55.716,14.163,12295,Oculus Quest_Android
55.730,13.795,12299,Oculus Quest_Android
55.744,13.909,12302,Oculus Quest_Android
55.758,14.036,12306,Oculus Quest_Android
55.771,13.944,12309,Oculus Quest_Android
55.785,13.868,12312,Oculus Quest_Android
55.799,13.944,12316,Oculus Quest_Android
55.813,14.093,12319,Oculus Quest_Android
55.827,13.545,12322,Oculus Quest_Android
55.841,13.867,12325,Oculus Quest_Android
55.855,14.148,12329,Oculus Quest_Android
55.869,13.614,12332,Oculus Quest_Android
55.883,14.169,12336,Oculus Quest_Android
55.897,14.079,12339,Oculus Quest_Android
55.911,13.709,12342,Oculus Quest_Android
55.924,14.043,12346,Oculus Quest_Android
55.938,13.427,12349,Oculus Quest_Android
55.952,14.323,12352,Oculus Quest_Android
55.966,13.602,12356,Oculus Quest_Android
55.980,14.001,12359,Oculus Quest_Android
55.994,14.254,12362,Oculus Quest_Android
56.007,13.423,12366,Oculus Quest_Android
56.022,14.257,12369,Oculus Quest_Android
56.035,13.367,12372,Oculus Quest_Android
56.050,14.210,12376,Oculus Quest_Android
56.063,13.893,12379,Oculus Quest_Android
56.077,13.739,12382,Oculus Quest_Android
56.092,14.759,12386,Oculus Quest_Android
56.106,13.539,12389,Oculus Quest_Android
56.120,13.980,12392,Oculus Quest_Android
56.133,13.439,12395,Oculus Quest_Android
56.147,14.172,12399,Oculus Quest_Android
56.161,13.951,12402,Oculus Quest_Android
56.175,13.583,12405,Oculus Quest_Android
56.190,14.680,12409,Oculus Quest_Android
56.203,13.328,12412,Oculus Quest_Android
56.217,14.355,12415,Oculus Quest_Android
56.231,13.505,12419,Oculus Quest_Android
56.245,13.707,12422,Oculus Quest_Android
56.259,14.082,12425,Oculus Quest_Android
56.272,13.694,12428,Oculus Quest_Android
56.286,14.007,12432,Oculus Quest_Android
56.299,13.463,12435,Oculus Quest_Android
56.314,13.967,12438,Oculus Quest_Android
56.328,14.164,12442,Oculus Quest_Android
56.343,15.383,12445,Oculus Quest_Android
56.356,12.589,12448,Oculus Quest_Android
56.369,13.240,12451,Oculus Quest_Android
56.382,13.797,12455,Oculus Quest_Android
56.396,13.750,12458,Oculus Quest_Android
56.411,14.095,12461,Oculus Quest_Android
56.424,14.000,12465,Oculus Quest_Android
56.438,13.983,12468,Oculus Quest_Android
56.452,13.840,12471,Oculus Quest_Android
56.467,14.357,12475,Oculus Quest_Android
56.480,13.671,12478,Oculus Quest_Android
56.494,13.860,12481,Oculus Quest_Android
56.508,13.702,12485,Oculus Quest_Android
56.522,14.426,12488,Oculus Quest_Android
56.535,13.341,12491,Oculus Quest_Android
56.550,14.096,12494,Oculus Quest_Android
56.563,13.746,12498,Oculus Quest_Android
56.578,14.104,12501,Oculus Quest_Android
56.592,14.269,12504,Oculus Quest_Android
56.605,13.570,12508,Oculus Quest_Android
56.619,14.077,12511,Oculus Quest_Android
56.633,13.682,12514,Oculus Quest_Android
56.647,14.217,12518,Oculus Quest_Android
56.661,13.860,12521,Oculus Quest_Android
56.675,13.554,12524,Oculus Quest_Android
56.689,14.259,12528,Oculus Quest_Android
56.703,13.657,12531,Oculus Quest_Android
56.716,14.043,12534,Oculus Quest_Android
56.731,13.839,12537,Oculus Quest_Android
56.744,13.893,12541,Oculus Quest_Android
56.758,14.125,12544,Oculus Quest_Android
56.772,13.730,12547,Oculus Quest_Android
56.787,13.882,12551,Oculus Quest_Android
56.800,14.038,12554,Oculus Quest_Android
56.814,13.724,12557,Oculus Quest_Android
56.829,14.166,12561,Oculus Quest_Android
56.842,13.392,12564,Oculus Quest_Android
56.856,14.346,12567,Oculus Quest_Android
56.869,13.339,12570,Oculus Quest_Android
56.884,14.347,12574,Oculus Quest_Android
56.897,13.469,12577,Oculus Quest_Android
56.911,13.814,12580,Oculus Quest_Android
56.926,14.410,12584,Oculus Quest_Android
56.939,13.464,12587,Oculus Quest_Android
56.953,14.320,12590,Oculus Quest_Android
56.966,13.498,12594,Oculus Quest_Android
56.981,14.313,12597,Oculus Quest_Android
56.995,13.764,12600,Oculus Quest_Android
57.008,13.570,12603,Oculus Quest_Android
57.023,14.130,12607,Oculus Quest_Android
57.036,13.481,12610,Oculus Quest_Android
57.051,14.824,12613,Oculus Quest_Android
57.065,13.911,12617,Oculus Quest_Android
57.078,13.304,12620,Oculus Quest_Android
57.092,14.031,12623,Oculus Quest_Android
57.105,13.485,12626,Oculus Quest_Android
57.120,14.121,12630,Oculus Quest_Android
57.133,13.608,12633,Oculus Quest_Android
57.148,14.100,12636,Oculus Quest_Android
57.161,13.759,12640,Oculus Quest_Android
57.175,13.572,12643,Oculus Quest_Android
57.189,14.375,12646,Oculus Quest_Android
57.203,13.497,12650,Oculus Quest_Android
57.217,14.199,12653,Oculus Quest_Android
57.230,13.528,12656,Oculus Quest_Android
57.244,14.112,12659,Oculus Quest_Android
57.259,14.482,12663,Oculus Quest_Android
57.273,13.562,12666,Oculus Quest_Android
57.286,13.909,12669,Oculus Quest_Android
57.299,12.967,12673,Oculus Quest_Android
57.313,14.113,12676,Oculus Quest_Android
57.327,14.122,12679,Oculus Quest_Android
57.342,14.236,12683,Oculus Quest_Android
57.356,14.120,12686,Oculus Quest_Android
57.369,13.223,12689,Oculus Quest_Android
57.383,14.246,12693,Oculus Quest_Android
57.397,13.499,12696,Oculus Quest_Android
57.411,13.925,12699,Oculus Quest_Android
57.424,13.866,12702,Oculus Quest_Android
57.438,13.823,12706,Oculus Quest_Android
57.452,14.220,12709,Oculus Quest_Android
57.466,13.688,12712,Oculus Quest_Android
57.480,14.068,12716,Oculus Quest_Android
57.494,13.904,12719,Oculus Quest_Android
57.508,13.610,12722,Oculus Quest_Android
57.522,14.226,12726,Oculus Quest_Android
57.536,13.823,12729,Oculus Quest_Android
57.550,14.026,12732,Oculus Quest_Android
57.564,13.921,12735,Oculus Quest_Android
57.578,13.870,12739,Oculus Quest_Android
57.592,14.228,12742,Oculus Quest_Android
57.605,13.486,12745,Oculus Quest_Android
57.619,14.092,12749,Oculus Quest_Android
57.633,13.415,12752,Oculus Quest_Android
57.647,14.127,12755,Oculus Quest_Android
57.661,14.154,12759,Oculus Quest_Android
57.675,13.646,12762,Oculus Quest_Android
57.689,14.227,12765,Oculus Quest_Android
57.703,13.408,12768,Oculus Quest_Android
57.717,14.331,12772,Oculus Quest_Android
57.731,13.908,12775,Oculus Quest_Android
57.744,13.604,12778,Oculus Quest_Android
57.758,14.044,12782,Oculus Quest_Android
57.772,13.716,12785,Oculus Quest_Android
57.787,14.596,12788,Oculus Quest_Android
57.800,13.477,12792,Oculus Quest_Android
57.814,13.911,12795,Oculus Quest_Android
57.828,13.916,12798,Oculus Quest_Android
57.842,13.715,12801,Oculus Quest_Android
57.856,14.259,12805,Oculus Quest_Android
57.870,13.610,12808,Oculus Quest_Android
57.884,14.312,12811,Oculus Quest_Android
57.897,13.590,12815,Oculus Quest_Android
57.911,13.463,12818,Oculus Quest_Android
57.926,14.494,12821,Oculus Quest_Android
57.939,13.292,12825,Oculus Quest_Android
57.953,14.155,12828,Oculus Quest_Android
57.967,13.869,12831,Oculus Quest_Android
57.981,13.982,12834,Oculus Quest_Android
57.995,13.732,12838,Oculus Quest_Android
58.008,13.523,12841,Oculus Quest_Android
58.022,14.030,12844,Oculus Quest_Android
58.035,13.563,12848,Oculus Quest_Android
58.050,14.592,12851,Oculus Quest_Android
58.063,12.919,12854,Oculus Quest_Android
58.077,13.811,12857,Oculus Quest_Android
58.091,14.214,12861,Oculus Quest_Android
58.105,14.146,12864,Oculus Quest_Android
58.119,13.866,12867,Oculus Quest_Android
58.133,13.623,12871,Oculus Quest_Android
58.147,13.954,12874,Oculus Quest_Android
58.161,14.089,12877,Oculus Quest_Android
58.175,13.681,12881,Oculus Quest_Android
58.189,14.512,12884,Oculus Quest_Android
58.202,13.214,12887,Oculus Quest_Android
58.217,14.095,12890,Oculus Quest_Android
58.230,13.722,12894,Oculus Quest_Android
58.244,13.867,12897,Oculus Quest_Android
58.258,14.230,12900,Oculus Quest_Android
58.272,13.953,12904,Oculus Quest_Android
58.286,13.868,12907,Oculus Quest_Android
58.300,13.684,12910,Oculus Quest_Android
58.314,14.393,12914,Oculus Quest_Android
58.327,13.542,12917,Oculus Quest_Android
58.341,13.548,12920,Oculus Quest_Android
58.356,14.488,12924,Oculus Quest_Android
58.370,13.598,12927,Oculus Quest_Android
58.384,14.514,12930,Oculus Quest_Android
58.397,13.089,12933,Oculus Quest_Android
58.411,13.912,12937,Oculus Quest_Android
58.425,14.278,12940,Oculus Quest_Android
58.438,13.492,12943,Oculus Quest_Android
58.453,14.077,12947,Oculus Quest_Android
58.466,13.605,12950,Oculus Quest_Android
58.481,14.200,12953,Oculus Quest_Android
58.495,14.104,12957,Oculus Quest_Android
58.508,13.616,12960,Oculus Quest_Android
58.523,14.396,12963,Oculus Quest_Android
58.535,13.043,12966,Oculus Quest_Android
58.550,14.255,12970,Oculus Quest_Android
58.563,13.521,12973,Oculus Quest_Android
58.577,14.067,12976,Oculus Quest_Android
58.593,14.777,12980,Oculus Quest_Android
58.605,12.955,12983,Oculus Quest_Android
58.619,14.021,12986,Oculus Quest_Android
58.632,13.309,12989,Oculus Quest_Android
58.647,14.328,12993,Oculus Quest_Android
58.661,13.910,12996,Oculus Quest_Android
58.674,13.590,12999,Oculus Quest_Android
58.688,14.151,13003,Oculus Quest_Android
58.702,13.379,13006,Oculus Quest_Android
58.717,14.913,13009,Oculus Quest_Android
58.730,13.583,13013,Oculus Quest_Android
58.744,13.358,13016,Oculus Quest_Android
58.757,14.103,13019,Oculus Quest_Android
58.772,13.682,13022,Oculus Quest_Android
58.787,14.508,13026,Oculus Quest_Android
58.799,13.366,13029,Oculus Quest_Android
58.813,13.997,13032,Oculus Quest_Android
58.827,13.852,13036,Oculus Quest_Android
58.840,13.534,13039,Oculus Quest_Android
58.855,14.531,13042,Oculus Quest_Android
58.870,13.912,13046,Oculus Quest_Android
58.883,13.912,13049,Oculus Quest_Android
58.897,13.418,13052,Oculus Quest_Android
58.911,14.031,13055,Oculus Quest_Android
58.925,14.341,13059,Oculus Quest_Android
58.939,13.817,13062,Oculus Quest_Android
58.953,13.777,13065,Oculus Quest_Android
58.966,13.575,13069,Oculus Quest_Android
58.981,14.584,13072,Oculus Quest_Android
58.995,13.773,13075,Oculus Quest_Android
59.008,13.253,13079,Oculus Quest_Android
59.021,13.646,13082,Oculus Quest_Android
59.035,13.650,13085,Oculus Quest_Android
59.049,14.414,13088,Oculus Quest_Android
59.063,13.944,13092,Oculus Quest_Android
59.077,13.577,13095,Oculus Quest_Android
59.091,14.021,13098,Oculus Quest_Android
59.105,14.191,13102,Oculus Quest_Android
59.119,13.752,13105,Oculus Quest_Android
59.133,13.752,13108,Oculus Quest_Android
59.147,14.160,13112,Oculus Quest_Android
59.161,13.783,13115,Oculus Quest_Android
59.174,13.654,13118,Oculus Quest_Android
59.188,14.389,13122,Oculus Quest_Android
59.202,13.278,13125,Oculus Quest_Android
59.216,14.420,13128,Oculus Quest_Android
59.230,13.576,13132,Oculus Quest_Android
59.244,13.796,13135,Oculus Quest_Android
59.258,14.539,13138,Oculus Quest_Android
59.272,13.386,13142,Oculus Quest_Android
59.286,14.162,13145,Oculus Quest_Android
59.299,13.455,13148,Oculus Quest_Android
59.313,14.211,13152,Oculus Quest_Android
59.327,13.982,13155,Oculus Quest_Android
59.341,13.483,13158,Oculus Quest_Android
59.355,14.310,13162,Oculus Quest_Android
59.369,13.596,13165,Oculus Quest_Android
59.383,14.044,13168,Oculus Quest_Android
59.396,13.557,13172,Oculus Quest_Android
59.410,14.036,13175,Oculus Quest_Android
59.424,13.985,13178,Oculus Quest_Android
59.438,13.559,13182,Oculus Quest_Android
59.453,14.406,13185,Oculus Quest_Android
59.466,13.701,13188,Oculus Quest_Android
59.480,13.782,13192,Oculus Quest_Android
59.494,14.092,13195,Oculus Quest_Android
59.508,13.885,13198,Oculus Quest_Android
59.522,14.140,13202,Oculus Quest_Android
59.535,13.534,13205,Oculus Quest_Android
59.550,14.117,13208,Oculus Quest_Android
59.563,13.917,13212,Oculus Quest_Android
59.577,13.664,13215,Oculus Quest_Android
59.592,14.867,13219,Oculus Quest_Android
59.605,12.996,13222,Oculus Quest_Android
59.619,14.017,13225,Oculus Quest_Android
59.633,13.780,13228,Oculus Quest_Android
59.647,14.016,13232,Oculus Quest_Android
59.660,13.847,13235,Oculus Quest_Android
59.674,13.615,13238,Oculus Quest_Android
59.688,14.167,13242,Oculus Quest_Android
59.702,13.636,13245,Oculus Quest_Android
59.716,14.303,13248,Oculus Quest_Android
59.730,13.684,13252,Oculus Quest_Android
59.744,13.877,13255,Oculus Quest_Android
59.758,14.048,13258,Oculus Quest_Android
59.772,13.781,13262,Oculus Quest_Android
59.787,14.582,13265,Oculus Quest_Android
59.800,13.377,13268,Oculus Quest_Android
59.814,14.176,13272,Oculus Quest_Android
59.831,13.983,13275,Oculus Quest_Android
59.841,13.515,13278,Oculus Quest_Android
59.856,14.292,13282,Oculus Quest_Android
59.869,13.293,13285,Oculus Quest_Android
59.884,14.243,13288,Oculus Quest_Android
59.897,13.535,13292,Oculus Quest_Android
59.911,14.078,13295,Oculus Quest_Android
59.925,13.918,13298,Oculus Quest_Android
59.938,13.464,13302,Oculus Quest_Android
59.953,14.319,13305,Oculus Quest_Android
59.966,13.438,13308,Oculus Quest_Android
59.981,14.287,13312,Oculus Quest_Android
59.994,13.833,13315,Oculus Quest_Android
60.008,13.536,13318,Oculus Quest_Android
60.022,14.228,13322,Oculus Quest_Android
60.035,13.351,13325,Oculus Quest_Android
60.050,14.225,13328,Oculus Quest_Android
60.063,13.557,13332,Oculus Quest_Android
60.077,13.689,13335,Oculus Quest_Android
60.091,14.371,13338,Oculus Quest_Android
60.105,13.510,13342,Oculus Quest_Android
60.119,14.087,13345,Oculus Quest_Android
60.133,13.960,13348,Oculus Quest_Android
60.147,13.752,13352,Oculus Quest_Android
60.160,13.798,13355,Oculus Quest_Android
60.174,13.752,13358,Oculus Quest_Android
60.189,14.729,13362,Oculus Quest_Android
60.202,13.095,13365,Oculus Quest_Android
60.216,14.113,13368,Oculus Quest_Android
60.230,13.579,13372,Oculus Quest_Android
60.244,13.979,13375,Oculus Quest_Android
60.258,14.233,13378,Oculus Quest_Android
60.272,13.914,13382,Oculus Quest_Android
60.286,14.017,13385,Oculus Quest_Android
60.299,13.307,13388,Oculus Quest_Android
60.314,14.309,13392,Oculus Quest_Android
60.328,14.021,13395,Oculus Quest_Android
60.341,13.328,13398,Oculus Quest_Android
60.355,14.307,13402,Oculus Quest_Android
60.369,13.596,13405,Oculus Quest_Android
60.383,14.525,13408,Oculus Quest_Android
60.397,13.466,13412,Oculus Quest_Android
60.410,13.504,13415,Oculus Quest_Android
60.424,14.330,13418,Oculus Quest_Android
60.438,13.464,13422,Oculus Quest_Android
60.452,14.307,13425,Oculus Quest_Android
60.466,13.461,13428,Oculus Quest_Android
60.479,13.841,13432,Oculus Quest_Android
60.494,14.190,13435,Oculus Quest_Android
60.507,13.652,13438,Oculus Quest_Android
60.521,14.166,13442,Oculus Quest_Android
60.535,13.749,13445,Oculus Quest_Android
60.550,14.053,13448,Oculus Quest_Android
60.562,13.456,13452,Oculus Quest_Android
60.577,14.003,13455,Oculus Quest_Android
60.591,14.237,13458,Oculus Quest_Android
60.605,13.793,13462,Oculus Quest_Android
60.620,14.533,13465,Oculus Quest_Android
60.633,14.005,13468,Oculus Quest_Android
60.646,13.137,13472,Oculus Quest_Android
60.660,13.370,13475,Oculus Quest_Android
60.673,13.769,13478,Oculus Quest_Android
60.688,14.103,13482,Oculus Quest_Android
60.701,13.637,13485,Oculus Quest_Android
60.715,14.320,13488,Oculus Quest_Android
60.730,14.023,13492,Oculus Quest_Android
60.743,13.717,13495,Oculus Quest_Android
60.757,14.070,13498,Oculus Quest_Android
60.771,13.860,13502,Oculus Quest_Android
60.785,14.044,13505,Oculus Quest_Android
60.799,13.846,13508,Oculus Quest_Android
60.813,14.184,13512,Oculus Quest_Android
60.827,13.796,13515,Oculus Quest_Android
60.841,13.647,13518,Oculus Quest_Android
60.855,14.101,13522,Oculus Quest_Android
60.868,13.661,13525,Oculus Quest_Android
60.883,14.033,13528,Oculus Quest_Android
60.896,13.665,13532,Oculus Quest_Android
60.910,14.046,13535,Oculus Quest_Android
60.924,14.104,13538,Oculus Quest_Android
60.938,13.690,13542,Oculus Quest_Android
60.952,14.145,13545,Oculus Quest_Android
60.966,13.566,13548,Oculus Quest_Android
60.980,14.321,13552,Oculus Quest_Android
60.994,13.981,13555,Oculus Quest_Android
61.008,13.679,13558,Oculus Quest_Android
61.021,14.086,13562,Oculus Quest_Android
61.035,13.510,13565,Oculus Quest_Android
61.050,14.398,13568,Oculus Quest_Android
61.063,13.646,13572,Oculus Quest_Android
61.077,13.665,13575,Oculus Quest_Android
61.091,14.139,13578,Oculus Quest_Android
61.105,13.549,13582,Oculus Quest_Android
61.119,14.437,13585,Oculus Quest_Android
61.132,13.635,13588,Oculus Quest_Android
61.146,13.753,13592,Oculus Quest_Android
61.161,14.000,13595,Oculus Quest_Android
61.174,13.878,13598,Oculus Quest_Android
61.188,14.058,13602,Oculus Quest_Android
61.202,13.585,13605,Oculus Quest_Android
61.216,14.318,13608,Oculus Quest_Android
61.230,13.595,13612,Oculus Quest_Android
61.244,13.967,13615,Oculus Quest_Android
61.258,14.268,13618,Oculus Quest_Android
61.272,13.734,13622,Oculus Quest_Android
61.286,13.857,13625,Oculus Quest_Android
61.299,13.409,13628,Oculus Quest_Android
61.313,14.209,13632,Oculus Quest_Android
61.327,14.027,13635,Oculus Quest_Android
61.341,13.533,13638,Oculus Quest_Android
61.355,14.211,13642,Oculus Quest_Android
61.369,13.807,13645,Oculus Quest_Android
61.383,13.990,13648,Oculus Quest_Android
61.397,13.928,13652,Oculus Quest_Android
61.410,13.602,13655,Oculus Quest_Android
61.424,14.213,13658,Oculus Quest_Android
61.438,13.588,13662,Oculus Quest_Android
61.452,14.127,13665,Oculus Quest_Android
61.466,13.673,13668,Oculus Quest_Android
61.480,14.052,13672,Oculus Quest_Android
61.494,14.152,13675,Oculus Quest_Android
61.508,13.559,13678,Oculus Quest_Android
61.522,14.198,13682,Oculus Quest_Android
61.536,13.728,13685,Oculus Quest_Android
61.549,13.822,13688,Oculus Quest_Android
61.563,13.705,13692,Oculus Quest_Android
61.577,13.983,13695,Oculus Quest_Android
61.591,14.229,13698,Oculus Quest_Android
61.605,13.580,13702,Oculus Quest_Android
61.619,13.994,13705,Oculus Quest_Android
61.632,13.670,13708,Oculus Quest_Android
61.648,14.536,13712,Oculus Quest_Android
61.661,13.540,13715,Oculus Quest_Android
61.674,13.718,13718,Oculus Quest_Android
61.688,13.978,13722,Oculus Quest_Android
61.702,13.708,13725,Oculus Quest_Android
61.716,14.028,13728,Oculus Quest_Android
61.730,13.568,13732,Oculus Quest_Android
61.744,14.102,13735,Oculus Quest_Android
61.758,14.186,13738,Oculus Quest_Android
61.771,13.595,13742,Oculus Quest_Android
61.786,14.116,13745,Oculus Quest_Android
61.799,13.678,13748,Oculus Quest_Android
61.813,13.999,13752,Oculus Quest_Android
61.827,13.858,13755,Oculus Quest_Android
61.841,13.685,13758,Oculus Quest_Android
61.855,14.139,13762,Oculus Quest_Android
61.869,14.044,13765,Oculus Quest_Android
61.883,13.691,13768,Oculus Quest_Android
61.896,13.851,13772,Oculus Quest_Android
61.910,13.725,13775,Oculus Quest_Android
61.924,14.123,13778,Oculus Quest_Android
61.938,13.803,13782,Oculus Quest_Android
61.952,13.970,13785,Oculus Quest_Android
61.966,13.803,13788,Oculus Quest_Android
61.980,14.287,13792,Oculus Quest_Android
61.994,13.895,13795,Oculus Quest_Android
62.008,13.702,13798,Oculus Quest_Android
62.022,13.923,13802,Oculus Quest_Android
62.035,13.561,13805,Oculus Quest_Android
62.050,14.141,13808,Oculus Quest_Android
62.063,13.793,13812,Oculus Quest_Android
62.077,13.791,13815,Oculus Quest_Android
62.092,14.434,13819,Oculus Quest_Android
62.106,14.004,13822,Oculus Quest_Android
62.120,14.004,13825,Oculus Quest_Android
62.133,13.526,13829,Oculus Quest_Android
62.147,13.806,13832,Oculus Quest_Android
62.161,13.816,13835,Oculus Quest_Android
62.175,13.824,13838,Oculus Quest_Android
62.189,14.422,13842,Oculus Quest_Android
62.202,13.160,13845,Oculus Quest_Android
62.216,14.153,13848,Oculus Quest_Android
62.230,13.746,13852,Oculus Quest_Android
62.244,13.764,13855,Oculus Quest_Android
62.258,14.191,13858,Oculus Quest_Android
62.272,14.191,13862,Oculus Quest_Android
62.286,13.607,13865,Oculus Quest_Android
62.299,13.148,13868,Oculus Quest_Android
62.313,14.031,13872,Oculus Quest_Android
62.327,14.200,13875,Oculus Quest_Android
62.341,13.425,13878,Oculus Quest_Android
62.355,14.368,13882,Oculus Quest_Android
62.369,13.469,13885,Oculus Quest_Android
62.383,14.512,13888,Oculus Quest_Android
62.396,13.457,13892,Oculus Quest_Android
62.410,13.827,13895,Oculus Quest_Android
62.424,14.025,13898,Oculus Quest_Android
62.438,13.438,13902,Oculus Quest_Android
62.453,14.839,13905,Oculus Quest_Android
62.466,13.023,13908,Oculus Quest_Android
62.479,13.856,13912,Oculus Quest_Android
62.493,13.565,13915,Oculus Quest_Android
62.507,14.129,13918,Oculus Quest_Android
62.521,13.954,13922,Oculus Quest_Android
62.535,13.820,13925,Oculus Quest_Android
62.549,14.020,13928,Oculus Quest_Android
62.562,13.623,13932,Oculus Quest_Android
62.577,14.411,13935,Oculus Quest_Android
62.591,13.749,13938,Oculus Quest_Android
62.605,13.881,13942,Oculus Quest_Android
62.618,13.748,13945,Oculus Quest_Android
62.632,13.927,13948,Oculus Quest_Android
62.647,14.115,13952,Oculus Quest_Android
62.660,13.854,13955,Oculus Quest_Android
62.674,13.882,13958,Oculus Quest_Android
62.689,14.756,13962,Oculus Quest_Android
62.702,13.043,13965,Oculus Quest_Android
62.716,14.093,13968,Oculus Quest_Android
62.730,13.564,13972,Oculus Quest_Android
62.744,13.888,13975,Oculus Quest_Android
62.757,13.814,13978,Oculus Quest_Android
62.771,13.878,13982,Oculus Quest_Android
62.785,14.116,13985,Oculus Quest_Android
62.799,13.676,13988,Oculus Quest_Android
62.813,13.974,13992,Oculus Quest_Android
62.827,14.020,13995,Oculus Quest_Android
62.840,13.529,13998,Oculus Quest_Android
62.855,14.049,14002,Oculus Quest_Android
62.869,14.009,14005,Oculus Quest_Android
62.883,14.065,14008,Oculus Quest_Android
62.896,13.661,14012,Oculus Quest_Android
62.911,13.986,14015,Oculus Quest_Android
62.924,13.925,14018,Oculus Quest_Android
62.938,13.512,14022,Oculus Quest_Android
62.952,13.960,14025,Oculus Quest_Android
62.965,13.681,14028,Oculus Quest_Android
62.979,13.942,14032,Oculus Quest_Android
62.994,14.350,14035,Oculus Quest_Android
63.007,13.670,14038,Oculus Quest_Android
63.021,13.918,14042,Oculus Quest_Android
63.035,13.560,14045,Oculus Quest_Android
63.049,14.044,14048,Oculus Quest_Android
63.063,14.049,14052,Oculus Quest_Android
63.077,13.923,14055,Oculus Quest_Android
63.091,14.026,14058,Oculus Quest_Android
63.105,13.596,14062,Oculus Quest_Android
63.118,14.178,14065,Oculus Quest_Android
63.133,13.689,14068,Oculus Quest_Android
63.147,13.995,14072,Oculus Quest_Android
63.160,13.840,14075,Oculus Quest_Android
63.174,13.689,14079,Oculus Quest_Android
63.188,14.330,14082,Oculus Quest_Android
63.202,13.573,14085,Oculus Quest_Android
63.216,13.941,14089,Oculus Quest_Android
63.229,13.574,14092,Oculus Quest_Android
63.243,13.944,14095,Oculus Quest_Android
63.258,14.285,14099,Oculus Quest_Android
63.271,13.667,14102,Oculus Quest_Android
63.286,14.220,14106,Oculus Quest_Android
63.299,13.762,14109,Oculus Quest_Android
63.314,14.107,14112,Oculus Quest_Android
63.328,13.854,14116,Oculus Quest_Android
63.341,13.512,14119,Oculus Quest_Android
63.355,14.121,14122,Oculus Quest_Android
63.369,13.662,14126,Oculus Quest_Android
63.383,14.093,14129,Oculus Quest_Android
63.396,13.469,14132,Oculus Quest_Android
63.410,14.182,14136,Oculus Quest_Android
63.423,13.480,14139,Oculus Quest_Android
63.437,13.519,14142,Oculus Quest_Android
63.452,14.316,14146,Oculus Quest_Android
63.465,13.804,14149,Oculus Quest_Android
63.479,13.808,14152,Oculus Quest_Android
63.493,13.971,14156,Oculus Quest_Android
63.507,13.854,14159,Oculus Quest_Android
63.521,14.346,14163,Oculus Quest_Android
63.535,13.719,14166,Oculus Quest_Android
63.549,13.971,14169,Oculus Quest_Android
63.563,13.606,14173,Oculus Quest_Android
63.577,13.947,14176,Oculus Quest_Android
63.591,14.293,14180,Oculus Quest_Android
63.605,13.644,14183,Oculus Quest_Android
63.618,14.036,14186,Oculus Quest_Android
63.632,13.754,14190,Oculus Quest_Android
63.646,13.810,14193,Oculus Quest_Android
63.660,14.088,14196,Oculus Quest_Android
63.674,13.810,14200,Oculus Quest_Android
63.688,14.078,14203,Oculus Quest_Android
63.702,13.608,14206,Oculus Quest_Android
63.716,14.061,14210,Oculus Quest_Android
63.730,14.016,14213,Oculus Quest_Android
63.743,13.676,14217,Oculus Quest_Android
63.757,13.755,14220,Oculus Quest_Android
63.771,14.004,14223,Oculus Quest_Android
63.787,15.112,14227,Oculus Quest_Android
63.801,14.355,14230,Oculus Quest_Android
63.812,11.806,14233,Oculus Quest_Android
63.826,13.762,14237,Oculus Quest_Android
63.840,13.675,14240,Oculus Quest_Android
63.854,14.268,14243,Oculus Quest_Android
63.868,13.745,14247,Oculus Quest_Android
63.882,14.104,14250,Oculus Quest_Android
63.895,13.721,14253,Oculus Quest_Android
63.909,13.806,14257,Oculus Quest_Android
63.924,14.269,14260,Oculus Quest_Android
63.937,13.715,14264,Oculus Quest_Android
63.951,14.203,14267,Oculus Quest_Android
63.965,13.821,14270,Oculus Quest_Android
63.980,14.698,14274,Oculus Quest_Android
63.994,13.482,14277,Oculus Quest_Android
64.007,13.456,14281,Oculus Quest_Android
64.021,13.949,14284,Oculus Quest_Android
64.034,13.662,14287,Oculus Quest_Android
64.049,14.515,14291,Oculus Quest_Android
64.063,13.470,14294,Oculus Quest_Android
64.076,14.031,14297,Oculus Quest_Android
64.090,13.934,14301,Oculus Quest_Android
64.104,13.720,14304,Oculus Quest_Android
64.119,14.322,14308,Oculus Quest_Android
64.132,13.337,14311,Oculus Quest_Android
64.146,13.919,14314,Oculus Quest_Android
64.161,14.797,14318,Oculus Quest_Android
64.174,13.563,14321,Oculus Quest_Android
64.189,14.296,14325,Oculus Quest_Android
64.202,13.242,14328,Oculus Quest_Android
64.216,14.461,14331,Oculus Quest_Android
64.230,13.166,14334,Oculus Quest_Android
64.243,13.796,14338,Oculus Quest_Android
64.258,14.490,14341,Oculus Quest_Android
64.272,13.530,14345,Oculus Quest_Android
64.286,13.954,14348,Oculus Quest_Android
64.299,13.339,14351,Oculus Quest_Android
64.313,14.213,14355,Oculus Quest_Android
64.327,13.833,14358,Oculus Quest_Android
64.340,13.662,14361,Oculus Quest_Android
64.355,14.287,14365,Oculus Quest_Android
64.369,13.624,14368,Oculus Quest_Android
64.383,14.225,14371,Oculus Quest_Android
64.396,13.576,14375,Oculus Quest_Android
64.410,13.573,14378,Oculus Quest_Android
64.425,14.664,14382,Oculus Quest_Android
64.438,13.235,14385,Oculus Quest_Android
64.452,14.271,14388,Oculus Quest_Android
64.465,13.447,14392,Oculus Quest_Android
64.480,14.069,14395,Oculus Quest_Android
64.493,13.906,14398,Oculus Quest_Android
64.507,13.799,14402,Oculus Quest_Android
64.521,14.049,14405,Oculus Quest_Android
64.535,13.533,14408,Oculus Quest_Android
64.549,13.967,14412,Oculus Quest_Android
64.562,13.610,14415,Oculus Quest_Android
64.577,14.476,14419,Oculus Quest_Android
64.590,13.789,14422,Oculus Quest_Android
64.604,13.536,14425,Oculus Quest_Android
64.618,13.986,14429,Oculus Quest_Android
64.632,13.898,14432,Oculus Quest_Android
64.646,13.841,14435,Oculus Quest_Android
64.660,14.058,14439,Oculus Quest_Android
64.674,13.867,14442,Oculus Quest_Android
64.688,14.179,14446,Oculus Quest_Android
64.702,13.456,14449,Oculus Quest_Android
64.716,14.607,14452,Oculus Quest_Android
64.729,13.682,14456,Oculus Quest_Android
64.743,13.439,14459,Oculus Quest_Android
64.757,13.969,14462,Oculus Quest_Android
64.771,13.797,14466,Oculus Quest_Android
64.786,14.692,14469,Oculus Quest_Android
64.799,13.428,14472,Oculus Quest_Android
64.813,13.448,14476,Oculus Quest_Android
64.826,14.286,14479,Oculus Quest_Android
64.840,13.379,14482,Oculus Quest_Android
64.855,14.560,14486,Oculus Quest_Android
64.868,13.397,14489,Oculus Quest_Android
64.882,14.067,14493,Oculus Quest_Android
64.896,13.994,14496,Oculus Quest_Android
64.910,13.835,14499,Oculus Quest_Android
64.924,14.162,14503,Oculus Quest_Android
64.938,13.305,14506,Oculus Quest_Android
64.952,14.502,14510,Oculus Quest_Android
64.965,13.536,14513,Oculus Quest_Android
64.980,13.856,14516,Oculus Quest_Android
64.994,14.525,14520,Oculus Quest_Android
65.007,13.373,14523,Oculus Quest_Android
65.021,14.105,14526,Oculus Quest_Android
65.035,13.629,14530,Oculus Quest_Android
65.050,14.390,14533,Oculus Quest_Android
65.063,13.816,14536,Oculus Quest_Android
65.076,13.495,14540,Oculus Quest_Android
65.091,13.903,14543,Oculus Quest_Android
65.104,13.650,14546,Oculus Quest_Android
65.121,14.136,14550,Oculus Quest_Android
65.132,13.854,14553,Oculus Quest_Android
65.146,13.786,14557,Oculus Quest_Android
65.160,14.009,14560,Oculus Quest_Android
65.174,13.934,14563,Oculus Quest_Android
65.189,14.416,14567,Oculus Quest_Android
65.202,13.402,14570,Oculus Quest_Android
65.216,13.945,14573,Oculus Quest_Android
65.229,13.523,14577,Oculus Quest_Android
65.243,13.947,14580,Oculus Quest_Android
65.257,14.333,14584,Oculus Quest_Android
65.272,14.007,14587,Oculus Quest_Android
65.286,13.896,14590,Oculus Quest_Android
65.299,13.498,14594,Oculus Quest_Android
65.313,14.175,14597,Oculus Quest_Android
65.326,13.748,14600,Oculus Quest_Android
65.341,13.817,14604,Oculus Quest_Android
65.355,13.963,14607,Oculus Quest_Android
65.369,13.870,14610,Oculus Quest_Android
65.383,14.238,14614,Oculus Quest_Android
65.396,13.746,14617,Oculus Quest_Android
65.410,13.696,14621,Oculus Quest_Android
65.424,14.038,14624,Oculus Quest_Android
65.438,13.588,14627,Oculus Quest_Android
65.452,14.279,14631,Oculus Quest_Android
65.466,13.552,14634,Oculus Quest_Android
65.479,13.950,14637,Oculus Quest_Android
65.494,14.095,14641,Oculus Quest_Android
65.507,13.765,14644,Oculus Quest_Android
65.522,14.089,14648,Oculus Quest_Android
65.535,13.515,14651,Oculus Quest_Android
65.550,14.188,14654,Oculus Quest_Android
65.563,13.435,14658,Oculus Quest_Android
65.576,13.805,14661,Oculus Quest_Android
65.591,14.341,14664,Oculus Quest_Android
65.605,13.841,14668,Oculus Quest_Android
65.619,13.996,14671,Oculus Quest_Android
65.632,13.583,14674,Oculus Quest_Android
65.647,13.889,14678,Oculus Quest_Android
65.660,14.133,14681,Oculus Quest_Android
65.674,13.658,14685,Oculus Quest_Android
65.689,14.367,14688,Oculus Quest_Android
65.701,13.418,14691,Oculus Quest_Android
65.717,15.098,14695,Oculus Quest_Android
65.730,12.790,14698,Oculus Quest_Android
65.743,13.418,14701,Oculus Quest_Android
65.757,14.011,14705,Oculus Quest_Android
65.770,13.623,14708,Oculus Quest_Android
65.785,14.226,14711,Oculus Quest_Android
65.798,13.691,14715,Oculus Quest_Android
65.813,14.169,14718,Oculus Quest_Android
65.827,13.974,14722,Oculus Quest_Android
65.840,13.797,14725,Oculus Quest_Android
65.855,14.271,14728,Oculus Quest_Android
65.868,13.587,14732,Oculus Quest_Android
65.882,13.885,14735,Oculus Quest_Android
65.896,13.823,14738,Oculus Quest_Android
65.910,14.232,14742,Oculus Quest_Android
65.924,14.106,14745,Oculus Quest_Android
65.938,13.612,14749,Oculus Quest_Android
65.952,14.047,14752,Oculus Quest_Android
65.966,13.608,14755,Oculus Quest_Android
65.980,14.189,14759,Oculus Quest_Android
65.993,13.964,14762,Oculus Quest_Android
66.007,13.613,14765,Oculus Quest_Android
66.021,14.157,14769,Oculus Quest_Android
66.035,13.686,14772,Oculus Quest_Android
66.050,14.469,14776,Oculus Quest_Android
66.063,13.295,14779,Oculus Quest_Android
66.077,13.887,14782,Oculus Quest_Android
66.091,13.991,14786,Oculus Quest_Android
66.104,13.613,14789,Oculus Quest_Android
66.119,14.412,14792,Oculus Quest_Android
66.132,13.323,14796,Oculus Quest_Android
66.146,13.824,14799,Oculus Quest_Android
66.160,14.112,14802,Oculus Quest_Android
66.174,13.939,14806,Oculus Quest_Android
66.188,14.194,14809,Oculus Quest_Android
66.201,13.387,14812,Oculus Quest_Android
66.216,14.312,14816,Oculus Quest_Android
66.229,13.552,14819,Oculus Quest_Android
66.244,14.109,14822,Oculus Quest_Android
66.257,13.940,14826,Oculus Quest_Android
66.271,13.850,14829,Oculus Quest_Android
66.285,14.032,14832,Oculus Quest_Android
66.299,13.578,14836,Oculus Quest_Android
66.313,14.118,14839,Oculus Quest_Android
66.327,14.043,14842,Oculus Quest_Android
66.340,13.674,14846,Oculus Quest_Android
66.355,13.861,14849,Oculus Quest_Android
66.369,14.378,14852,Oculus Quest_Android
66.385,15.054,14856,Oculus Quest_Android
66.397,12.850,14859,Oculus Quest_Android
66.410,13.186,14862,Oculus Quest_Android
66.424,14.074,14866,Oculus Quest_Android
66.438,13.753,14869,Oculus Quest_Android
66.453,14.211,14872,Oculus Quest_Android
66.466,13.621,14876,Oculus Quest_Android
66.479,13.753,14879,Oculus Quest_Android
66.494,14.128,14882,Oculus Quest_Android
66.508,13.786,14886,Oculus Quest_Android
66.522,14.375,14889,Oculus Quest_Android
66.535,13.164,14892,Oculus Quest_Android
66.549,14.120,14896,Oculus Quest_Android
66.563,13.638,14899,Oculus Quest_Android
66.577,13.864,14902,Oculus Quest_Android
66.591,14.242,14906,Oculus Quest_Android
66.605,13.533,14909,Oculus Quest_Android
66.618,14.127,14912,Oculus Quest_Android
66.632,13.573,14915,Oculus Quest_Android
66.647,14.027,14919,Oculus Quest_Android
66.661,14.261,14922,Oculus Quest_Android
66.674,13.472,14926,Oculus Quest_Android
66.688,14.118,14929,Oculus Quest_Android
66.702,13.361,14932,Oculus Quest_Android
66.716,14.295,14936,Oculus Quest_Android
66.730,13.816,14939,Oculus Quest_Android
66.743,13.568,14942,Oculus Quest_Android
66.757,14.260,14946,Oculus Quest_Android
66.771,13.576,14949,Oculus Quest_Android
66.786,14.344,14952,Oculus Quest_Android
66.799,13.384,14955,Oculus Quest_Android
66.813,14.118,14959,Oculus Quest_Android
66.827,14.159,14962,Oculus Quest_Android
66.841,13.787,14966,Oculus Quest_Android
66.855,14.270,14969,Oculus Quest_Android
66.869,14.045,14972,Oculus Quest_Android
66.883,13.631,14976,Oculus Quest_Android
66.896,13.183,14979,Oculus Quest_Android
66.910,14.114,14982,Oculus Quest_Android
66.924,14.158,14986,Oculus Quest_Android
66.937,13.275,14989,Oculus Quest_Android
66.952,14.067,14992,Oculus Quest_Android
66.965,13.682,14995,Oculus Quest_Android
66.980,14.170,14999,Oculus Quest_Android
66.993,14.019,15002,Oculus Quest_Android
67.007,13.651,15005,Oculus Quest_Android
67.021,14.278,15009,Oculus Quest_Android
67.035,13.701,15012,Oculus Quest_Android
67.049,14.235,15016,Oculus Quest_Android
67.063,13.826,15019,Oculus Quest_Android
67.077,13.816,15022,Oculus Quest_Android
67.091,13.640,15025,Oculus Quest_Android
67.104,13.598,15029,Oculus Quest_Android
67.118,14.222,15032,Oculus Quest_Android
67.132,13.664,15035,Oculus Quest_Android
67.146,14.133,15039,Oculus Quest_Android
67.160,13.805,15042,Oculus Quest_Android
67.174,13.918,15045,Oculus Quest_Android
67.188,14.374,15049,Oculus Quest_Android
67.202,13.271,15052,Oculus Quest_Android
67.216,14.310,15056,Oculus Quest_Android
67.229,13.588,15059,Oculus Quest_Android
67.243,13.703,15062,Oculus Quest_Android
67.258,14.443,15066,Oculus Quest_Android
67.271,13.578,15069,Oculus Quest_Android
67.285,14.168,15072,Oculus Quest_Android
67.299,13.358,15075,Oculus Quest_Android
67.313,14.194,15079,Oculus Quest_Android
67.327,13.999,15082,Oculus Quest_Android
67.340,13.528,15085,Oculus Quest_Android
67.355,14.917,15089,Oculus Quest_Android
67.369,13.437,15092,Oculus Quest_Android
67.383,13.626,15096,Oculus Quest_Android
67.396,13.597,15099,Oculus Quest_Android
67.410,13.728,15102,Oculus Quest_Android
67.424,14.256,15106,Oculus Quest_Android
67.437,13.381,15109,Oculus Quest_Android
67.452,14.208,15112,Oculus Quest_Android
67.465,13.641,15115,Oculus Quest_Android
67.479,13.903,15119,Oculus Quest_Android
67.493,14.371,15122,Oculus Quest_Android
67.507,13.558,15125,Oculus Quest_Android
67.521,14.319,15129,Oculus Quest_Android
67.535,13.632,15132,Oculus Quest_Android
67.549,13.984,15136,Oculus Quest_Android
67.563,13.621,15139,Oculus Quest_Android
67.576,13.844,15142,Oculus Quest_Android
67.591,14.557,15146,Oculus Quest_Android
67.605,13.673,15149,Oculus Quest_Android
67.619,13.844,15152,Oculus Quest_Android
67.632,13.577,15155,Oculus Quest_Android
67.646,13.867,15159,Oculus Quest_Android
67.660,14.433,15162,Oculus Quest_Android
67.674,13.591,15166,Oculus Quest_Android
67.688,14.105,15169,Oculus Quest_Android
67.702,13.614,15172,Oculus Quest_Android
67.716,14.133,15176,Oculus Quest_Android
67.730,14.099,15179,Oculus Quest_Android
67.743,13.273,15182,Oculus Quest_Android
67.758,14.451,15186,Oculus Quest_Android
67.771,13.511,15189,Oculus Quest_Android
67.785,14.286,15192,Oculus Quest_Android
67.799,13.485,15196,Oculus Quest_Android
67.813,14.036,15199,Oculus Quest_Android
67.827,14.034,15202,Oculus Quest_Android
67.840,13.571,15205,Oculus Quest_Android
67.855,14.410,15209,Oculus Quest_Android
67.868,13.351,15212,Oculus Quest_Android
67.883,14.207,15216,Oculus Quest_Android
67.896,14.007,15219,Oculus Quest_Android
67.911,14.176,15222,Oculus Quest_Android
67.924,13.805,15226,Oculus Quest_Android
67.938,13.252,15229,Oculus Quest_Android
67.952,14.183,15232,Oculus Quest_Android
67.966,13.546,15235,Oculus Quest_Android
67.980,13.912,15239,Oculus Quest_Android
67.993,14.051,15242,Oculus Quest_Android
68.007,13.605,15245,Oculus Quest_Android
68.022,14.383,15249,Oculus Quest_Android
68.035,13.412,15252,Oculus Quest_Android
68.049,14.394,15256,Oculus Quest_Android
68.063,13.671,15259,Oculus Quest_Android
68.077,13.766,15262,Oculus Quest_Android
68.091,13.884,15266,Oculus Quest_Android
68.104,13.645,15269,Oculus Quest_Android
68.119,14.614,15272,Oculus Quest_Android
68.132,13.248,15275,Oculus Quest_Android
68.146,13.879,15279,Oculus Quest_Android
68.160,14.290,15282,Oculus Quest_Android
68.174,13.747,15286,Oculus Quest_Android
68.188,14.134,15289,Oculus Quest_Android
68.202,13.383,15292,Oculus Quest_Android
68.216,14.204,15296,Oculus Quest_Android
68.230,13.629,15299,Oculus Quest_Android
68.244,14.006,15302,Oculus Quest_Android
68.258,14.252,15306,Oculus Quest_Android
68.271,13.587,15309,Oculus Quest_Android
68.286,14.050,15312,Oculus Quest_Android
68.298,13.515,15315,Oculus Quest_Android
68.313,14.133,15319,Oculus Quest_Android
68.327,14.097,15322,Oculus Quest_Android
68.340,13.491,15325,Oculus Quest_Android
68.355,14.130,15329,Oculus Quest_Android
68.368,13.525,15332,Oculus Quest_Android
68.383,14.332,15336,Oculus Quest_Android
68.396,13.758,15339,Oculus Quest_Android
68.410,13.676,15342,Oculus Quest_Android
68.424,14.150,15346,Oculus Quest_Android
68.438,13.818,15349,Oculus Quest_Android
68.452,14.019,15352,Oculus Quest_Android
68.466,13.662,15355,Oculus Quest_Android
68.479,13.942,15359,Oculus Quest_Android
68.494,14.076,15362,Oculus Quest_Android
68.507,13.805,15366,Oculus Quest_Android
68.521,14.242,15369,Oculus Quest_Android
68.535,13.780,15372,Oculus Quest_Android
68.549,13.574,15376,Oculus Quest_Android
68.562,13.652,15379,Oculus Quest_Android
68.577,14.128,15382,Oculus Quest_Android
68.591,14.261,15386,Oculus Quest_Android
68.605,14.164,15389,Oculus Quest_Android
68.619,13.686,15392,Oculus Quest_Android
68.632,13.296,15395,Oculus Quest_Android
68.646,14.435,15399,Oculus Quest_Android
68.660,13.647,15402,Oculus Quest_Android
68.674,13.575,15405,Oculus Quest_Android
68.688,14.352,15409,Oculus Quest_Android
68.702,13.497,15412,Oculus Quest_Android
68.716,14.250,15416,Oculus Quest_Android
68.730,13.845,15419,Oculus Quest_Android
68.744,13.834,15422,Oculus Quest_Android
68.757,13.972,15426,Oculus Quest_Android
68.771,13.614,15429,Oculus Quest_Android
68.785,14.154,15432,Oculus Quest_Android
68.799,13.683,15436,Oculus Quest_Android
68.813,13.936,15439,Oculus Quest_Android
68.827,14.054,15442,Oculus Quest_Android
68.841,13.655,15446,Oculus Quest_Android
68.855,14.494,15449,Oculus Quest_Android
68.869,13.569,15452,Oculus Quest_Android
68.883,13.814,15456,Oculus Quest_Android
68.896,13.542,15459,Oculus Quest_Android
68.910,13.985,15462,Oculus Quest_Android
68.924,14.529,15466,Oculus Quest_Android
68.938,13.362,15469,Oculus Quest_Android
68.952,14.156,15472,Oculus Quest_Android
68.965,13.357,15475,Oculus Quest_Android
68.981,14.817,15479,Oculus Quest_Android
68.993,13.150,15482,Oculus Quest_Android
69.007,13.679,15485,Oculus Quest_Android
69.021,13.911,15489,Oculus Quest_Android
69.034,13.669,15492,Oculus Quest_Android
69.049,14.562,15496,Oculus Quest_Android
69.063,13.682,15499,Oculus Quest_Android
69.076,13.562,15502,Oculus Quest_Android
69.091,14.163,15506,Oculus Quest_Android
69.104,13.839,15509,Oculus Quest_Android
69.118,13.874,15512,Oculus Quest_Android
69.132,13.850,15515,Oculus Quest_Android
69.146,13.812,15519,Oculus Quest_Android
69.160,14.217,15522,Oculus Quest_Android
69.174,13.770,15526,Oculus Quest_Android
69.188,14.198,15529,Oculus Quest_Android
69.201,13.552,15532,Oculus Quest_Android
69.216,14.068,15536,Oculus Quest_Android
69.229,13.664,15539,Oculus Quest_Android
69.244,14.163,15542,Oculus Quest_Android
69.257,14.131,15546,Oculus Quest_Android
69.271,13.603,15549,Oculus Quest_Android
69.285,14.037,15552,Oculus Quest_Android
69.299,13.671,15556,Oculus Quest_Android
69.313,14.036,15559,Oculus Quest_Android
69.327,14.143,15562,Oculus Quest_Android
69.340,13.514,15566,Oculus Quest_Android
69.355,14.431,15569,Oculus Quest_Android
69.369,13.926,15572,Oculus Quest_Android
69.383,14.144,15576,Oculus Quest_Android
69.396,13.560,15579,Oculus Quest_Android
69.410,13.526,15582,Oculus Quest_Android
69.424,14.225,15586,Oculus Quest_Android
69.438,13.771,15589,Oculus Quest_Android
69.452,13.956,15592,Oculus Quest_Android
69.466,13.542,15596,Oculus Quest_Android
69.480,13.987,15599,Oculus Quest_Android
69.494,13.933,15602,Oculus Quest_Android
69.508,13.690,15606,Oculus Quest_Android
69.522,14.316,15609,Oculus Quest_Android
69.535,13.493,15612,Oculus Quest_Android
69.549,13.931,15616,Oculus Quest_Android
69.563,13.534,15619,Oculus Quest_Android
69.577,14.256,15622,Oculus Quest_Android
69.591,14.172,15626,Oculus Quest_Android
69.604,13.489,15629,Oculus Quest_Android
69.619,14.084,15632,Oculus Quest_Android
69.632,13.527,15636,Oculus Quest_Android
69.646,13.990,15639,Oculus Quest_Android
69.660,14.157,15642,Oculus Quest_Android
69.674,13.556,15646,Oculus Quest_Android
69.688,14.077,15649,Oculus Quest_Android
69.702,13.620,15652,Oculus Quest_Android
69.716,14.401,15656,Oculus Quest_Android
69.730,13.714,15659,Oculus Quest_Android
69.743,13.608,15662,Oculus Quest_Android
69.757,14.219,15666,Oculus Quest_Android
69.771,13.696,15669,Oculus Quest_Android
69.786,14.348,15672,Oculus Quest_Android
69.799,13.330,15676,Oculus Quest_Android
69.813,13.939,15679,Oculus Quest_Android
69.827,13.956,15682,Oculus Quest_Android
69.840,13.710,15686,Oculus Quest_Android
69.855,14.269,15689,Oculus Quest_Android
69.868,13.535,15692,Oculus Quest_Android
69.883,14.221,15696,Oculus Quest_Android
69.896,13.473,15699,Oculus Quest_Android
69.910,13.960,15702,Oculus Quest_Android
69.924,14.412,15706,Oculus Quest_Android
69.938,13.483,15709,Oculus Quest_Android
69.952,13.982,15712,Oculus Quest_Android
69.966,13.638,15716,Oculus Quest_Android
69.980,14.105,15719,Oculus Quest_Android
69.994,14.630,15722,Oculus Quest_Android
70.007,13.015,15726,Oculus Quest_Android
70.021,14.123,15729,Oculus Quest_Android
70.035,13.541,15732,Oculus Quest_Android
70.049,14.277,15736,Oculus Quest_Android
70.063,13.787,15739,Oculus Quest_Android
70.076,13.615,15742,Oculus Quest_Android
70.091,13.930,15746,Oculus Quest_Android
70.104,13.644,15749,Oculus Quest_Android
70.118,14.239,15752,Oculus Quest_Android
70.132,13.664,15755,Oculus Quest_Android
70.146,13.888,15759,Oculus Quest_Android
70.160,14.135,15762,Oculus Quest_Android
70.176,13.431,15765,Oculus Quest_Android
70.188,14.487,15769,Oculus Quest_Android
70.202,13.715,15772,Oculus Quest_Android
70.216,13.814,15776,Oculus Quest_Android
70.229,13.638,15779,Oculus Quest_Android
70.243,14.108,15782,Oculus Quest_Android
70.257,14.020,15786,Oculus Quest_Android
70.271,13.585,15789,Oculus Quest_Android
70.285,14.134,15792,Oculus Quest_Android
70.298,13.553,15795,Oculus Quest_Android
70.313,13.866,15799,Oculus Quest_Android
70.327,14.282,15802,Oculus Quest_Android
70.340,13.529,15805,Oculus Quest_Android
70.354,14.230,15809,Oculus Quest_Android
70.368,13.604,15812,Oculus Quest_Android
70.383,14.456,15816,Oculus Quest_Android
70.396,13.689,15819,Oculus Quest_Android
70.410,13.719,15822,Oculus Quest_Android
70.424,13.945,15826,Oculus Quest_Android
70.437,13.599,15829,Oculus Quest_Android
70.452,13.952,15832,Oculus Quest_Android
70.465,13.964,15835,Oculus Quest_Android
70.480,13.832,15839,Oculus Quest_Android
70.493,13.987,15842,Oculus Quest_Android
70.507,13.569,15845,Oculus Quest_Android
70.521,14.391,15849,Oculus Quest_Android
70.534,13.418,15852,Oculus Quest_Android
70.549,14.084,15855,Oculus Quest_Android
70.562,13.487,15859,Oculus Quest_Android
70.576,14.136,15862,Oculus Quest_Android
70.591,14.246,15866,Oculus Quest_Android
70.604,13.471,15869,Oculus Quest_Android
70.618,14.128,15872,Oculus Quest_Android
70.632,13.614,15875,Oculus Quest_Android
70.646,13.893,15879,Oculus Quest_Android
70.660,14.071,15882,Oculus Quest_Android
70.673,13.718,15885,Oculus Quest_Android
70.688,14.312,15889,Oculus Quest_Android
70.701,13.370,15892,Oculus Quest_Android
70.715,14.248,15895,Oculus Quest_Android
70.729,13.921,15899,Oculus Quest_Android
70.743,13.789,15902,Oculus Quest_Android
70.757,14.122,15906,Oculus Quest_Android
70.771,13.473,15909,Oculus Quest_Android
70.785,14.347,15912,Oculus Quest_Android
70.799,14.262,15916,Oculus Quest_Android
70.813,13.739,15919,Oculus Quest_Android
70.826,13.451,15922,Oculus Quest_Android
70.840,13.192,15925,Oculus Quest_Android
70.854,14.271,15929,Oculus Quest_Android
70.868,13.467,15932,Oculus Quest_Android
70.882,14.222,15935,Oculus Quest_Android
70.895,13.827,15939,Oculus Quest_Android
70.910,13.937,15942,Oculus Quest_Android
70.923,14.127,15945,Oculus Quest_Android
70.937,13.688,15949,Oculus Quest_Android
70.951,14.104,15952,Oculus Quest_Android
70.965,13.615,15955,Oculus Quest_Android
70.979,14.197,15959,Oculus Quest_Android
70.993,14.248,15962,Oculus Quest_Android
71.007,13.411,15965,Oculus Quest_Android
71.021,14.334,15969,Oculus Quest_Android
71.035,13.818,15972,Oculus Quest_Android
71.049,13.812,15975,Oculus Quest_Android
71.063,14.031,15979,Oculus Quest_Android
71.076,13.536,15982,Oculus Quest_Android
71.090,14.048,15985,Oculus Quest_Android
71.104,13.742,15989,Oculus Quest_Android
71.118,14.171,15992,Oculus Quest_Android
71.132,13.676,15995,Oculus Quest_Android
71.146,13.782,15999,Oculus Quest_Android
71.160,14.051,16002,Oculus Quest_Android
71.173,13.702,16005,Oculus Quest_Android
71.188,14.377,16009,Oculus Quest_Android
71.201,13.422,16012,Oculus Quest_Android
71.216,14.200,16016,Oculus Quest_Android
71.229,13.557,16019,Oculus Quest_Android
71.243,14.199,16022,Oculus Quest_Android
71.257,14.036,16026,Oculus Quest_Android
71.271,13.777,16029,Oculus Quest_Android
71.285,14.071,16032,Oculus Quest_Android
71.299,13.423,16035,Oculus Quest_Android
71.313,13.841,16039,Oculus Quest_Android
71.327,14.225,16042,Oculus Quest_Android
71.340,13.444,16045,Oculus Quest_Android
71.354,14.324,16049,Oculus Quest_Android
71.368,13.438,16052,Oculus Quest_Android
71.383,14.529,16056,Oculus Quest_Android
71.396,13.561,16059,Oculus Quest_Android
71.409,13.597,16062,Oculus Quest_Android
71.423,14.175,16065,Oculus Quest_Android
71.438,13.944,16069,Oculus Quest_Android
71.452,14.165,16072,Oculus Quest_Android
71.466,13.686,16076,Oculus Quest_Android
71.479,13.807,16079,Oculus Quest_Android
71.493,13.917,16082,Oculus Quest_Android
71.507,13.914,16085,Oculus Quest_Android
71.522,14.056,16089,Oculus Quest_Android
71.534,13.477,16092,Oculus Quest_Android
71.549,13.943,16095,Oculus Quest_Android
71.562,13.744,16099,Oculus Quest_Android
71.577,14.248,16102,Oculus Quest_Android
71.591,13.958,16106,Oculus Quest_Android
71.604,13.806,16109,Oculus Quest_Android
71.619,14.008,16112,Oculus Quest_Android
71.632,13.368,16115,Oculus Quest_Android
71.646,14.128,16119,Oculus Quest_Android
71.660,14.374,16122,Oculus Quest_Android
71.674,13.538,16125,Oculus Quest_Android
71.688,13.973,16129,Oculus Quest_Android
71.701,13.590,16132,Oculus Quest_Android
71.716,14.427,16136,Oculus Quest_Android
71.729,13.621,16139,Oculus Quest_Android
71.743,13.735,16142,Oculus Quest_Android
71.757,14.093,16146,Oculus Quest_Android
71.771,13.416,16149,Oculus Quest_Android
71.785,14.257,16152,Oculus Quest_Android
71.798,13.763,16155,Oculus Quest_Android
71.813,13.837,16159,Oculus Quest_Android
71.827,14.099,16162,Oculus Quest_Android
71.840,14.036,16166,Oculus Quest_Android
71.854,13.997,16169,Oculus Quest_Android
71.868,13.613,16172,Oculus Quest_Android
71.882,13.985,16176,Oculus Quest_Android
71.896,13.906,16179,Oculus Quest_Android
71.910,14.072,16182,Oculus Quest_Android
71.924,13.807,16186,Oculus Quest_Android
71.938,13.748,16189,Oculus Quest_Android
71.952,14.160,16192,Oculus Quest_Android
71.965,13.582,16196,Oculus Quest_Android
71.979,13.918,16199,Oculus Quest_Android
71.994,14.620,16202,Oculus Quest_Android
72.008,13.678,16206,Oculus Quest_Android
72.022,13.839,16209,Oculus Quest_Android
72.035,13.370,16212,Oculus Quest_Android
72.050,14.593,16216,Oculus Quest_Android
72.063,13.649,16219,Oculus Quest_Android
72.077,13.691,16222,Oculus Quest_Android
72.091,13.797,16226,Oculus Quest_Android
72.104,13.674,16229,Oculus Quest_Android
72.119,14.253,16232,Oculus Quest_Android
72.133,13.797,16236,Oculus Quest_Android
72.146,13.436,16239,Oculus Quest_Android
72.160,13.960,16242,Oculus Quest_Android
72.173,13.564,16245,Oculus Quest_Android
72.188,14.324,16249,Oculus Quest_Android
72.201,13.491,16252,Oculus Quest_Android
72.216,14.384,16256,Oculus Quest_Android
72.229,13.497,16259,Oculus Quest_Android
72.243,13.778,16262,Oculus Quest_Android
72.257,14.294,16265,Oculus Quest_Android
72.270,13.463,16269,Oculus Quest_Android
72.285,14.514,16272,Oculus Quest_Android
72.298,13.317,16275,Oculus Quest_Android
72.313,13.967,16279,Oculus Quest_Android
72.326,14.045,16282,Oculus Quest_Android
72.340,13.710,16285,Oculus Quest_Android
72.354,14.129,16289,Oculus Quest_Android
72.368,13.801,16292,Oculus Quest_Android
72.383,14.637,16296,Oculus Quest_Android
72.396,13.268,16299,Oculus Quest_Android
72.410,13.678,16302,Oculus Quest_Android
72.424,14.100,16305,Oculus Quest_Android
72.437,13.675,16309,Oculus Quest_Android
72.452,14.164,16312,Oculus Quest_Android
72.466,13.687,16315,Oculus Quest_Android
72.479,13.832,16319,Oculus Quest_Android
72.493,14.323,16322,Oculus Quest_Android
72.507,13.477,16325,Oculus Quest_Android
72.521,14.265,16329,Oculus Quest_Android
72.534,13.340,16332,Oculus Quest_Android
72.549,14.007,16335,Oculus Quest_Android
72.562,13.641,16339,Oculus Quest_Android
72.576,14.188,16342,Oculus Quest_Android
72.591,14.296,16346,Oculus Quest_Android
72.604,13.507,16349,Oculus Quest_Android
72.618,14.095,16352,Oculus Quest_Android
72.632,13.349,16355,Oculus Quest_Android
72.645,13.907,16359,Oculus Quest_Android
72.660,14.240,16362,Oculus Quest_Android
72.673,13.617,16365,Oculus Quest_Android
72.687,14.144,16369,Oculus Quest_Android
72.702,13.898,16372,Oculus Quest_Android
72.715,14.141,16376,Oculus Quest_Android
72.729,13.581,16379,Oculus Quest_Android
72.743,13.589,16382,Oculus Quest_Android
72.757,14.512,16386,Oculus Quest_Android
72.771,13.317,16389,Oculus Quest_Android
72.785,14.434,16392,Oculus Quest_Android
72.799,13.513,16395,Oculus Quest_Android
72.812,13.715,16399,Oculus Quest_Android
72.826,14.189,16402,Oculus Quest_Android
72.840,13.778,16405,Oculus Quest_Android
72.855,14.292,16409,Oculus Quest_Android
72.868,13.484,16412,Oculus Quest_Android
72.883,14.252,16416,Oculus Quest_Android
72.896,13.518,16419,Oculus Quest_Android
72.910,13.965,16422,Oculus Quest_Android
72.924,14.054,16425,Oculus Quest_Android
72.937,13.424,16429,Oculus Quest_Android
72.951,14.108,16432,Oculus Quest_Android
72.965,13.686,16435,Oculus Quest_Android
72.980,14.272,16439,Oculus Quest_Android
72.993,14.001,16442,Oculus Quest_Android
73.007,13.694,16445,Oculus Quest_Android
73.021,14.219,16449,Oculus Quest_Android
73.035,13.545,16452,Oculus Quest_Android
73.049,14.310,16456,Oculus Quest_Android
73.063,13.752,16459,Oculus Quest_Android
73.076,13.537,16462,Oculus Quest_Android
73.091,14.301,16465,Oculus Quest_Android
73.104,13.512,16469,Oculus Quest_Android
73.119,14.366,16472,Oculus Quest_Android
73.132,13.477,16475,Oculus Quest_Android
73.146,13.707,16479,Oculus Quest_Android
73.159,13.874,16482,Oculus Quest_Android
73.173,13.579,16485,Oculus Quest_Android
73.188,14.632,16489,Oculus Quest_Android
73.201,13.534,16492,Oculus Quest_Android
73.215,14.088,16495,Oculus Quest_Android
73.229,13.917,16498,Oculus Quest_Android
73.243,13.598,16502,Oculus Quest_Android
73.257,14.193,16505,Oculus Quest_Android
73.271,13.620,16508,Oculus Quest_Android
73.285,14.049,16512,Oculus Quest_Android
73.298,13.460,16515,Oculus Quest_Android
73.313,13.911,16518,Oculus Quest_Android
73.327,14.497,16522,Oculus Quest_Android
73.340,13.637,16525,Oculus Quest_Android
73.354,13.980,16528,Oculus Quest_Android
73.367,13.407,16531,Oculus Quest_Android
73.383,14.597,16535,Oculus Quest_Android
73.396,13.667,16538,Oculus Quest_Android
73.410,13.595,16541,Oculus Quest_Android
73.424,14.209,16545,Oculus Quest_Android
73.438,13.915,16548,Oculus Quest_Android
73.452,13.990,16551,Oculus Quest_Android
73.465,13.556,16554,Oculus Quest_Android
73.479,13.831,16558,Oculus Quest_Android
73.493,14.042,16561,Oculus Quest_Android
73.507,14.003,16564,Oculus Quest_Android
73.522,14.244,16568,Oculus Quest_Android
73.534,13.319,16571,Oculus Quest_Android
73.549,14.062,16574,Oculus Quest_Android
73.563,13.659,16578,Oculus Quest_Android
73.576,13.916,16581,Oculus Quest_Android
73.591,14.385,16584,Oculus Quest_Android
73.604,13.543,16587,Oculus Quest_Android
73.618,13.879,16591,Oculus Quest_Android
73.632,13.749,16594,Oculus Quest_Android
73.646,14.025,16597,Oculus Quest_Android
73.660,14.230,16601,Oculus Quest_Android
73.673,13.282,16604,Oculus Quest_Android
73.688,14.407,16607,Oculus Quest_Android
73.701,13.388,16611,Oculus Quest_Android
73.716,14.555,16614,Oculus Quest_Android
73.730,13.731,16617,Oculus Quest_Android
73.743,13.772,16621,Oculus Quest_Android
73.757,13.944,16624,Oculus Quest_Android
73.771,13.767,16627,Oculus Quest_Android
73.785,13.951,16630,Oculus Quest_Android
73.798,13.476,16634,Oculus Quest_Android
73.813,13.926,16637,Oculus Quest_Android
73.827,14.163,16640,Oculus Quest_Android
73.840,13.791,16644,Oculus Quest_Android
73.854,14.031,16647,Oculus Quest_Android
73.868,13.544,16650,Oculus Quest_Android
73.882,14.183,16654,Oculus Quest_Android
73.896,13.548,16657,Oculus Quest_Android
73.910,13.989,16660,Oculus Quest_Android
73.924,14.341,16663,Oculus Quest_Android
73.937,13.714,16667,Oculus Quest_Android
73.952,13.977,16670,Oculus Quest_Android
73.965,13.509,16673,Oculus Quest_Android
73.981,15.395,16677,Oculus Quest_Android
73.993,12.709,16680,Oculus Quest_Android
74.007,13.340,16683,Oculus Quest_Android
74.020,14.116,16686,Oculus Quest_Android
74.034,13.453,16690,Oculus Quest_Android
74.048,14.105,16693,Oculus Quest_Android
74.062,13.983,16696,Oculus Quest_Android
74.076,13.963,16700,Oculus Quest_Android
74.090,14.275,16703,Oculus Quest_Android
74.104,13.552,16706,Oculus Quest_Android
74.118,14.034,16710,Oculus Quest_Android
74.132,13.698,16713,Oculus Quest_Android
74.145,13.778,16716,Oculus Quest_Android
74.160,14.326,16720,Oculus Quest_Android
74.173,13.647,16723,Oculus Quest_Android
74.188,14.311,16726,Oculus Quest_Android
74.201,13.427,16729,Oculus Quest_Android
74.215,14.291,16733,Oculus Quest_Android
74.229,13.511,16736,Oculus Quest_Android
74.243,14.029,16739,Oculus Quest_Android
74.257,14.287,16743,Oculus Quest_Android
74.271,13.472,16746,Oculus Quest_Android
74.285,14.116,16749,Oculus Quest_Android
74.299,13.754,16753,Oculus Quest_Android
74.312,13.841,16756,Oculus Quest_Android
74.327,14.119,16759,Oculus Quest_Android
74.340,13.602,16762,Oculus Quest_Android
74.354,14.092,16766,Oculus Quest_Android
74.368,13.678,16769,Oculus Quest_Android
74.382,14.144,16772,Oculus Quest_Android
74.396,13.677,16776,Oculus Quest_Android
74.409,13.716,16779,Oculus Quest_Android
74.424,14.199,16782,Oculus Quest_Android
74.437,13.650,16785,Oculus Quest_Android
74.451,14.218,16789,Oculus Quest_Android
74.465,13.611,16792,Oculus Quest_Android
74.479,14.006,16795,Oculus Quest_Android
74.493,13.887,16799,Oculus Quest_Android
74.507,13.912,16802,Oculus Quest_Android
74.521,14.279,16805,Oculus Quest_Android
74.534,13.203,16809,Oculus Quest_Android
74.549,14.083,16812,Oculus Quest_Android
74.562,13.680,16815,Oculus Quest_Android
74.576,14.201,16819,Oculus Quest_Android
74.590,14.020,16822,Oculus Quest_Android
74.604,13.706,16825,Oculus Quest_Android
74.618,13.981,16828,Oculus Quest_Android
74.632,13.741,16832,Oculus Quest_Android
74.646,13.913,16835,Oculus Quest_Android
74.659,14.048,16838,Oculus Quest_Android
74.673,13.929,16842,Oculus Quest_Android
74.688,13.984,16845,Oculus Quest_Android
74.701,13.593,16848,Oculus Quest_Android
74.715,14.049,16852,Oculus Quest_Android
74.729,14.056,16855,Oculus Quest_Android
74.743,13.534,16858,Oculus Quest_Android
74.757,14.055,16861,Oculus Quest_Android
74.771,14.128,16865,Oculus Quest_Android
74.786,14.153,16868,Oculus Quest_Android
74.799,13.541,16871,Oculus Quest_Android
74.813,13.798,16875,Oculus Quest_Android
74.827,14.053,16878,Oculus Quest_Android
74.840,13.610,16881,Oculus Quest_Android
74.854,14.222,16885,Oculus Quest_Android
74.868,13.423,16888,Oculus Quest_Android
74.882,14.114,16891,Oculus Quest_Android
74.896,13.619,16894,Oculus Quest_Android
74.910,13.887,16898,Oculus Quest_Android
74.924,14.229,16901,Oculus Quest_Android
74.937,13.355,16904,Oculus Quest_Android
74.952,14.169,16908,Oculus Quest_Android
74.965,13.514,16911,Oculus Quest_Android
74.979,13.980,16914,Oculus Quest_Android
74.993,14.345,16918,Oculus Quest_Android
75.007,13.678,16921,Oculus Quest_Android
75.021,14.025,16924,Oculus Quest_Android
75.034,13.501,16927,Oculus Quest_Android
75.051,14.212,16931,Oculus Quest_Android
75.063,13.991,16934,Oculus Quest_Android
75.076,13.296,16937,Oculus Quest_Android
75.090,14.356,16941,Oculus Quest_Android
75.105,13.920,16944,Oculus Quest_Android
75.118,13.923,16947,Oculus Quest_Android
75.132,13.558,16950,Oculus Quest_Android
75.146,13.870,16954,Oculus Quest_Android
75.160,14.120,16957,Oculus Quest_Android
75.173,13.729,16960,Oculus Quest_Android
75.188,14.290,16964,Oculus Quest_Android
75.201,13.661,16967,Oculus Quest_Android
75.216,13.973,16970,Oculus Quest_Android
75.229,13.505,16974,Oculus Quest_Android
75.243,13.990,16977,Oculus Quest_Android
75.257,14.288,16980,Oculus Quest_Android
75.271,13.557,16983,Oculus Quest_Android
75.285,14.025,16987,Oculus Quest_Android
75.298,13.630,16990,Oculus Quest_Android
75.312,14.010,16993,Oculus Quest_Android
75.327,14.167,16997,Oculus Quest_Android
75.340,13.725,17000,Oculus Quest_Android
75.354,14.059,17003,Oculus Quest_Android
75.367,13.405,17007,Oculus Quest_Android
75.382,14.407,17010,Oculus Quest_Android
75.396,13.743,17013,Oculus Quest_Android
75.410,13.879,17017,Oculus Quest_Android
75.424,13.938,17020,Oculus Quest_Android
75.437,13.502,17023,Oculus Quest_Android
75.452,14.375,17026,Oculus Quest_Android
75.465,13.555,17030,Oculus Quest_Android
75.479,13.810,17033,Oculus Quest_Android
75.493,14.120,17036,Oculus Quest_Android
75.507,13.764,17040,Oculus Quest_Android
75.521,14.096,17043,Oculus Quest_Android
75.535,13.722,17046,Oculus Quest_Android
75.549,13.906,17049,Oculus Quest_Android
75.562,13.549,17053,Oculus Quest_Android
75.576,14.038,17056,Oculus Quest_Android
75.591,14.311,17059,Oculus Quest_Android
75.604,13.574,17063,Oculus Quest_Android
75.618,14.457,17066,Oculus Quest_Android
75.632,13.441,17069,Oculus Quest_Android
75.646,13.866,17073,Oculus Quest_Android
75.660,14.292,17076,Oculus Quest_Android
75.674,13.421,17079,Oculus Quest_Android
75.688,14.272,17083,Oculus Quest_Android
75.701,13.492,17086,Oculus Quest_Android
75.715,14.151,17089,Oculus Quest_Android
75.729,13.918,17092,Oculus Quest_Android
75.742,13.344,17096,Oculus Quest_Android
75.757,14.435,17099,Oculus Quest_Android
75.771,13.426,17102,Oculus Quest_Android
75.785,14.434,17106,Oculus Quest_Android
75.798,13.318,17109,Oculus Quest_Android
75.812,13.994,17112,Oculus Quest_Android
75.827,14.202,17116,Oculus Quest_Android
75.840,13.306,17119,Oculus Quest_Android
75.854,14.228,17122,Oculus Quest_Android
75.867,13.581,17125,Oculus Quest_Android
75.883,15.516,17129,Oculus Quest_Android
75.895,12.557,17132,Oculus Quest_Android
75.909,13.604,17135,Oculus Quest_Android
75.923,13.751,17138,Oculus Quest_Android
75.936,13.400,17142,Oculus Quest_Android
75.951,14.177,17145,Oculus Quest_Android
75.964,13.734,17148,Oculus Quest_Android
75.978,14.008,17152,Oculus Quest_Android
75.992,14.216,17155,Oculus Quest_Android
76.006,13.630,17158,Oculus Quest_Android
76.021,14.455,17162,Oculus Quest_Android
76.034,13.502,17165,Oculus Quest_Android
76.048,14.105,17168,Oculus Quest_Android
76.062,13.691,17171,Oculus Quest_Android
76.076,13.934,17175,Oculus Quest_Android
76.090,13.892,17178,Oculus Quest_Android
76.104,13.730,17181,Oculus Quest_Android
76.118,14.203,17185,Oculus Quest_Android
76.131,13.551,17188,Oculus Quest_Android
76.146,14.103,17191,Oculus Quest_Android
76.160,13.924,17195,Oculus Quest_Android
76.173,13.691,17198,Oculus Quest_Android
76.188,14.597,17202,Oculus Quest_Android
76.200,13.130,17205,Oculus Quest_Android
76.215,13.985,17208,Oculus Quest_Android
76.229,13.784,17211,Oculus Quest_Android
76.243,14.025,17215,Oculus Quest_Android
76.257,14.170,17218,Oculus Quest_Android
76.270,13.382,17221,Oculus Quest_Android
76.284,14.182,17225,Oculus Quest_Android
76.298,13.633,17228,Oculus Quest_Android
76.312,13.939,17231,Oculus Quest_Android
76.326,14.276,17235,Oculus Quest_Android
76.340,13.664,17238,Oculus Quest_Android
76.354,14.194,17242,Oculus Quest_Android
76.367,13.326,17245,Oculus Quest_Android
76.382,14.490,17248,Oculus Quest_Android
76.395,13.728,17252,Oculus Quest_Android
76.409,13.457,17255,Oculus Quest_Android
76.423,14.267,17258,Oculus Quest_Android
76.437,13.414,17261,Oculus Quest_Android
76.452,14.820,17265,Oculus Quest_Android
76.465,13.253,17268,Oculus Quest_Android
76.478,13.757,17271,Oculus Quest_Android
76.493,14.163,17275,Oculus Quest_Android
76.506,13.719,17278,Oculus Quest_Android
76.521,14.650,17282,Oculus Quest_Android
76.534,13.187,17285,Oculus Quest_Android
76.549,14.028,17288,Oculus Quest_Android
76.562,13.614,17291,Oculus Quest_Android
76.576,13.786,17295,Oculus Quest_Android
76.590,14.414,17298,Oculus Quest_Android
76.604,13.244,17301,Oculus Quest_Android
76.617,14.133,17305,Oculus Quest_Android
76.631,13.676,17308,Oculus Quest_Android
76.645,14.061,17311,Oculus Quest_Android
76.659,14.521,17315,Oculus Quest_Android
76.673,13.127,17318,Oculus Quest_Android
76.687,14.430,17322,Oculus Quest_Android
76.700,13.336,17325,Oculus Quest_Android
76.715,14.285,17328,Oculus Quest_Android
76.729,14.047,17332,Oculus Quest_Android
76.743,13.496,17335,Oculus Quest_Android
76.756,14.001,17338,Oculus Quest_Android
76.770,13.809,17341,Oculus Quest_Android
76.785,14.384,17345,Oculus Quest_Android
76.798,13.755,17348,Oculus Quest_Android
76.812,13.542,17351,Oculus Quest_Android
76.826,14.402,17355,Oculus Quest_Android
76.840,13.607,17358,Oculus Quest_Android
76.854,14.081,17362,Oculus Quest_Android
76.868,13.842,17365,Oculus Quest_Android
76.882,13.656,17368,Oculus Quest_Android
76.895,13.545,17371,Oculus Quest_Android
76.909,13.823,17375,Oculus Quest_Android
76.923,14.261,17378,Oculus Quest_Android
76.937,13.490,17381,Oculus Quest_Android
76.951,14.155,17385,Oculus Quest_Android
76.965,13.776,17388,Oculus Quest_Android
76.978,13.906,17391,Oculus Quest_Android
76.993,14.205,17395,Oculus Quest_Android
77.007,13.842,17398,Oculus Quest_Android
77.021,14.145,17402,Oculus Quest_Android
77.034,13.315,17405,Oculus Quest_Android
77.048,14.309,17408,Oculus Quest_Android
77.062,13.848,17411,Oculus Quest_Android
77.076,13.759,17415,Oculus Quest_Android
77.090,14.076,17418,Oculus Quest_Android
77.104,13.633,17421,Oculus Quest_Android
77.118,14.171,17425,Oculus Quest_Android
77.131,13.454,17428,Oculus Quest_Android
77.145,13.872,17431,Oculus Quest_Android
77.159,14.083,17435,Oculus Quest_Android
77.173,13.784,17438,Oculus Quest_Android
77.188,14.542,17442,Oculus Quest_Android
77.200,13.236,17445,Oculus Quest_Android
77.216,14.748,17448,Oculus Quest_Android
77.228,12.902,17451,Oculus Quest_Android
77.242,13.904,17455,Oculus Quest_Android
77.257,14.562,17458,Oculus Quest_Android
77.270,13.238,17461,Oculus Quest_Android
77.285,14.452,17465,Oculus Quest_Android
77.298,13.311,17468,Oculus Quest_Android
77.312,14.161,17471,Oculus Quest_Android
77.326,14.126,17475,Oculus Quest_Android
77.340,13.697,17478,Oculus Quest_Android
77.354,14.055,17482,Oculus Quest_Android
77.367,13.456,17485,Oculus Quest_Android
77.382,14.464,17488,Oculus Quest_Android
77.395,13.670,17491,Oculus Quest_Android
77.409,13.517,17495,Oculus Quest_Android
77.423,14.227,17498,Oculus Quest_Android
77.437,13.430,17501,Oculus Quest_Android
77.452,14.720,17505,Oculus Quest_Android
77.464,13.288,17508,Oculus Quest_Android
77.478,13.875,17511,Oculus Quest_Android
77.493,14.424,17515,Oculus Quest_Android
77.507,13.508,17518,Oculus Quest_Android
77.520,14.092,17522,Oculus Quest_Android
77.534,13.413,17525,Oculus Quest_Android
77.548,14.225,17528,Oculus Quest_Android
77.562,13.629,17531,Oculus Quest_Android
77.575,13.972,17535,Oculus Quest_Android
77.590,14.319,17538,Oculus Quest_Android
77.603,13.186,17541,Oculus Quest_Android
77.617,14.160,17545,Oculus Quest_Android
77.631,13.733,17548,Oculus Quest_Android
77.645,13.990,17551,Oculus Quest_Android
77.659,14.118,17555,Oculus Quest_Android
77.673,13.539,17558,Oculus Quest_Android
77.687,14.262,17561,Oculus Quest_Android
77.701,14.071,17565,Oculus Quest_Android
77.715,13.971,17568,Oculus Quest_Android
77.729,13.775,17572,Oculus Quest_Android
77.742,13.612,17575,Oculus Quest_Android
77.757,14.295,17578,Oculus Quest_Android
77.771,13.848,17582,Oculus Quest_Android
77.785,14.355,17585,Oculus Quest_Android
77.798,13.147,17588,Oculus Quest_Android
77.812,13.757,17591,Oculus Quest_Android
77.826,14.214,17595,Oculus Quest_Android
77.840,13.601,17598,Oculus Quest_Android
77.855,14.774,17602,Oculus Quest_Android
77.867,12.635,17605,Oculus Quest_Android
77.881,13.940,17608,Oculus Quest_Android
77.895,13.924,17611,Oculus Quest_Android
77.909,14.057,17615,Oculus Quest_Android
77.923,13.967,17618,Oculus Quest_Android
77.936,13.699,17621,Oculus Quest_Android
77.951,14.107,17625,Oculus Quest_Android
77.964,13.815,17628,Oculus Quest_Android
77.978,14.028,17631,Oculus Quest_Android
77.993,14.297,17635,Oculus Quest_Android
78.006,13.534,17638,Oculus Quest_Android
78.020,14.306,17642,Oculus Quest_Android
78.034,13.627,17645,Oculus Quest_Android
78.048,14.077,17648,Oculus Quest_Android
78.062,13.967,17652,Oculus Quest_Android
78.076,13.693,17655,Oculus Quest_Android
78.090,14.162,17658,Oculus Quest_Android
78.104,13.659,17662,Oculus Quest_Android
78.118,14.160,17665,Oculus Quest_Android
78.132,13.894,17668,Oculus Quest_Android
78.146,13.950,17672,Oculus Quest_Android
78.160,14.138,17675,Oculus Quest_Android
78.174,14.060,17678,Oculus Quest_Android
78.188,13.749,17682,Oculus Quest_Android
78.201,13.406,17685,Oculus Quest_Android
78.215,14.105,17688,Oculus Quest_Android
78.230,14.171,17692,Oculus Quest_Android
78.243,13.864,17695,Oculus Quest_Android
78.257,13.987,17698,Oculus Quest_Android
78.271,13.261,17702,Oculus Quest_Android
78.285,14.430,17705,Oculus Quest_Android
78.298,13.308,17708,Oculus Quest_Android
78.313,14.050,17712,Oculus Quest_Android
78.327,14.246,17715,Oculus Quest_Android
78.341,14.142,17718,Oculus Quest_Android
78.354,13.712,17722,Oculus Quest_Android
78.368,13.465,17725,Oculus Quest_Android
78.382,14.303,17728,Oculus Quest_Android
78.396,13.628,17732,Oculus Quest_Android
78.410,13.641,17735,Oculus Quest_Android
78.424,14.108,17738,Oculus Quest_Android
78.437,13.609,17742,Oculus Quest_Android
78.452,14.833,17745,Oculus Quest_Android
78.465,13.105,17748,Oculus Quest_Android
78.480,14.031,17752,Oculus Quest_Android
78.493,13.818,17755,Oculus Quest_Android
78.507,13.904,17758,Oculus Quest_Android
78.522,14.215,17762,Oculus Quest_Android
78.535,13.529,17765,Oculus Quest_Android
78.549,13.916,17768,Oculus Quest_Android
78.562,13.575,17772,Oculus Quest_Android
78.576,13.902,17775,Oculus Quest_Android
78.590,14.371,17778,Oculus Quest_Android
78.604,13.645,17782,Oculus Quest_Android
78.619,14.210,17785,Oculus Quest_Android
78.632,13.668,17788,Oculus Quest_Android
78.646,13.669,17792,Oculus Quest_Android
78.660,14.401,17795,Oculus Quest_Android
78.674,13.535,17798,Oculus Quest_Android
78.688,14.252,17802,Oculus Quest_Android
78.701,13.500,17805,Oculus Quest_Android
78.716,14.467,17808,Oculus Quest_Android
78.729,13.481,17812,Oculus Quest_Android
78.743,13.896,17815,Oculus Quest_Android
78.757,14.056,17818,Oculus Quest_Android
78.771,13.512,17822,Oculus Quest_Android
78.785,14.037,17825,Oculus Quest_Android
78.799,13.708,17828,Oculus Quest_Android
78.813,13.855,17832,Oculus Quest_Android
78.827,14.108,17835,Oculus Quest_Android
78.840,13.642,17838,Oculus Quest_Android
78.854,14.113,17842,Oculus Quest_Android
78.868,13.657,17845,Oculus Quest_Android
78.882,14.163,17848,Oculus Quest_Android
78.896,13.694,17852,Oculus Quest_Android
78.910,13.972,17855,Oculus Quest_Android
78.924,14.324,17858,Oculus Quest_Android
78.937,13.519,17862,Oculus Quest_Android
78.952,14.149,17865,Oculus Quest_Android
78.965,13.508,17868,Oculus Quest_Android
78.980,14.341,17872,Oculus Quest_Android
78.994,14.132,17875,Oculus Quest_Android
79.006,12.777,17878,Oculus Quest_Android
79.021,14.550,17882,Oculus Quest_Android
79.034,13.332,17885,Oculus Quest_Android
79.049,14.637,17888,Oculus Quest_Android
79.062,13.479,17892,Oculus Quest_Android
79.076,13.644,17895,Oculus Quest_Android
79.091,14.517,17898,Oculus Quest_Android
79.104,13.538,17902,Oculus Quest_Android
79.119,14.285,17905,Oculus Quest_Android
79.132,13.269,17908,Oculus Quest_Android
79.145,13.686,17911,Oculus Quest_Android
79.160,14.678,17915,Oculus Quest_Android
79.173,13.105,17918,Oculus Quest_Android
79.189,15.212,17922,Oculus Quest_Android
79.201,12.805,17925,Oculus Quest_Android
79.215,13.905,17928,Oculus Quest_Android
79.229,13.776,17931,Oculus Quest_Android
79.243,13.876,17934,Oculus Quest_Android
79.257,14.435,17938,Oculus Quest_Android
79.271,13.471,17941,Oculus Quest_Android
79.285,14.229,17944,Oculus Quest_Android
79.298,13.297,17948,Oculus Quest_Android
79.312,13.872,17951,Oculus Quest_Android
79.327,14.493,17954,Oculus Quest_Android
79.340,13.478,17958,Oculus Quest_Android
79.354,14.231,17961,Oculus Quest_Android
79.368,13.553,17964,Oculus Quest_Android
79.382,14.042,17968,Oculus Quest_Android
79.395,13.506,17971,Oculus Quest_Android
79.409,13.527,17974,Oculus Quest_Android
79.423,14.479,17977,Oculus Quest_Android
79.437,13.966,17981,Oculus Quest_Android
79.451,13.856,17984,Oculus Quest_Android
79.465,13.803,17987,Oculus Quest_Android
79.479,13.938,17991,Oculus Quest_Android
79.493,13.990,17994,Oculus Quest_Android
79.507,13.878,17997,Oculus Quest_Android
79.521,14.193,18001,Oculus Quest_Android
79.534,13.456,18004,Oculus Quest_Android
79.549,14.158,18007,Oculus Quest_Android
79.562,13.723,18010,Oculus Quest_Android
79.576,13.996,18014,Oculus Quest_Android
79.590,14.013,18017,Oculus Quest_Android
79.604,13.766,18020,Oculus Quest_Android
79.618,14.045,18024,Oculus Quest_Android
79.632,13.642,18027,Oculus Quest_Android
79.646,13.966,18030,Oculus Quest_Android
79.660,14.216,18034,Oculus Quest_Android
79.673,13.750,18037,Oculus Quest_Android
79.688,14.043,18040,Oculus Quest_Android
79.701,13.638,18043,Oculus Quest_Android
79.715,14.249,18047,Oculus Quest_Android
79.730,14.320,18050,Oculus Quest_Android
79.744,13.557,18053,Oculus Quest_Android
79.757,14.056,18057,Oculus Quest_Android
79.772,13.863,18060,Oculus Quest_Android
79.786,14.341,18064,Oculus Quest_Android
79.799,13.067,18067,Oculus Quest_Android
79.813,13.678,18070,Oculus Quest_Android
79.827,14.160,18073,Oculus Quest_Android
79.840,13.556,18076,Oculus Quest_Android
79.858,17.527,18081,Oculus Quest_Android
79.868,10.158,18083,Oculus Quest_Android
79.881,13.215,18086,Oculus Quest_Android
79.895,13.600,18089,Oculus Quest_Android
79.909,13.747,18093,Oculus Quest_Android
79.923,14.462,18096,Oculus Quest_Android
79.936,13.465,18099,Oculus Quest_Android
79.951,14.273,18103,Oculus Quest_Android
79.965,13.901,18106,Oculus Quest_Android
79.978,13.506,18109,Oculus Quest_Android
79.993,14.438,18113,Oculus Quest_Android
80.006,13.415,18116,Oculus Quest_Android
80.021,14.487,18119,Oculus Quest_Android
80.034,13.353,18122,Oculus Quest_Android
80.048,14.181,18126,Oculus Quest_Android
80.062,13.818,18129,Oculus Quest_Android
80.076,13.691,18132,Oculus Quest_Android
80.090,14.267,18136,Oculus Quest_Android
80.103,13.359,18139,Oculus Quest_Android
80.118,14.467,18142,Oculus Quest_Android
80.131,13.561,18146,Oculus Quest_Android
80.146,14.234,18149,Oculus Quest_Android
80.159,13.894,18152,Oculus Quest_Android
80.173,13.817,18156,Oculus Quest_Android
80.187,14.148,18159,Oculus Quest_Android
80.201,13.600,18162,Oculus Quest_Android
80.215,13.961,18165,Oculus Quest_Android
80.228,13.404,18169,Oculus Quest_Android
80.242,13.939,18172,Oculus Quest_Android
80.256,14.212,18175,Oculus Quest_Android
80.270,13.499,18179,Oculus Quest_Android
80.285,14.365,18182,Oculus Quest_Android
80.298,13.596,18185,Oculus Quest_Android
80.313,14.482,18189,Oculus Quest_Android
80.326,13.840,18192,Oculus Quest_Android
80.339,13.170,18195,Oculus Quest_Android
80.354,14.448,18198,Oculus Quest_Android
80.367,13.292,18202,Oculus Quest_Android
80.382,14.576,18205,Oculus Quest_Android
80.395,13.452,18208,Oculus Quest_Android
80.409,13.800,18212,Oculus Quest_Android
80.423,14.084,18215,Oculus Quest_Android
80.437,13.406,18218,Oculus Quest_Android
80.451,14.575,18222,Oculus Quest_Android
80.465,14.059,18225,Oculus Quest_Android
80.479,13.646,18228,Oculus Quest_Android
80.493,14.031,18231,Oculus Quest_Android
80.506,13.487,18235,Oculus Quest_Android
80.521,14.425,18238,Oculus Quest_Android
80.534,13.447,18241,Oculus Quest_Android
80.548,13.948,18245,Oculus Quest_Android
80.562,13.641,18248,Oculus Quest_Android
80.576,13.913,18251,Oculus Quest_Android
80.590,14.528,18255,Oculus Quest_Android
80.604,13.517,18258,Oculus Quest_Android
80.618,14.445,18261,Oculus Quest_Android
80.631,13.068,18264,Oculus Quest_Android
80.646,14.095,18268,Oculus Quest_Android
80.659,13.935,18271,Oculus Quest_Android
80.673,13.767,18274,Oculus Quest_Android
80.687,14.250,18278,Oculus Quest_Android
80.701,13.551,18281,Oculus Quest_Android
80.715,14.272,18284,Oculus Quest_Android
80.729,13.797,18288,Oculus Quest_Android
80.742,13.358,18291,Oculus Quest_Android
80.756,14.302,18294,Oculus Quest_Android
80.770,13.813,18297,Oculus Quest_Android
80.785,14.180,18301,Oculus Quest_Android
80.798,13.693,18304,Oculus Quest_Android
80.812,13.857,18307,Oculus Quest_Android
80.826,14.010,18311,Oculus Quest_Android
80.840,13.549,18314,Oculus Quest_Android
80.854,14.197,18317,Oculus Quest_Android
80.867,13.419,18320,Oculus Quest_Android
80.882,14.319,18324,Oculus Quest_Android
80.895,13.642,18327,Oculus Quest_Android
80.909,13.740,18330,Oculus Quest_Android
80.923,14.556,18334,Oculus Quest_Android
80.937,13.643,18337,Oculus Quest_Android
80.951,13.767,18340,Oculus Quest_Android
80.964,13.695,18344,Oculus Quest_Android
80.980,14.516,18347,Oculus Quest_Android
80.993,13.993,18350,Oculus Quest_Android
81.007,13.492,18354,Oculus Quest_Android
81.020,13.760,18357,Oculus Quest_Android
81.034,13.719,18360,Oculus Quest_Android
81.048,14.064,18363,Oculus Quest_Android
81.062,13.715,18367,Oculus Quest_Android
81.076,13.724,18370,Oculus Quest_Android
81.090,14.250,18373,Oculus Quest_Android
81.104,13.613,18377,Oculus Quest_Android
81.117,14.038,18380,Oculus Quest_Android
81.131,13.683,18383,Oculus Quest_Android
81.145,14.121,18387,Oculus Quest_Android
81.159,14.024,18390,Oculus Quest_Android
81.173,13.623,18393,Oculus Quest_Android
81.187,14.375,18397,Oculus Quest_Android
81.201,13.355,18400,Oculus Quest_Android
81.215,14.019,18403,Oculus Quest_Android
81.229,13.970,18406,Oculus Quest_Android
81.243,13.926,18410,Oculus Quest_Android
81.257,14.721,18413,Oculus Quest_Android
81.271,13.351,18416,Oculus Quest_Android
81.284,13.785,18420,Oculus Quest_Android
81.298,13.439,18423,Oculus Quest_Android
81.312,14.056,18426,Oculus Quest_Android
81.326,14.264,18430,Oculus Quest_Android
81.340,13.575,18433,Oculus Quest_Android
81.354,14.282,18436,Oculus Quest_Android
81.368,13.457,18439,Oculus Quest_Android
81.382,14.043,18443,Oculus Quest_Android
81.395,13.773,18446,Oculus Quest_Android
81.408,13.610,18449,Oculus Quest_Android
81.423,14.151,18453,Oculus Quest_Android
81.437,13.899,18456,Oculus Quest_Android
81.451,14.406,18459,Oculus Quest_Android
81.465,13.493,18462,Oculus Quest_Android
81.478,13.641,18466,Oculus Quest_Android
81.493,14.293,18469,Oculus Quest_Android
81.506,13.698,18472,Oculus Quest_Android
81.521,14.454,18476,Oculus Quest_Android
81.534,13.370,18479,Oculus Quest_Android
81.548,14.036,18482,Oculus Quest_Android
81.562,13.777,18486,Oculus Quest_Android
81.576,13.888,18489,Oculus Quest_Android
81.590,14.351,18492,Oculus Quest_Android
81.604,13.489,18496,Oculus Quest_Android
81.618,14.304,18499,Oculus Quest_Android
81.631,13.394,18502,Oculus Quest_Android
81.645,13.954,18505,Oculus Quest_Android
81.659,14.177,18509,Oculus Quest_Android
81.673,13.585,18512,Oculus Quest_Android
81.687,14.147,18515,Oculus Quest_Android
81.701,13.710,18519,Oculus Quest_Android
81.715,14.081,18522,Oculus Quest_Android
81.729,13.979,18525,Oculus Quest_Android
81.743,13.555,18529,Oculus Quest_Android
81.756,14.199,18532,Oculus Quest_Android
81.770,13.737,18535,Oculus Quest_Android
81.785,14.073,18538,Oculus Quest_Android
81.798,13.552,18542,Oculus Quest_Android
81.812,13.912,18545,Oculus Quest_Android
81.826,14.252,18548,Oculus Quest_Android
81.840,13.663,18552,Oculus Quest_Android
81.854,14.002,18555,Oculus Quest_Android
81.868,13.710,18558,Oculus Quest_Android
81.882,13.990,18562,Oculus Quest_Android
81.895,13.573,18565,Oculus Quest_Android
81.909,13.845,18568,Oculus Quest_Android
81.924,14.401,18572,Oculus Quest_Android
81.937,13.553,18575,Oculus Quest_Android
81.951,14.041,18578,Oculus Quest_Android
81.965,13.568,18581,Oculus Quest_Android
81.979,13.969,18585,Oculus Quest_Android
81.993,14.246,18588,Oculus Quest_Android
82.007,13.740,18591,Oculus Quest_Android
82.021,14.187,18595,Oculus Quest_Android
82.034,13.452,18598,Oculus Quest_Android
82.048,14.244,18601,Oculus Quest_Android
82.062,13.790,18604,Oculus Quest_Android
82.076,13.683,18608,Oculus Quest_Android
82.090,14.401,18611,Oculus Quest_Android
82.104,13.709,18614,Oculus Quest_Android
82.118,13.968,18618,Oculus Quest_Android
82.132,13.591,18621,Oculus Quest_Android
82.146,13.745,18624,Oculus Quest_Android
82.159,14.096,18628,Oculus Quest_Android
82.173,13.713,18631,Oculus Quest_Android
82.188,14.248,18634,Oculus Quest_Android
82.201,13.451,18637,Oculus Quest_Android
82.215,13.930,18641,Oculus Quest_Android
82.229,13.705,18644,Oculus Quest_Android
82.243,13.886,18647,Oculus Quest_Android
82.257,14.390,18651,Oculus Quest_Android
82.270,13.243,18654,Oculus Quest_Android
82.285,14.381,18657,Oculus Quest_Android
82.298,13.492,18660,Oculus Quest_Android
82.312,13.829,18664,Oculus Quest_Android
82.326,14.264,18667,Oculus Quest_Android
82.340,14.152,18671,Oculus Quest_Android
82.354,13.680,18674,Oculus Quest_Android
82.367,13.449,18677,Oculus Quest_Android
82.382,14.590,18680,Oculus Quest_Android
82.395,13.522,18684,Oculus Quest_Android
82.409,13.476,18687,Oculus Quest_Android
82.423,14.100,18690,Oculus Quest_Android
82.437,13.643,18693,Oculus Quest_Android
82.451,14.183,18697,Oculus Quest_Android
82.464,13.671,18700,Oculus Quest_Android
82.478,13.743,18703,Oculus Quest_Android
82.493,14.635,18707,Oculus Quest_Android
82.506,13.240,18710,Oculus Quest_Android
82.520,14.229,18713,Oculus Quest_Android
82.534,13.546,18717,Oculus Quest_Android
82.548,14.232,18720,Oculus Quest_Android
82.562,13.580,18723,Oculus Quest_Android
82.576,13.850,18726,Oculus Quest_Android
82.590,14.393,18730,Oculus Quest_Android
82.603,13.383,18733,Oculus Quest_Android
82.618,14.131,18736,Oculus Quest_Android
82.631,13.681,18740,Oculus Quest_Android
82.646,13.927,18743,Oculus Quest_Android
82.659,14.252,18746,Oculus Quest_Android
82.673,13.552,18750,Oculus Quest_Android
82.687,14.160,18753,Oculus Quest_Android
82.701,13.824,18756,Oculus Quest_Android
82.715,14.043,18760,Oculus Quest_Android
82.729,13.795,18763,Oculus Quest_Android
82.743,13.660,18766,Oculus Quest_Android
82.757,14.111,18769,Oculus Quest_Android
82.770,13.532,18773,Oculus Quest_Android
82.785,14.196,18776,Oculus Quest_Android
82.798,13.623,18779,Oculus Quest_Android
82.812,13.812,18783,Oculus Quest_Android
82.826,14.099,18786,Oculus Quest_Android
82.839,13.710,18789,Oculus Quest_Android
82.854,14.328,18793,Oculus Quest_Android
82.867,13.547,18796,Oculus Quest_Android
82.882,14.090,18799,Oculus Quest_Android
82.895,13.735,18802,Oculus Quest_Android
82.909,13.994,18806,Oculus Quest_Android
82.923,14.160,18809,Oculus Quest_Android
82.937,13.606,18812,Oculus Quest_Android
82.951,13.945,18816,Oculus Quest_Android
82.965,13.646,18819,Oculus Quest_Android
82.979,13.969,18822,Oculus Quest_Android
82.993,14.216,18826,Oculus Quest_Android
83.006,13.461,18829,Oculus Quest_Android
83.021,14.370,18832,Oculus Quest_Android
83.034,13.622,18835,Oculus Quest_Android
83.049,14.363,18839,Oculus Quest_Android
83.062,13.672,18842,Oculus Quest_Android
83.076,13.438,18845,Oculus Quest_Android
83.090,14.002,18849,Oculus Quest_Android
83.103,13.675,18852,Oculus Quest_Android
83.118,14.503,18855,Oculus Quest_Android
83.131,13.449,18859,Oculus Quest_Android
83.145,13.799,18862,Oculus Quest_Android
83.159,14.130,18865,Oculus Quest_Android
83.172,13.513,18869,Oculus Quest_Android
83.188,14.736,18872,Oculus Quest_Android
83.201,13.413,18875,Oculus Quest_Android
83.215,14.103,18879,Oculus Quest_Android
83.229,13.623,18882,Oculus Quest_Android
83.243,13.843,18885,Oculus Quest_Android
83.257,14.429,18889,Oculus Quest_Android
83.271,13.709,18892,Oculus Quest_Android
83.284,13.857,18895,Oculus Quest_Android
83.298,13.597,18899,Oculus Quest_Android
83.312,13.689,18902,Oculus Quest_Android
83.326,14.795,18905,Oculus Quest_Android
83.339,13.180,18909,Oculus Quest_Android
83.354,14.481,18912,Oculus Quest_Android
83.367,13.159,18915,Oculus Quest_Android
83.382,14.427,18919,Oculus Quest_Android
83.396,13.758,18922,Oculus Quest_Android
83.409,13.956,18925,Oculus Quest_Android
83.423,13.830,18929,Oculus Quest_Android
83.437,13.458,18932,Oculus Quest_Android
83.451,14.316,18935,Oculus Quest_Android
83.465,13.939,18939,Oculus Quest_Android
83.479,13.516,18942,Oculus Quest_Android
83.493,14.076,18945,Oculus Quest_Android
83.506,13.469,18949,Oculus Quest_Android
83.521,14.420,18952,Oculus Quest_Android
83.534,14.076,18955,Oculus Quest_Android
83.548,13.732,18959,Oculus Quest_Android
83.562,13.380,18962,Oculus Quest_Android
83.576,14.043,18965,Oculus Quest_Android
83.590,14.279,18969,Oculus Quest_Android
83.604,13.539,18972,Oculus Quest_Android
83.618,14.160,18975,Oculus Quest_Android
83.631,13.667,18979,Oculus Quest_Android
83.645,13.896,18982,Oculus Quest_Android
83.660,14.224,18985,Oculus Quest_Android
83.673,13.528,18989,Oculus Quest_Android
83.687,14.106,18992,Oculus Quest_Android
83.700,13.464,18995,Oculus Quest_Android
83.715,14.280,18999,Oculus Quest_Android
83.729,13.700,19002,Oculus Quest_Android
83.743,14.009,19005,Oculus Quest_Android
83.756,13.763,19009,Oculus Quest_Android
83.770,13.870,19012,Oculus Quest_Android
83.785,14.470,19015,Oculus Quest_Android
83.798,13.674,19019,Oculus Quest_Android
83.813,13.876,19022,Oculus Quest_Android
83.826,13.863,19025,Oculus Quest_Android
83.840,13.646,19029,Oculus Quest_Android
83.853,13.864,19032,Oculus Quest_Android
83.867,13.419,19035,Oculus Quest_Android
83.881,14.193,19039,Oculus Quest_Android
83.895,13.600,19042,Oculus Quest_Android
83.909,14.411,19045,Oculus Quest_Android
83.923,13.704,19049,Oculus Quest_Android
83.936,13.703,19052,Oculus Quest_Android
83.951,14.361,19055,Oculus Quest_Android
83.965,13.720,19059,Oculus Quest_Android
83.980,14.682,19062,Oculus Quest_Android
83.993,13.304,19065,Oculus Quest_Android
84.006,13.730,19069,Oculus Quest_Android
84.020,14.010,19072,Oculus Quest_Android
84.034,13.323,19075,Oculus Quest_Android
84.048,14.330,19079,Oculus Quest_Android
84.062,13.953,19082,Oculus Quest_Android
84.076,13.719,19085,Oculus Quest_Android
84.090,14.084,19089,Oculus Quest_Android
84.103,13.681,19092,Oculus Quest_Android
84.117,13.866,19095,Oculus Quest_Android
84.131,13.796,19099,Oculus Quest_Android
84.145,14.010,19102,Oculus Quest_Android
84.159,14.254,19105,Oculus Quest_Android
84.173,13.500,19109,Oculus Quest_Android
84.187,14.139,19112,Oculus Quest_Android
84.201,13.877,19115,Oculus Quest_Android
84.215,13.917,19119,Oculus Quest_Android
84.228,13.618,19122,Oculus Quest_Android
84.242,13.833,19125,Oculus Quest_Android
84.257,14.347,19129,Oculus Quest_Android
84.270,13.879,19132,Oculus Quest_Android
84.284,13.770,19135,Oculus Quest_Android
84.298,13.659,19139,Oculus Quest_Android
84.312,14.023,19142,Oculus Quest_Android
84.326,14.228,19145,Oculus Quest_Android
84.340,13.785,19149,Oculus Quest_Android
84.353,13.771,19152,Oculus Quest_Android
84.367,13.754,19155,Oculus Quest_Android
84.382,14.077,19159,Oculus Quest_Android
84.395,13.878,19162,Oculus Quest_Android
84.409,13.764,19165,Oculus Quest_Android
84.423,14.173,19169,Oculus Quest_Android
84.437,13.622,19172,Oculus Quest_Android
84.451,13.803,19175,Oculus Quest_Android
84.465,13.966,19179,Oculus Quest_Android
84.478,13.734,19182,Oculus Quest_Android
84.493,14.084,19185,Oculus Quest_Android
84.506,13.621,19189,Oculus Quest_Android
84.520,14.335,19192,Oculus Quest_Android
84.534,13.587,19195,Oculus Quest_Android
84.548,14.100,19199,Oculus Quest_Android
84.561,13.409,19202,Oculus Quest_Android
84.576,14.251,19205,Oculus Quest_Android
84.590,14.387,19209,Oculus Quest_Android
84.604,13.169,19212,Oculus Quest_Android
84.617,13.847,19215,Oculus Quest_Android
84.631,13.796,19219,Oculus Quest_Android
84.645,14.024,19222,Oculus Quest_Android
84.659,14.217,19225,Oculus Quest_Android
84.673,13.577,19229,Oculus Quest_Android
84.687,14.178,19232,Oculus Quest_Android
84.701,13.607,19235,Oculus Quest_Android
84.715,13.860,19239,Oculus Quest_Android
84.729,13.902,19242,Oculus Quest_Android
84.743,14.147,19245,Oculus Quest_Android
84.757,14.172,19249,Oculus Quest_Android
84.770,13.394,19252,Oculus Quest_Android
84.784,14.453,19255,Oculus Quest_Android
84.798,13.353,19259,Oculus Quest_Android
84.812,13.899,19262,Oculus Quest_Android
84.826,13.918,19265,Oculus Quest_Android
84.840,13.793,19269,Oculus Quest_Android
84.854,13.992,19272,Oculus Quest_Android
84.867,13.719,19275,Oculus Quest_Android
84.882,14.367,19279,Oculus Quest_Android
84.896,13.879,19282,Oculus Quest_Android
84.909,13.458,19285,Oculus Quest_Android
84.924,14.619,19289,Oculus Quest_Android
84.937,13.288,19292,Oculus Quest_Android
84.951,14.089,19295,Oculus Quest_Android
84.965,13.350,19299,Oculus Quest_Android
84.979,13.917,19302,Oculus Quest_Android
84.993,14.390,19305,Oculus Quest_Android
85.006,13.387,19309,Oculus Quest_Android
85.020,14.184,19312,Oculus Quest_Android
85.034,13.573,19315,Oculus Quest_Android
85.048,14.028,19319,Oculus Quest_Android
85.062,13.765,19322,Oculus Quest_Android
85.076,13.865,19325,Oculus Quest_Android
85.089,13.801,19329,Oculus Quest_Android
85.103,13.573,19332,Oculus Quest_Android
85.119,15.419,19336,Oculus Quest_Android
85.132,12.997,19339,Oculus Quest_Android
85.144,13.329,19342,Oculus Quest_Android
85.158,13.734,19345,Oculus Quest_Android
85.172,13.720,19348,Oculus Quest_Android
85.186,14.271,19352,Oculus Quest_Android
85.200,13.999,19355,Oculus Quest_Android
85.214,13.976,19359,Oculus Quest_Android
85.230,13.763,19362,Oculus Quest_Android
85.242,13.968,19365,Oculus Quest_Android
85.256,13.998,19369,Oculus Quest_Android
85.270,13.749,19372,Oculus Quest_Android
85.284,14.009,19375,Oculus Quest_Android
85.297,13.958,19379,Oculus Quest_Android
85.312,13.932,19382,Oculus Quest_Android
85.326,14.226,19385,Oculus Quest_Android
85.339,13.498,19389,Oculus Quest_Android
85.354,14.240,19392,Oculus Quest_Android
85.367,13.495,19395,Oculus Quest_Android
85.381,14.605,19399,Oculus Quest_Android
85.395,13.623,19402,Oculus Quest_Android
85.409,13.587,19405,Oculus Quest_Android
85.423,14.096,19409,Oculus Quest_Android
85.437,13.769,19412,Oculus Quest_Android
85.451,13.953,19415,Oculus Quest_Android
85.464,13.807,19419,Oculus Quest_Android
85.478,14.015,19422,Oculus Quest_Android
85.493,14.618,19425,Oculus Quest_Android
85.507,13.546,19429,Oculus Quest_Android
85.521,14.247,19432,Oculus Quest_Android
85.534,13.080,19435,Oculus Quest_Android
85.549,14.283,19439,Oculus Quest_Android
85.562,13.405,19442,Oculus Quest_Android
85.575,13.727,19445,Oculus Quest_Android
85.590,14.550,19449,Oculus Quest_Android
85.603,13.255,19452,Oculus Quest_Android
85.618,14.399,19455,Oculus Quest_Android
85.631,13.319,19459,Oculus Quest_Android
85.645,13.990,19462,Oculus Quest_Android
85.659,13.980,19465,Oculus Quest_Android
85.673,13.614,19469,Oculus Quest_Android
85.687,14.391,19472,Oculus Quest_Android
85.700,13.408,19475,Oculus Quest_Android
85.715,14.357,19479,Oculus Quest_Android
85.729,13.687,19482,Oculus Quest_Android
85.742,13.498,19485,Oculus Quest_Android
85.756,14.215,19489,Oculus Quest_Android
85.770,13.526,19492,Oculus Quest_Android
85.784,14.329,19495,Oculus Quest_Android
85.798,13.636,19499,Oculus Quest_Android
85.812,13.910,19502,Oculus Quest_Android
85.826,14.204,19505,Oculus Quest_Android
85.840,13.687,19509,Oculus Quest_Android
85.854,14.226,19512,Oculus Quest_Android
85.867,13.327,19515,Oculus Quest_Android
85.881,13.818,19519,Oculus Quest_Android
85.894,13.777,19522,Oculus Quest_Android
85.909,13.844,19525,Oculus Quest_Android
85.923,14.349,19529,Oculus Quest_Android
85.936,13.455,19532,Oculus Quest_Android
85.951,14.138,19535,Oculus Quest_Android
85.964,13.637,19538,Oculus Quest_Android
85.978,13.934,19542,Oculus Quest_Android
85.992,14.310,19545,Oculus Quest_Android
86.006,13.492,19549,Oculus Quest_Android
86.020,14.363,19552,Oculus Quest_Android
86.034,13.648,19555,Oculus Quest_Android
86.048,14.134,19559,Oculus Quest_Android
86.062,13.707,19562,Oculus Quest_Android
86.077,14.766,19565,Oculus Quest_Android
86.089,13.057,19569,Oculus Quest_Android
86.103,13.323,19572,Oculus Quest_Android
86.117,13.967,19575,Oculus Quest_Android
86.130,13.836,19579,Oculus Quest_Android
86.144,13.697,19582,Oculus Quest_Android
86.158,14.185,19585,Oculus Quest_Android
86.172,13.622,19589,Oculus Quest_Android
86.187,14.677,19592,Oculus Quest_Android
86.200,13.385,19595,Oculus Quest_Android
86.214,14.215,19599,Oculus Quest_Android
86.228,13.711,19602,Oculus Quest_Android
86.242,13.921,19606,Oculus Quest_Android
86.256,13.991,19609,Oculus Quest_Android
86.269,13.506,19612,Oculus Quest_Android
86.283,14.083,19616,Oculus Quest_Android
86.297,13.685,19619,Oculus Quest_Android
86.311,13.980,19622,Oculus Quest_Android
86.326,14.546,19626,Oculus Quest_Android
86.339,13.419,19629,Oculus Quest_Android
86.353,14.307,19633,Oculus Quest_Android
86.367,13.433,19636,Oculus Quest_Android
86.381,14.342,19639,Oculus Quest_Android
86.395,13.945,19643,Oculus Quest_Android
86.409,13.372,19646,Oculus Quest_Android
86.423,14.176,19649,Oculus Quest_Android
86.437,13.626,19653,Oculus Quest_Android
86.451,14.524,19656,Oculus Quest_Android
86.465,13.616,19660,Oculus Quest_Android
86.478,13.738,19663,Oculus Quest_Android
86.492,13.954,19666,Oculus Quest_Android
86.506,13.629,19670,Oculus Quest_Android
86.521,15.323,19673,Oculus Quest_Android
86.534,12.506,19676,Oculus Quest_Android
86.548,14.074,19680,Oculus Quest_Android
86.561,13.714,19683,Oculus Quest_Android
86.575,13.800,19686,Oculus Quest_Android
86.590,14.188,19690,Oculus Quest_Android
86.603,13.696,19693,Oculus Quest_Android
86.617,14.297,19697,Oculus Quest_Android
86.631,13.688,19700,Oculus Quest_Android
86.645,13.891,19703,Oculus Quest_Android
86.659,14.353,19707,Oculus Quest_Android
86.673,13.349,19710,Oculus Quest_Android
86.687,14.252,19713,Oculus Quest_Android
86.700,13.577,19717,Oculus Quest_Android
86.715,14.157,19720,Oculus Quest_Android
86.729,13.908,19724,Oculus Quest_Android
86.742,13.585,19727,Oculus Quest_Android
86.756,14.028,19730,Oculus Quest_Android
86.770,13.723,19734,Oculus Quest_Android
86.785,14.303,19737,Oculus Quest_Android
86.798,13.695,19740,Oculus Quest_Android
86.812,14.027,19744,Oculus Quest_Android
86.826,14.051,19747,Oculus Quest_Android
86.840,13.502,19750,Oculus Quest_Android
86.854,14.252,19754,Oculus Quest_Android
86.868,13.653,19757,Oculus Quest_Android
86.882,13.871,19761,Oculus Quest_Android
86.895,13.601,19764,Oculus Quest_Android
86.909,13.900,19767,Oculus Quest_Android
86.924,14.475,19771,Oculus Quest_Android
86.937,13.414,19774,Oculus Quest_Android
86.951,14.238,19777,Oculus Quest_Android
86.965,13.547,19781,Oculus Quest_Android
86.978,13.917,19784,Oculus Quest_Android
86.993,14.310,19788,Oculus Quest_Android
87.006,13.411,19791,Oculus Quest_Android
87.020,14.145,19794,Oculus Quest_Android
87.034,13.546,19798,Oculus Quest_Android
87.049,14.414,19801,Oculus Quest_Android
87.062,13.681,19804,Oculus Quest_Android
87.076,13.882,19808,Oculus Quest_Android
87.090,14.069,19811,Oculus Quest_Android
87.103,13.468,19814,Oculus Quest_Android
87.118,14.124,19818,Oculus Quest_Android
87.132,14.071,19821,Oculus Quest_Android
87.145,13.677,19825,Oculus Quest_Android
87.159,14.176,19828,Oculus Quest_Android
87.173,13.551,19831,Oculus Quest_Android
87.188,14.408,19835,Oculus Quest_Android
87.200,13.196,19838,Oculus Quest_Android
87.215,14.192,19841,Oculus Quest_Android
87.229,13.730,19845,Oculus Quest_Android
87.242,13.667,19848,Oculus Quest_Android
87.256,14.237,19852,Oculus Quest_Android
87.270,13.575,19855,Oculus Quest_Android
87.285,14.635,19858,Oculus Quest_Android
87.298,13.166,19862,Oculus Quest_Android
87.312,13.914,19865,Oculus Quest_Android
87.326,14.094,19868,Oculus Quest_Android
87.340,13.714,19872,Oculus Quest_Android
87.354,14.276,19875,Oculus Quest_Android
87.367,13.409,19878,Oculus Quest_Android
87.382,14.443,19882,Oculus Quest_Android
87.395,13.723,19885,Oculus Quest_Android
87.408,13.432,19888,Oculus Quest_Android
87.423,14.265,19892,Oculus Quest_Android
87.437,13.869,19895,Oculus Quest_Android
87.452,14.427,19899,Oculus Quest_Android
87.465,13.519,19902,Oculus Quest_Android
87.479,13.792,19905,Oculus Quest_Android
87.494,14.688,19909,Oculus Quest_Android
87.507,13.436,19912,Oculus Quest_Android
87.521,14.065,19916,Oculus Quest_Android
87.534,13.190,19919,Oculus Quest_Android
87.549,14.216,19922,Oculus Quest_Android
87.561,13.405,19926,Oculus Quest_Android
87.576,13.755,19929,Oculus Quest_Android
87.590,14.436,19932,Oculus Quest_Android
87.604,13.442,19936,Oculus Quest_Android
87.617,14.146,19939,Oculus Quest_Android
87.631,13.537,19942,Oculus Quest_Android
87.646,14.106,19946,Oculus Quest_Android
87.659,14.126,19949,Oculus Quest_Android
87.673,13.483,19952,Oculus Quest_Android
87.687,14.602,19956,Oculus Quest_Android
87.701,13.423,19959,Oculus Quest_Android
87.715,14.118,19963,Oculus Quest_Android
87.729,13.732,19966,Oculus Quest_Android
87.743,13.827,19969,Oculus Quest_Android
87.756,14.105,19973,Oculus Quest_Android
87.770,13.328,19976,Oculus Quest_Android
87.785,14.838,19980,Oculus Quest_Android
87.798,13.523,19983,Oculus Quest_Android
87.812,13.467,19986,Oculus Quest_Android
87.826,14.319,19990,Oculus Quest_Android
87.840,13.619,19993,Oculus Quest_Android
87.855,14.551,19996,Oculus Quest_Android
87.868,13.230,20000,Oculus Quest_Android
87.881,13.964,20003,Oculus Quest_Android
87.895,13.722,20006,Oculus Quest_Android
87.909,14.106,20010,Oculus Quest_Android
87.923,13.951,20013,Oculus Quest_Android
87.937,13.546,20016,Oculus Quest_Android
87.951,14.139,20020,Oculus Quest_Android
87.965,13.755,20023,Oculus Quest_Android
87.978,13.801,20027,Oculus Quest_Android
87.993,14.250,20030,Oculus Quest_Android
88.006,13.477,20033,Oculus Quest_Android
88.020,14.286,20037,Oculus Quest_Android
88.034,13.617,20040,Oculus Quest_Android
88.049,14.315,20043,Oculus Quest_Android
88.062,13.657,20047,Oculus Quest_Android
88.076,13.590,20050,Oculus Quest_Android
88.090,14.298,20054,Oculus Quest_Android
88.103,13.319,20057,Oculus Quest_Android
88.118,14.770,20060,Oculus Quest_Android
88.131,13.164,20064,Oculus Quest_Android
88.145,13.800,20067,Oculus Quest_Android
88.159,14.204,20070,Oculus Quest_Android
88.173,13.475,20074,Oculus Quest_Android
88.187,14.402,20077,Oculus Quest_Android
88.200,13.488,20080,Oculus Quest_Android
88.215,14.247,20084,Oculus Quest_Android
88.229,13.820,20087,Oculus Quest_Android
88.243,13.784,20091,Oculus Quest_Android
88.256,14.069,20094,Oculus Quest_Android
88.270,13.517,20097,Oculus Quest_Android
88.284,14.338,20101,Oculus Quest_Android
88.298,13.443,20104,Oculus Quest_Android
88.312,14.086,20107,Oculus Quest_Android
88.327,14.556,20111,Oculus Quest_Android
88.340,13.204,20114,Oculus Quest_Android
88.354,14.344,20118,Oculus Quest_Android
88.368,13.491,20121,Oculus Quest_Android
88.382,14.298,20124,Oculus Quest_Android
88.395,13.529,20128,Oculus Quest_Android
88.409,13.689,20131,Oculus Quest_Android
88.423,14.093,20134,Oculus Quest_Android
88.437,13.647,20138,Oculus Quest_Android
88.452,14.378,20141,Oculus Quest_Android
88.465,13.546,20144,Oculus Quest_Android
88.479,13.971,20148,Oculus Quest_Android
88.492,14.067,20151,Oculus Quest_Android
88.506,13.479,20154,Oculus Quest_Android
88.521,14.840,20158,Oculus Quest_Android
88.535,13.405,20161,Oculus Quest_Android
88.549,13.791,20165,Oculus Quest_Android
88.561,13.364,20168,Oculus Quest_Android
88.576,14.080,20171,Oculus Quest_Android
88.590,14.572,20175,Oculus Quest_Android
88.604,13.471,20178,Oculus Quest_Android
88.618,14.024,20182,Oculus Quest_Android
88.631,13.677,20185,Oculus Quest_Android
88.645,13.781,20188,Oculus Quest_Android
88.659,14.111,20192,Oculus Quest_Android
88.673,13.528,20195,Oculus Quest_Android
88.687,14.325,20198,Oculus Quest_Android
88.700,13.465,20202,Oculus Quest_Android
88.715,14.118,20205,Oculus Quest_Android
88.729,13.708,20208,Oculus Quest_Android
88.742,13.870,20212,Oculus Quest_Android
88.756,14.247,20215,Oculus Quest_Android
88.769,13.244,20218,Oculus Quest_Android
88.785,14.852,20222,Oculus Quest_Android
88.798,13.691,20225,Oculus Quest_Android
88.812,13.308,20229,Oculus Quest_Android
88.826,14.307,20232,Oculus Quest_Android
88.839,13.377,20235,Oculus Quest_Android
88.854,14.554,20239,Oculus Quest_Android
88.867,13.317,20242,Oculus Quest_Android
88.881,14.016,20245,Oculus Quest_Android
88.895,13.993,20249,Oculus Quest_Android
88.909,13.801,20252,Oculus Quest_Android
88.923,14.431,20256,Oculus Quest_Android
88.937,13.330,20259,Oculus Quest_Android
88.952,14.334,20262,Oculus Quest_Android
88.965,13.736,20266,Oculus Quest_Android
88.979,13.850,20269,Oculus Quest_Android
88.993,14.323,20272,Oculus Quest_Android
89.006,13.022,20276,Oculus Quest_Android
89.021,14.478,20279,Oculus Quest_Android
89.034,13.578,20282,Oculus Quest_Android
89.048,14.094,20286,Oculus Quest_Android
89.062,13.876,20289,Oculus Quest_Android
89.076,13.492,20293,Oculus Quest_Android
89.090,14.341,20296,Oculus Quest_Android
89.103,13.368,20299,Oculus Quest_Android
89.118,14.708,20303,Oculus Quest_Android
89.132,13.648,20306,Oculus Quest_Android
89.145,13.668,20309,Oculus Quest_Android
89.160,14.284,20313,Oculus Quest_Android
89.173,13.338,20316,Oculus Quest_Android
89.187,14.285,20319,Oculus Quest_Android
89.200,13.397,20323,Oculus Quest_Android
89.215,14.184,20326,Oculus Quest_Android
89.229,13.726,20329,Oculus Quest_Android
89.243,13.897,20333,Oculus Quest_Android
89.257,14.446,20336,Oculus Quest_Android
89.270,13.443,20339,Oculus Quest_Android
89.284,13.945,20343,Oculus Quest_Android
89.297,13.468,20346,Oculus Quest_Android
89.312,13.948,20349,Oculus Quest_Android
89.326,14.310,20353,Oculus Quest_Android
89.340,13.640,20356,Oculus Quest_Android
89.354,14.133,20359,Oculus Quest_Android
89.367,13.472,20362,Oculus Quest_Android
89.381,14.314,20366,Oculus Quest_Android
89.395,13.738,20369,Oculus Quest_Android
89.409,13.449,20372,Oculus Quest_Android
89.422,14.043,20376,Oculus Quest_Android
89.437,14.002,20379,Oculus Quest_Android
89.451,14.269,20383,Oculus Quest_Android
89.464,13.398,20386,Oculus Quest_Android
89.479,14.229,20389,Oculus Quest_Android
89.493,13.965,20393,Oculus Quest_Android
89.506,13.309,20396,Oculus Quest_Android
89.521,14.568,20399,Oculus Quest_Android
89.533,13.339,20402,Oculus Quest_Android
89.548,14.269,20406,Oculus Quest_Android
89.562,13.606,20409,Oculus Quest_Android
89.576,13.931,20413,Oculus Quest_Android
89.590,14.097,20416,Oculus Quest_Android
89.603,13.333,20419,Oculus Quest_Android
89.618,14.749,20423,Oculus Quest_Android
89.631,13.266,20426,Oculus Quest_Android
89.645,13.730,20429,Oculus Quest_Android
89.659,14.419,20433,Oculus Quest_Android
89.672,13.352,20436,Oculus Quest_Android
89.686,14.175,20439,Oculus Quest_Android
89.700,13.381,20442,Oculus Quest_Android
89.715,14.478,20446,Oculus Quest_Android
89.729,13.768,20449,Oculus Quest_Android
89.742,13.591,20452,Oculus Quest_Android
89.756,14.145,20456,Oculus Quest_Android
89.770,13.728,20459,Oculus Quest_Android
89.785,14.741,20463,Oculus Quest_Android
89.798,13.202,20466,Oculus Quest_Android
89.812,13.877,20469,Oculus Quest_Android
89.826,14.033,20473,Oculus Quest_Android
89.839,13.368,20476,Oculus Quest_Android
89.854,14.660,20479,Oculus Quest_Android
89.867,13.283,20482,Oculus Quest_Android
89.881,14.099,20486,Oculus Quest_Android
89.894,13.704,20489,Oculus Quest_Android
89.908,13.925,20492,Oculus Quest_Android
89.923,14.182,20496,Oculus Quest_Android
89.937,13.800,20499,Oculus Quest_Android
89.951,13.905,20503,Oculus Quest_Android
89.964,13.638,20506,Oculus Quest_Android
89.978,13.946,20509,Oculus Quest_Android
89.993,14.698,20513,Oculus Quest_Android
90.006,13.045,20516,Oculus Quest_Android
90.020,14.149,20519,Oculus Quest_Android
90.034,13.981,20523,Oculus Quest_Android
90.048,13.960,20526,Oculus Quest_Android
90.062,13.872,20529,Oculus Quest_Android
90.075,13.517,20532,Oculus Quest_Android
90.089,14.071,20536,Oculus Quest_Android
90.103,13.937,20539,Oculus Quest_Android
90.118,14.249,20543,Oculus Quest_Android
90.131,13.409,20546,Oculus Quest_Android
90.144,13.699,20549,Oculus Quest_Android
90.159,14.058,20552,Oculus Quest_Android
90.173,13.822,20556,Oculus Quest_Android
90.187,14.552,20559,Oculus Quest_Android
90.200,13.407,20563,Oculus Quest_Android
90.215,14.026,20566,Oculus Quest_Android
90.229,13.720,20569,Oculus Quest_Android
90.242,13.612,20572,Oculus Quest_Android
90.256,14.476,20576,Oculus Quest_Android
90.270,13.606,20579,Oculus Quest_Android
90.284,14.192,20583,Oculus Quest_Android
90.298,13.500,20586,Oculus Quest_Android
90.312,13.780,20589,Oculus Quest_Android
90.326,14.437,20593,Oculus Quest_Android
90.339,13.291,20596,Oculus Quest_Android
90.357,17.766,20600,Oculus Quest_Android
90.367,10.234,20603,Oculus Quest_Android
90.382,14.390,20606,Oculus Quest_Android
90.395,13.499,20609,Oculus Quest_Android
90.409,13.814,20613,Oculus Quest_Android
90.423,13.984,20616,Oculus Quest_Android
90.437,13.653,20619,Oculus Quest_Android
90.451,14.187,20623,Oculus Quest_Android
90.464,13.654,20626,Oculus Quest_Android
90.478,13.832,20629,Oculus Quest_Android
90.492,14.334,20633,Oculus Quest_Android
90.506,13.361,20636,Oculus Quest_Android
90.521,14.319,20639,Oculus Quest_Android
90.534,13.475,20642,Oculus Quest_Android
90.549,14.466,20646,Oculus Quest_Android
90.562,13.330,20649,Oculus Quest_Android
90.576,14.013,20653,Oculus Quest_Android
90.590,14.294,20656,Oculus Quest_Android
90.603,13.522,20659,Oculus Quest_Android
90.618,14.153,20663,Oculus Quest_Android
90.631,13.659,20666,Oculus Quest_Android
90.645,13.867,20669,Oculus Quest_Android
90.660,14.328,20673,Oculus Quest_Android
90.673,13.418,20676,Oculus Quest_Android
90.687,14.175,20679,Oculus Quest_Android
90.701,13.526,20682,Oculus Quest_Android
90.715,14.321,20686,Oculus Quest_Android
90.728,13.815,20689,Oculus Quest_Android
90.742,13.664,20693,Oculus Quest_Android
90.756,14.001,20696,Oculus Quest_Android
90.770,13.471,20699,Oculus Quest_Android
90.785,14.534,20703,Oculus Quest_Android
90.798,13.592,20706,Oculus Quest_Android
90.811,13.547,20709,Oculus Quest_Android
90.826,14.678,20713,Oculus Quest_Android
90.839,13.083,20716,Oculus Quest_Android
90.854,14.907,20719,Oculus Quest_Android
90.867,13.136,20723,Oculus Quest_Android
90.881,14.020,20726,Oculus Quest_Android
90.895,13.651,20729,Oculus Quest_Android
90.909,13.727,20732,Oculus Quest_Android
90.923,14.507,20736,Oculus Quest_Android
90.936,13.283,20739,Oculus Quest_Android
90.951,14.310,20743,Oculus Quest_Android
90.964,13.859,20746,Oculus Quest_Android
90.978,13.883,20749,Oculus Quest_Android
90.993,14.304,20753,Oculus Quest_Android
91.006,13.286,20756,Oculus Quest_Android
91.020,14.229,20759,Oculus Quest_Android
91.034,13.631,20763,Oculus Quest_Android
91.049,14.346,20766,Oculus Quest_Android
91.062,13.599,20769,Oculus Quest_Android
91.075,13.491,20772,Oculus Quest_Android
91.090,14.423,20776,Oculus Quest_Android
91.103,13.565,20779,Oculus Quest_Android
91.118,14.489,20783,Oculus Quest_Android
91.131,13.354,20786,Oculus Quest_Android
91.145,13.949,20789,Oculus Quest_Android
91.160,14.442,20793,Oculus Quest_Android
91.173,13.067,20796,Oculus Quest_Android
91.186,13.822,20799,Oculus Quest_Android
91.199,13.518,20802,Oculus Quest_Android
91.214,14.146,20806,Oculus Quest_Android
91.228,13.949,20809,Oculus Quest_Android
91.242,13.866,20812,Oculus Quest_Android
91.256,14.470,20816,Oculus Quest_Android
91.270,13.555,20819,Oculus Quest_Android
91.284,13.870,20823,Oculus Quest_Android
91.297,13.782,20826,Oculus Quest_Android
91.311,13.929,20829,Oculus Quest_Android
91.326,14.151,20833,Oculus Quest_Android
91.339,13.625,20836,Oculus Quest_Android
91.353,14.263,20839,Oculus Quest_Android
91.367,13.505,20842,Oculus Quest_Android
91.381,14.545,20846,Oculus Quest_Android
91.395,13.844,20849,Oculus Quest_Android
91.409,13.643,20853,Oculus Quest_Android
91.423,13.931,20856,Oculus Quest_Android
91.436,13.729,20859,Oculus Quest_Android
91.451,14.017,20863,Oculus Quest_Android
91.464,14.003,20866,Oculus Quest_Android
91.478,13.598,20869,Oculus Quest_Android
91.492,14.263,20873,Oculus Quest_Android
91.506,13.516,20876,Oculus Quest_Android
91.520,14.350,20879,Oculus Quest_Android
91.534,13.435,20883,Oculus Quest_Android
91.548,14.056,20886,Oculus Quest_Android
91.561,13.789,20889,Oculus Quest_Android
91.575,13.926,20893,Oculus Quest_Android
91.590,14.373,20896,Oculus Quest_Android
91.603,13.508,20899,Oculus Quest_Android
91.617,13.798,20903,Oculus Quest_Android
91.631,13.776,20906,Oculus Quest_Android
91.645,14.057,20909,Oculus Quest_Android
91.659,14.390,20913,Oculus Quest_Android
91.673,13.368,20916,Oculus Quest_Android
91.687,14.108,20919,Oculus Quest_Android
91.700,13.523,20923,Oculus Quest_Android
91.714,14.114,20926,Oculus Quest_Android
91.728,13.921,20929,Oculus Quest_Android
91.742,13.598,20933,Oculus Quest_Android
91.756,14.389,20936,Oculus Quest_Android
91.770,13.507,20939,Oculus Quest_Android
91.784,14.065,20943,Oculus Quest_Android
91.798,14.172,20946,Oculus Quest_Android
91.812,13.614,20949,Oculus Quest_Android
91.826,14.081,20953,Oculus Quest_Android
91.839,13.561,20956,Oculus Quest_Android
91.854,14.417,20959,Oculus Quest_Android
91.867,13.341,20963,Oculus Quest_Android
91.882,14.013,20966,Oculus Quest_Android
91.895,13.803,20969,Oculus Quest_Android
91.909,14.030,20973,Oculus Quest_Android
91.923,14.156,20976,Oculus Quest_Android
91.936,13.450,20979,Oculus Quest_Android
91.950,14.102,20983,Oculus Quest_Android
91.964,13.554,20986,Oculus Quest_Android
91.978,13.944,20989,Oculus Quest_Android
91.993,14.546,20993,Oculus Quest_Android
92.006,13.336,20996,Oculus Quest_Android
92.020,14.092,20999,Oculus Quest_Android
92.034,13.603,21003,Oculus Quest_Android
92.048,14.397,21006,Oculus Quest_Android
92.062,13.938,21009,Oculus Quest_Android
92.075,13.434,21013,Oculus Quest_Android
92.090,14.249,21016,Oculus Quest_Android
92.103,13.555,21019,Oculus Quest_Android
92.118,14.144,21023,Oculus Quest_Android
92.131,13.661,21026,Oculus Quest_Android
92.145,13.864,21029,Oculus Quest_Android
92.159,14.092,21033,Oculus Quest_Android
92.173,13.582,21036,Oculus Quest_Android
92.187,14.450,21039,Oculus Quest_Android
92.200,13.409,21043,Oculus Quest_Android
92.215,14.110,21046,Oculus Quest_Android
92.228,13.674,21049,Oculus Quest_Android
92.242,13.871,21053,Oculus Quest_Android
92.257,14.498,21056,Oculus Quest_Android
92.270,13.541,21059,Oculus Quest_Android
92.284,13.757,21063,Oculus Quest_Android
92.298,13.814,21066,Oculus Quest_Android
92.312,13.758,21069,Oculus Quest_Android
92.326,14.265,21073,Oculus Quest_Android
92.339,13.538,21076,Oculus Quest_Android
92.354,14.230,21079,Oculus Quest_Android
92.367,13.407,21083,Oculus Quest_Android
92.382,14.543,21086,Oculus Quest_Android
92.396,13.758,21089,Oculus Quest_Android
92.409,13.613,21093,Oculus Quest_Android
92.423,13.876,21096,Oculus Quest_Android
92.437,14.000,21099,Oculus Quest_Android
92.452,14.275,21103,Oculus Quest_Android
92.465,13.739,21106,Oculus Quest_Android
92.479,13.703,21109,Oculus Quest_Android
92.493,14.409,21113,Oculus Quest_Android
92.506,13.121,21116,Oculus Quest_Android
92.521,14.750,21119,Oculus Quest_Android
92.534,13.091,21123,Oculus Quest_Android
92.549,14.148,21126,Oculus Quest_Android
92.562,13.567,21129,Oculus Quest_Android
92.576,13.862,21133,Oculus Quest_Android
92.590,14.345,21136,Oculus Quest_Android
92.604,13.488,21139,Oculus Quest_Android
92.618,14.444,21143,Oculus Quest_Android
92.631,13.234,21146,Oculus Quest_Android
92.645,13.925,21149,Oculus Quest_Android
92.659,14.230,21153,Oculus Quest_Android
92.673,13.372,21156,Oculus Quest_Android
92.688,14.901,21159,Oculus Quest_Android
92.701,13.213,21163,Oculus Quest_Android
92.715,13.696,21166,Oculus Quest_Android
92.729,13.964,21169,Oculus Quest_Android
92.742,13.347,21172,Oculus Quest_Android
92.757,14.446,21176,Oculus Quest_Android
92.770,13.825,21179,Oculus Quest_Android
92.785,14.155,21183,Oculus Quest_Android
92.798,13.762,21186,Oculus Quest_Android
92.812,13.423,21189,Oculus Quest_Android
92.825,14.131,21193,Oculus Quest_Android
92.839,13.517,21196,Oculus Quest_Android
92.854,14.914,21199,Oculus Quest_Android
92.867,12.856,21202,Oculus Quest_Android
92.881,13.981,21206,Oculus Quest_Android
92.895,13.943,21209,Oculus Quest_Android
92.909,14.045,21213,Oculus Quest_Android
92.923,14.145,21216,Oculus Quest_Android
92.936,13.202,21219,Oculus Quest_Android
92.951,14.416,21223,Oculus Quest_Android
92.964,13.727,21226,Oculus Quest_Android
92.979,14.004,21229,Oculus Quest_Android
92.993,14.055,21233,Oculus Quest_Android
93.006,13.254,21236,Oculus Quest_Android
93.020,14.369,21239,Oculus Quest_Android
93.034,13.660,21242,Oculus Quest_Android
93.048,14.283,21246,Oculus Quest_Android
93.062,13.837,21249,Oculus Quest_Android
93.075,13.466,21252,Oculus Quest_Android
93.089,13.866,21256,Oculus Quest_Android
93.103,13.565,21259,Oculus Quest_Android
93.117,14.705,21262,Oculus Quest_Android
93.131,13.551,21266,Oculus Quest_Android
93.145,13.674,21269,Oculus Quest_Android
93.159,14.119,21272,Oculus Quest_Android
93.172,13.407,21275,Oculus Quest_Android
93.187,14.700,21279,Oculus Quest_Android
93.200,13.194,21282,Oculus Quest_Android
93.215,14.385,21285,Oculus Quest_Android
93.228,13.535,21289,Oculus Quest_Android
93.242,13.744,21292,Oculus Quest_Android
93.256,14.488,21295,Oculus Quest_Android
93.270,13.725,21299,Oculus Quest_Android
93.284,13.925,21302,Oculus Quest_Android
93.297,13.624,21305,Oculus Quest_Android
93.311,13.890,21309,Oculus Quest_Android
93.326,14.648,21312,Oculus Quest_Android
93.339,13.010,21315,Oculus Quest_Android
93.353,14.365,21319,Oculus Quest_Android
93.367,13.279,21322,Oculus Quest_Android
93.381,14.559,21325,Oculus Quest_Android
93.395,13.664,21328,Oculus Quest_Android
93.409,13.604,21332,Oculus Quest_Android
93.423,14.117,21335,Oculus Quest_Android
93.436,13.669,21338,Oculus Quest_Android
93.451,14.470,21342,Oculus Quest_Android
93.464,13.342,21345,Oculus Quest_Android
93.478,13.661,21348,Oculus Quest_Android
93.493,14.537,21352,Oculus Quest_Android
93.506,13.514,21355,Oculus Quest_Android
93.520,14.280,21358,Oculus Quest_Android
93.534,13.747,21361,Oculus Quest_Android
93.547,13.712,21365,Oculus Quest_Android
93.561,13.634,21368,Oculus Quest_Android
93.575,13.871,21371,Oculus Quest_Android
93.589,14.319,21375,Oculus Quest_Android
93.603,13.592,21378,Oculus Quest_Android
93.617,14.167,21381,Oculus Quest_Android
93.631,14.010,21385,Oculus Quest_Android
93.645,13.691,21388,Oculus Quest_Android
93.659,14.063,21391,Oculus Quest_Android
93.672,13.315,21394,Oculus Quest_Android
93.686,14.282,21398,Oculus Quest_Android
93.700,13.570,21401,Oculus Quest_Android
93.715,14.403,21404,Oculus Quest_Android
93.729,14.134,21408,Oculus Quest_Android
93.742,13.687,21411,Oculus Quest_Android
93.756,13.955,21414,Oculus Quest_Android
93.770,13.305,21417,Oculus Quest_Android
93.784,14.274,21421,Oculus Quest_Android
93.797,13.871,21424,Oculus Quest_Android
93.811,13.493,21427,Oculus Quest_Android
93.826,14.422,21431,Oculus Quest_Android
93.839,13.570,21434,Oculus Quest_Android
93.854,14.846,21437,Oculus Quest_Android
93.867,12.818,21441,Oculus Quest_Android
93.881,13.989,21444,Oculus Quest_Android
93.894,13.604,21447,Oculus Quest_Android
93.908,13.846,21450,Oculus Quest_Android
93.923,14.435,21454,Oculus Quest_Android
93.937,13.752,21457,Oculus Quest_Android
93.951,14.344,21460,Oculus Quest_Android
93.964,13.185,21464,Oculus Quest_Android
93.979,14.739,21467,Oculus Quest_Android
93.993,13.971,21470,Oculus Quest_Android
94.006,13.263,21474,Oculus Quest_Android
94.020,13.712,21477,Oculus Quest_Android
94.033,13.380,21480,Oculus Quest_Android
94.047,14.456,21483,Oculus Quest_Android
94.062,14.086,21487,Oculus Quest_Android
94.075,13.631,21490,Oculus Quest_Android
94.089,13.909,21493,Oculus Quest_Android
94.103,13.612,21497,Oculus Quest_Android
94.117,14.459,21500,Oculus Quest_Android
94.131,13.767,21503,Oculus Quest_Android
94.145,13.694,21507,Oculus Quest_Android
94.159,14.480,21510,Oculus Quest_Android
94.172,13.324,21513,Oculus Quest_Android
94.187,14.314,21517,Oculus Quest_Android
94.200,13.537,21520,Oculus Quest_Android
94.215,14.037,21523,Oculus Quest_Android
94.228,13.737,21526,Oculus Quest_Android
94.242,13.892,21530,Oculus Quest_Android
94.256,14.222,21533,Oculus Quest_Android
94.270,13.344,21536,Oculus Quest_Android
94.284,14.096,21540,Oculus Quest_Android
94.297,13.823,21543,Oculus Quest_Android
94.311,13.743,21546,Oculus Quest_Android
94.326,14.588,21550,Oculus Quest_Android
94.339,13.393,21553,Oculus Quest_Android
94.353,14.109,21556,Oculus Quest_Android
94.367,13.762,21559,Oculus Quest_Android
94.381,14.180,21563,Oculus Quest_Android
94.395,13.865,21566,Oculus Quest_Android
94.409,13.374,21569,Oculus Quest_Android
94.423,14.213,21573,Oculus Quest_Android
94.436,13.537,21576,Oculus Quest_Android
94.451,14.325,21579,Oculus Quest_Android
94.464,13.618,21582,Oculus Quest_Android
94.478,13.968,21586,Oculus Quest_Android
94.493,14.337,21589,Oculus Quest_Android
94.506,13.289,21592,Oculus Quest_Android
94.520,14.876,21596,Oculus Quest_Android
94.534,13.094,21599,Oculus Quest_Android
94.548,13.968,21602,Oculus Quest_Android
94.561,13.826,21606,Oculus Quest_Android
94.576,14.099,21609,Oculus Quest_Android
94.589,13.822,21612,Oculus Quest_Android
94.603,13.713,21615,Oculus Quest_Android
94.617,13.971,21619,Oculus Quest_Android
94.631,13.972,21622,Oculus Quest_Android
94.645,13.642,21625,Oculus Quest_Android
94.659,14.478,21629,Oculus Quest_Android
94.672,13.098,21632,Oculus Quest_Android
94.687,14.343,21635,Oculus Quest_Android
94.700,13.594,21639,Oculus Quest_Android
94.714,14.179,21642,Oculus Quest_Android
94.728,13.768,21645,Oculus Quest_Android
94.742,13.955,21649,Oculus Quest_Android
94.756,13.990,21652,Oculus Quest_Android
94.770,13.494,21655,Oculus Quest_Android
94.785,14.761,21659,Oculus Quest_Android
94.798,13.420,21662,Oculus Quest_Android
94.812,13.710,21665,Oculus Quest_Android
94.826,14.141,21668,Oculus Quest_Android
94.839,13.678,21672,Oculus Quest_Android
94.854,14.519,21675,Oculus Quest_Android
94.867,13.112,21678,Oculus Quest_Android
94.881,14.190,21682,Oculus Quest_Android
94.895,13.583,21685,Oculus Quest_Android
94.909,13.908,21688,Oculus Quest_Android
94.923,14.355,21691,Oculus Quest_Android
94.936,13.156,21695,Oculus Quest_Android
94.950,14.174,21698,Oculus Quest_Android
94.964,13.718,21701,Oculus Quest_Android
94.979,14.230,21705,Oculus Quest_Android
94.993,14.419,21708,Oculus Quest_Android
95.006,13.180,21711,Oculus Quest_Android
95.020,14.539,21715,Oculus Quest_Android
95.034,13.135,21718,Oculus Quest_Android
95.048,14.281,21721,Oculus Quest_Android
95.062,13.846,21724,Oculus Quest_Android
95.076,13.939,21728,Oculus Quest_Android
95.090,13.976,21731,Oculus Quest_Android
95.103,13.771,21734,Oculus Quest_Android
95.117,13.883,21738,Oculus Quest_Android
95.131,13.775,21741,Oculus Quest_Android
95.146,13.987,21744,Oculus Quest_Android
95.159,13.739,21748,Oculus Quest_Android
95.172,13.452,21751,Oculus Quest_Android
95.187,14.787,21754,Oculus Quest_Android
95.200,13.471,21757,Oculus Quest_Android
95.214,13.672,21761,Oculus Quest_Android
95.228,13.679,21764,Oculus Quest_Android
95.242,13.959,21767,Oculus Quest_Android
95.256,14.305,21771,Oculus Quest_Android
95.270,13.431,21774,Oculus Quest_Android
95.284,14.303,21777,Oculus Quest_Android
95.297,13.544,21780,Oculus Quest_Android
95.311,13.916,21784,Oculus Quest_Android
95.326,14.334,21787,Oculus Quest_Android
95.339,13.451,21790,Oculus Quest_Android
95.354,14.541,21794,Oculus Quest_Android
95.367,13.178,21797,Oculus Quest_Android
95.381,14.391,21800,Oculus Quest_Android
95.398,13.843,21804,Oculus Quest_Android
95.409,13.888,21807,Oculus Quest_Android
95.423,13.668,21810,Oculus Quest_Android
95.436,13.765,21813,Oculus Quest_Android
95.451,14.397,21817,Oculus Quest_Android
95.465,13.610,21820,Oculus Quest_Android
95.478,13.615,21823,Oculus Quest_Android
95.493,14.428,21827,Oculus Quest_Android
95.506,13.357,21830,Oculus Quest_Android
95.521,14.934,21834,Oculus Quest_Android
95.534,13.015,21837,Oculus Quest_Android
95.548,14.055,21840,Oculus Quest_Android
95.561,13.659,21843,Oculus Quest_Android
95.575,13.782,21846,Oculus Quest_Android
95.590,14.285,21850,Oculus Quest_Android
95.604,13.897,21853,Oculus Quest_Android
95.618,14.159,21857,Oculus Quest_Android
95.631,13.319,21860,Oculus Quest_Android
95.645,13.822,21863,Oculus Quest_Android
95.659,14.144,21866,Oculus Quest_Android
95.672,13.354,21870,Oculus Quest_Android
95.686,14.331,21873,Oculus Quest_Android
95.700,13.591,21876,Oculus Quest_Android
95.715,14.579,21880,Oculus Quest_Android
95.728,13.573,21883,Oculus Quest_Android
95.741,13.388,21886,Oculus Quest_Android
95.756,14.502,21889,Oculus Quest_Android
95.770,13.467,21893,Oculus Quest_Android
95.784,14.150,21896,Oculus Quest_Android
95.798,13.945,21899,Oculus Quest_Android
95.811,13.586,21903,Oculus Quest_Android
95.826,14.390,21906,Oculus Quest_Android
95.839,13.325,21909,Oculus Quest_Android
95.854,14.687,21913,Oculus Quest_Android
95.867,13.249,21916,Oculus Quest_Android
95.881,14.053,21919,Oculus Quest_Android
95.895,13.679,21922,Oculus Quest_Android
95.909,13.709,21926,Oculus Quest_Android
95.923,14.461,21929,Oculus Quest_Android
95.936,13.580,21932,Oculus Quest_Android
95.951,13.891,21936,Oculus Quest_Android
95.964,13.585,21939,Oculus Quest_Android
95.978,13.804,21942,Oculus Quest_Android
95.992,14.237,21945,Oculus Quest_Android
96.006,13.475,21949,Oculus Quest_Android
96.020,14.594,21952,Oculus Quest_Android
96.034,13.803,21955,Oculus Quest_Android
96.048,14.076,21959,Oculus Quest_Android
96.062,13.519,21962,Oculus Quest_Android
96.075,13.707,21965,Oculus Quest_Android
96.089,14.013,21969,Oculus Quest_Android
96.103,13.800,21972,Oculus Quest_Android
96.117,14.229,21975,Oculus Quest_Android
96.131,13.570,21979,Oculus Quest_Android
96.145,13.788,21982,Oculus Quest_Android
96.159,14.121,21985,Oculus Quest_Android
96.172,13.446,21989,Oculus Quest_Android
96.188,14.909,21992,Oculus Quest_Android
96.200,12.971,21995,Oculus Quest_Android
96.214,14.077,21999,Oculus Quest_Android
96.228,13.723,22002,Oculus Quest_Android
96.247,18.385,22006,Oculus Quest_Android
96.255,8.693,22008,Oculus Quest_Android
96.268,13.284,22012,Oculus Quest_Android
96.282,13.913,22015,Oculus Quest_Android
96.296,13.988,22018,Oculus Quest_Android
96.310,13.960,22022,Oculus Quest_Android
96.324,14.303,22025,Oculus Quest_Android
96.338,13.713,22028,Oculus Quest_Android
96.352,14.363,22032,Oculus Quest_Android
96.366,13.593,22035,Oculus Quest_Android
96.380,14.142,22038,Oculus Quest_Android
96.394,14.044,22042,Oculus Quest_Android
96.408,13.588,22045,Oculus Quest_Android
96.422,14.281,22049,Oculus Quest_Android
96.435,13.552,22052,Oculus Quest_Android
96.450,14.419,22055,Oculus Quest_Android
96.463,13.597,22059,Oculus Quest_Android
96.477,13.881,22062,Oculus Quest_Android
96.491,13.931,22065,Oculus Quest_Android
96.505,13.857,22069,Oculus Quest_Android
96.519,14.232,22072,Oculus Quest_Android
96.533,13.570,22075,Oculus Quest_Android
96.547,13.860,22079,Oculus Quest_Android
96.560,13.787,22082,Oculus Quest_Android
96.575,13.922,22085,Oculus Quest_Android
96.589,14.183,22089,Oculus Quest_Android
96.602,13.644,22092,Oculus Quest_Android
96.616,13.958,22095,Oculus Quest_Android
96.631,14.406,22099,Oculus Quest_Android
96.645,14.077,22102,Oculus Quest_Android
96.662,17.273,22106,Oculus Quest_Android
96.672,9.919,22109,Oculus Quest_Android
96.686,13.685,22112,Oculus Quest_Android
96.700,13.814,22115,Oculus Quest_Android
96.712,12.236,22118,Oculus Quest_Android
96.726,14.134,22121,Oculus Quest_Android
96.740,13.882,22125,Oculus Quest_Android
96.754,13.876,22128,Oculus Quest_Android
96.768,13.622,22131,Oculus Quest_Android
96.782,13.995,22135,Oculus Quest_Android
96.795,14.215,22138,Oculus Quest_Android
96.810,14.074,22142,Oculus Quest_Android
96.823,13.471,22145,Oculus Quest_Android
96.837,13.663,22148,Oculus Quest_Android
96.851,14.206,22151,Oculus Quest_Android
96.864,13.429,22155,Oculus Quest_Android
96.878,13.852,22158,Oculus Quest_Android
96.892,13.988,22161,Oculus Quest_Android
96.906,14.174,22165,Oculus Quest_Android
96.921,14.155,22168,Oculus Quest_Android
96.934,13.490,22171,Oculus Quest_Android
96.949,14.621,22175,Oculus Quest_Android
96.962,13.448,22178,Oculus Quest_Android
96.976,13.812,22181,Oculus Quest_Android
96.990,14.417,22185,Oculus Quest_Android
97.004,13.706,22188,Oculus Quest_Android
97.018,14.109,22192,Oculus Quest_Android
97.032,13.715,22195,Oculus Quest_Android
97.046,14.089,22198,Oculus Quest_Android
97.060,14.223,22202,Oculus Quest_Android
97.074,13.719,22205,Oculus Quest_Android
97.087,13.846,22208,Oculus Quest_Android
97.101,13.854,22212,Oculus Quest_Android
97.116,14.268,22215,Oculus Quest_Android
97.130,13.606,22218,Oculus Quest_Android
97.143,13.622,22222,Oculus Quest_Android
97.157,14.312,22225,Oculus Quest_Android
97.171,13.484,22228,Oculus Quest_Android
97.186,14.484,22232,Oculus Quest_Android
97.199,13.486,22235,Oculus Quest_Android
97.213,13.945,22238,Oculus Quest_Android
97.227,13.864,22242,Oculus Quest_Android
97.240,13.719,22245,Oculus Quest_Android
97.255,14.332,22248,Oculus Quest_Android
97.268,13.453,22252,Oculus Quest_Android
97.282,14.131,22255,Oculus Quest_Android
97.296,13.962,22258,Oculus Quest_Android
97.310,13.839,22262,Oculus Quest_Android
97.325,14.459,22265,Oculus Quest_Android
97.338,13.381,22268,Oculus Quest_Android
97.353,14.817,22272,Oculus Quest_Android
97.366,13.179,22275,Oculus Quest_Android
97.381,14.257,22279,Oculus Quest_Android
97.394,13.677,22282,Oculus Quest_Android
97.408,13.602,22285,Oculus Quest_Android
97.422,14.104,22288,Oculus Quest_Android
97.435,13.428,22292,Oculus Quest_Android
97.449,14.323,22295,Oculus Quest_Android
97.463,14.025,22298,Oculus Quest_Android
97.477,13.141,22302,Oculus Quest_Android
97.491,14.481,22305,Oculus Quest_Android
97.505,13.342,22308,Oculus Quest_Android
97.519,14.643,22312,Oculus Quest_Android
97.532,13.057,22315,Oculus Quest_Android
97.546,13.963,22318,Oculus Quest_Android
97.560,13.949,22322,Oculus Quest_Android
97.574,13.971,22325,Oculus Quest_Android
97.587,13.918,22328,Oculus Quest_Android
97.602,13.831,22332,Oculus Quest_Android
97.616,13.961,22335,Oculus Quest_Android
97.629,13.536,22338,Oculus Quest_Android
97.643,13.585,22342,Oculus Quest_Android
97.657,14.827,22345,Oculus Quest_Android
97.672,13.835,22348,Oculus Quest_Android
97.686,13.706,22352,Oculus Quest_Android
97.699,13.773,22355,Oculus Quest_Android
97.713,13.769,22358,Oculus Quest_Android
97.727,14.299,22362,Oculus Quest_Android
97.741,13.378,22365,Oculus Quest_Android
97.754,14.064,22368,Oculus Quest_Android
97.768,13.631,22372,Oculus Quest_Android
97.783,14.884,22375,Oculus Quest_Android
97.797,13.264,22378,Oculus Quest_Android
97.810,14.010,22382,Oculus Quest_Android
97.824,14.047,22385,Oculus Quest_Android
97.837,13.336,22388,Oculus Quest_Android
97.853,14.732,22392,Oculus Quest_Android
97.866,13.040,22395,Oculus Quest_Android
97.880,14.265,22398,Oculus Quest_Android
97.893,13.668,22402,Oculus Quest_Android
97.907,13.967,22405,Oculus Quest_Android
97.922,14.133,22408,Oculus Quest_Android
97.935,13.637,22412,Oculus Quest_Android
97.949,14.110,22415,Oculus Quest_Android
97.963,13.322,22418,Oculus Quest_Android
97.976,13.934,22422,Oculus Quest_Android
97.991,14.480,22425,Oculus Quest_Android
98.004,13.440,22428,Oculus Quest_Android
98.019,14.373,22432,Oculus Quest_Android
98.032,13.448,22435,Oculus Quest_Android
98.047,14.349,22438,Oculus Quest_Android
98.061,13.880,22442,Oculus Quest_Android
98.074,13.490,22445,Oculus Quest_Android
98.087,13.850,22448,Oculus Quest_Android
98.102,14.044,22452,Oculus Quest_Android
98.117,14.531,22455,Oculus Quest_Android
98.130,13.747,22458,Oculus Quest_Android
98.143,13.124,22462,Oculus Quest_Android
98.158,14.374,22465,Oculus Quest_Android
98.171,13.434,22468,Oculus Quest_Android
98.186,14.901,22472,Oculus Quest_Android
98.199,12.906,22475,Oculus Quest_Android
98.213,14.032,22478,Oculus Quest_Android
98.227,13.993,22482,Oculus Quest_Android
98.240,13.593,22485,Oculus Quest_Android
98.254,14.113,22488,Oculus Quest_Android
98.268,13.694,22492,Oculus Quest_Android
98.283,14.403,22495,Oculus Quest_Android
98.296,13.551,22498,Oculus Quest_Android
98.310,13.894,22502,Oculus Quest_Android
98.324,14.492,22505,Oculus Quest_Android
98.338,13.023,22508,Oculus Quest_Android
98.352,14.515,22512,Oculus Quest_Android
98.366,13.605,22515,Oculus Quest_Android
98.380,14.004,22518,Oculus Quest_Android
98.394,13.813,22522,Oculus Quest_Android
98.407,13.648,22525,Oculus Quest_Android
98.422,14.338,22528,Oculus Quest_Android
98.435,13.823,22532,Oculus Quest_Android
98.449,13.989,22535,Oculus Quest_Android
98.463,13.695,22538,Oculus Quest_Android
98.477,13.548,22542,Oculus Quest_Android
98.491,14.364,22545,Oculus Quest_Android
98.504,13.597,22548,Oculus Quest_Android
98.519,14.497,22552,Oculus Quest_Android
98.533,13.570,22555,Oculus Quest_Android
98.547,13.567,22558,Oculus Quest_Android
98.560,13.824,22562,Oculus Quest_Android
98.574,14.006,22565,Oculus Quest_Android
98.588,14.062,22568,Oculus Quest_Android
98.602,13.756,22572,Oculus Quest_Android
98.616,14.070,22575,Oculus Quest_Android
98.630,13.839,22578,Oculus Quest_Android
98.644,13.755,22582,Oculus Quest_Android
98.658,14.296,22585,Oculus Quest_Android
98.671,13.197,22588,Oculus Quest_Android
98.686,14.308,22592,Oculus Quest_Android
98.699,13.496,22595,Oculus Quest_Android
98.713,14.113,22598,Oculus Quest_Android
98.727,14.078,22602,Oculus Quest_Android
98.741,13.678,22605,Oculus Quest_Android
98.755,13.936,22608,Oculus Quest_Android
98.768,13.674,22612,Oculus Quest_Android
98.783,14.304,22615,Oculus Quest_Android
98.797,14.191,22618,Oculus Quest_Android
98.810,13.348,22622,Oculus Quest_Android
98.824,14.287,22625,Oculus Quest_Android
98.838,13.671,22628,Oculus Quest_Android
98.853,14.284,22632,Oculus Quest_Android
98.866,13.485,22635,Oculus Quest_Android
98.880,13.861,22638,Oculus Quest_Android
98.894,13.849,22642,Oculus Quest_Android
98.908,13.985,22645,Oculus Quest_Android
98.922,14.145,22648,Oculus Quest_Android
98.935,13.405,22652,Oculus Quest_Android
98.950,14.352,22655,Oculus Quest_Android
98.963,13.300,22658,Oculus Quest_Android
98.977,14.076,22662,Oculus Quest_Android
98.992,14.697,22665,Oculus Quest_Android
99.005,13.332,22668,Oculus Quest_Android
99.019,13.662,22672,Oculus Quest_Android
99.032,13.650,22675,Oculus Quest_Android
99.047,14.315,22678,Oculus Quest_Android
99.061,13.980,22682,Oculus Quest_Android
99.074,13.527,22685,Oculus Quest_Android
99.088,14.113,22688,Oculus Quest_Android
99.102,13.693,22692,Oculus Quest_Android
99.116,14.410,22695,Oculus Quest_Android
99.130,13.398,22699,Oculus Quest_Android
99.144,13.818,22702,Oculus Quest_Android
99.157,14.398,22705,Oculus Quest_Android
99.171,13.279,22709,Oculus Quest_Android
99.186,14.641,22712,Oculus Quest_Android
99.199,13.095,22715,Oculus Quest_Android
99.213,14.217,22719,Oculus Quest_Android
99.226,13.624,22722,Oculus Quest_Android
99.241,14.012,22725,Oculus Quest_Android
99.255,14.244,22729,Oculus Quest_Android
99.269,13.571,22732,Oculus Quest_Android
99.283,14.039,22736,Oculus Quest_Android
99.296,13.881,22739,Oculus Quest_Android
99.310,13.685,22742,Oculus Quest_Android
99.324,14.307,22746,Oculus Quest_Android
99.338,13.508,22749,Oculus Quest_Android
99.353,14.445,22753,Oculus Quest_Android
99.366,13.574,22756,Oculus Quest_Android
99.380,14.109,22759,Oculus Quest_Android
99.393,13.228,22762,Oculus Quest_Android
99.407,13.705,22766,Oculus Quest_Android
99.421,14.182,22769,Oculus Quest_Android
99.435,13.774,22773,Oculus Quest_Android
99.449,14.301,22776,Oculus Quest_Android
99.463,13.707,22779,Oculus Quest_Android
99.476,13.827,22783,Oculus Quest_Android
99.491,14.201,22786,Oculus Quest_Android
99.505,13.806,22789,Oculus Quest_Android
99.519,14.177,22793,Oculus Quest_Android
99.532,13.784,22796,Oculus Quest_Android
99.546,13.859,22800,Oculus Quest_Android
99.560,13.769,22803,Oculus Quest_Android
99.574,14.041,22806,Oculus Quest_Android
99.588,14.082,22810,Oculus Quest_Android
99.602,13.717,22813,Oculus Quest_Android
99.616,14.132,22817,Oculus Quest_Android
99.630,13.561,22820,Oculus Quest_Android
99.644,14.029,22823,Oculus Quest_Android
99.659,15.051,22827,Oculus Quest_Android
99.672,13.572,22830,Oculus Quest_Android
99.687,14.009,22834,Oculus Quest_Android
99.700,13.641,22837,Oculus Quest_Android
99.714,13.955,22840,Oculus Quest_Android
99.728,13.989,22844,Oculus Quest_Android
99.742,13.409,22847,Oculus Quest_Android
99.755,13.902,22850,Oculus Quest_Android
99.769,13.702,22854,Oculus Quest_Android
99.784,14.470,22857,Oculus Quest_Android
99.797,13.306,22860,Oculus Quest_Android
99.811,13.963,22864,Oculus Quest_Android
99.824,13.705,22867,Oculus Quest_Android
99.838,13.678,22870,Oculus Quest_Android
99.854,14.789,22874,Oculus Quest_Android
99.867,13.437,22877,Oculus Quest_Android
99.881,14.037,22881,Oculus Quest_Android
99.895,14.415,22884,Oculus Quest_Android
99.908,13.200,22887,Oculus Quest_Android
99.922,14.189,22891,Oculus Quest_Android
99.936,13.458,22894,Oculus Quest_Android
99.951,15.055,22898,Oculus Quest_Android
99.963,12.716,22901,Oculus Quest_Android
99.977,13.578,22904,Oculus Quest_Android
99.992,14.465,22907,Oculus Quest_Android
100.005,13.316,22911,Oculus Quest_Android
100.019,14.208,22914,Oculus Quest_Android
100.033,13.826,22918,Oculus Quest_Android
100.047,14.068,22921,Oculus Quest_Android
100.061,14.099,22924,Oculus Quest_Android
100.075,13.637,22928,Oculus Quest_Android
100.092,13.892,22931,Oculus Quest_Android
100.103,13.962,22934,Oculus Quest_Android
100.117,14.313,22938,Oculus Quest_Android
100.130,13.369,22941,Oculus Quest_Android
100.144,13.714,22944,Oculus Quest_Android
100.159,14.320,22948,Oculus Quest_Android
100.172,13.657,22951,Oculus Quest_Android
100.186,14.462,22955,Oculus Quest_Android
100.200,13.424,22958,Oculus Quest_Android
100.214,13.818,22961,Oculus Quest_Android
100.228,13.821,22965,Oculus Quest_Android
100.241,13.824,22968,Oculus Quest_Android
100.256,14.328,22972,Oculus Quest_Android
100.269,13.308,22975,Oculus Quest_Android
100.283,14.355,22978,Oculus Quest_Android
100.297,13.654,22982,Oculus Quest_Android
100.311,13.874,22985,Oculus Quest_Android
100.325,14.403,22988,Oculus Quest_Android
100.339,13.396,22992,Oculus Quest_Android
100.353,14.409,22995,Oculus Quest_Android
100.366,13.272,22998,Oculus Quest_Android
100.381,14.496,23002,Oculus Quest_Android
100.394,13.764,23005,Oculus Quest_Android
100.408,13.866,23009,Oculus Quest_Android
100.422,13.978,23012,Oculus Quest_Android
100.436,13.378,23015,Oculus Quest_Android
100.450,14.209,23019,Oculus Quest_Android
100.464,13.781,23022,Oculus Quest_Android
100.477,13.573,23025,Oculus Quest_Android
100.492,14.224,23029,Oculus Quest_Android
100.506,13.884,23032,Oculus Quest_Android
100.520,14.628,23036,Oculus Quest_Android
100.533,13.024,23039,Oculus Quest_Android
100.547,13.836,23042,Oculus Quest_Android
100.561,13.990,23046,Oculus Quest_Android
100.574,13.754,23049,Oculus Quest_Android
100.589,14.466,23052,Oculus Quest_Android
100.603,13.615,23056,Oculus Quest_Android
100.617,14.398,23059,Oculus Quest_Android
100.631,13.311,23062,Oculus Quest_Android
100.644,13.794,23066,Oculus Quest_Android
100.658,14.350,23069,Oculus Quest_Android
100.672,13.282,23072,Oculus Quest_Android
100.686,14.371,23076,Oculus Quest_Android
100.700,13.412,23079,Oculus Quest_Android
100.714,14.412,23083,Oculus Quest_Android
100.728,13.523,23086,Oculus Quest_Android
100.741,13.556,23089,Oculus Quest_Android
100.755,14.137,23093,Oculus Quest_Android
100.770,14.002,23096,Oculus Quest_Android
100.784,14.320,23100,Oculus Quest_Android
100.797,13.605,23103,Oculus Quest_Android
100.811,13.878,23106,Oculus Quest_Android
100.825,14.179,23110,Oculus Quest_Android
100.839,13.242,23113,Oculus Quest_Android
100.854,14.538,23116,Oculus Quest_Android
100.866,13.239,23120,Oculus Quest_Android
100.881,14.061,23123,Oculus Quest_Android
100.894,13.914,23126,Oculus Quest_Android
100.908,13.753,23130,Oculus Quest_Android
100.923,14.664,23133,Oculus Quest_Android
100.935,12.924,23136,Oculus Quest_Android
100.950,14.176,23140,Oculus Quest_Android
100.963,13.546,23143,Oculus Quest_Android
100.977,13.928,23146,Oculus Quest_Android
100.992,14.523,23150,Oculus Quest_Android
101.005,13.325,23153,Oculus Quest_Android
101.019,14.186,23157,Oculus Quest_Android
101.033,13.822,23160,Oculus Quest_Android
101.048,14.021,23163,Oculus Quest_Android
101.061,14.041,23167,Oculus Quest_Android
101.074,13.424,23170,Oculus Quest_Android
101.089,14.146,23173,Oculus Quest_Android
101.103,13.638,23177,Oculus Quest_Android
101.117,14.414,23180,Oculus Quest_Android
101.131,13.585,23184,Oculus Quest_Android
101.144,13.540,23187,Oculus Quest_Android
101.158,14.142,23190,Oculus Quest_Android
101.172,13.642,23194,Oculus Quest_Android
101.187,14.651,23197,Oculus Quest_Android
101.200,13.220,23200,Oculus Quest_Android
101.214,13.850,23204,Oculus Quest_Android
101.227,13.980,23207,Oculus Quest_Android
101.241,13.997,23210,Oculus Quest_Android
101.256,14.053,23214,Oculus Quest_Android
101.270,14.328,23217,Oculus Quest_Android
101.284,13.515,23221,Oculus Quest_Android
101.297,13.590,23224,Oculus Quest_Android
101.310,13.492,23227,Oculus Quest_Android
101.326,15.122,23231,Oculus Quest_Android
101.338,12.831,23234,Oculus Quest_Android
101.353,14.284,23237,Oculus Quest_Android
101.366,13.712,23241,Oculus Quest_Android
101.380,13.155,23244,Oculus Quest_Android
101.393,14.118,23247,Oculus Quest_Android
101.407,13.810,23251,Oculus Quest_Android
101.422,14.222,23254,Oculus Quest_Android
101.435,13.480,23257,Oculus Quest_Android
101.449,14.261,23261,Oculus Quest_Android
101.463,13.805,23264,Oculus Quest_Android
101.477,13.771,23268,Oculus Quest_Android
101.491,14.248,23271,Oculus Quest_Android
101.505,13.899,23274,Oculus Quest_Android
101.520,14.735,23278,Oculus Quest_Android
101.533,13.097,23281,Oculus Quest_Android
101.547,13.920,23285,Oculus Quest_Android
101.561,13.810,23288,Oculus Quest_Android
101.575,13.996,23291,Oculus Quest_Android
101.589,14.247,23295,Oculus Quest_Android
101.602,13.516,23298,Oculus Quest_Android
101.616,13.974,23301,Oculus Quest_Android
101.630,13.779,23305,Oculus Quest_Android
101.644,14.008,23308,Oculus Quest_Android
101.658,14.296,23312,Oculus Quest_Android
101.672,13.421,23315,Oculus Quest_Android
101.686,14.158,23318,Oculus Quest_Android
101.700,13.626,23322,Oculus Quest_Android
101.714,14.392,23325,Oculus Quest_Android
101.728,13.793,23328,Oculus Quest_Android
101.741,13.677,23332,Oculus Quest_Android
101.756,14.245,23335,Oculus Quest_Android
101.769,13.550,23338,Oculus Quest_Android
101.784,14.301,23342,Oculus Quest_Android
101.797,13.626,23345,Oculus Quest_Android
101.811,13.858,23349,Oculus Quest_Android
101.825,14.310,23352,Oculus Quest_Android
101.839,13.329,23355,Oculus Quest_Android
101.853,14.421,23359,Oculus Quest_Android
101.867,13.864,23362,Oculus Quest_Android
101.881,14.086,23366,Oculus Quest_Android
101.895,13.572,23369,Oculus Quest_Android
101.909,13.693,23372,Oculus Quest_Android
101.924,15.008,23376,Oculus Quest_Android
101.936,12.865,23379,Oculus Quest_Android
101.951,14.434,23382,Oculus Quest_Android
101.964,13.388,23386,Oculus Quest_Android
101.978,13.803,23389,Oculus Quest_Android
101.992,14.265,23392,Oculus Quest_Android
102.006,13.280,23396,Oculus Quest_Android
102.020,13.978,23399,Oculus Quest_Android
102.033,13.654,23402,Oculus Quest_Android
102.048,14.341,23406,Oculus Quest_Android
102.061,13.658,23409,Oculus Quest_Android
102.075,13.793,23413,Oculus Quest_Android
102.089,13.919,23416,Oculus Quest_Android
102.103,13.803,23419,Oculus Quest_Android
102.117,14.230,23423,Oculus Quest_Android
102.130,13.410,23426,Oculus Quest_Android
102.144,13.475,23429,Oculus Quest_Android
102.158,14.215,23433,Oculus Quest_Android
102.171,13.595,23436,Oculus Quest_Android
102.187,14.653,23440,Oculus Quest_Android
102.200,13.487,23443,Oculus Quest_Android
102.214,13.893,23446,Oculus Quest_Android
102.228,13.899,23450,Oculus Quest_Android
102.241,13.614,23453,Oculus Quest_Android
102.255,14.427,23456,Oculus Quest_Android
102.270,13.773,23460,Oculus Quest_Android
102.284,14.533,23463,Oculus Quest_Android
102.297,13.138,23466,Oculus Quest_Android
102.311,13.625,23470,Oculus Quest_Android
102.325,14.653,23473,Oculus Quest_Android
102.339,13.306,23476,Oculus Quest_Android
102.353,14.320,23480,Oculus Quest_Android
102.367,13.536,23483,Oculus Quest_Android
102.381,14.648,23487,Oculus Quest_Android
102.394,13.199,23490,Oculus Quest_Android
102.408,13.718,23493,Oculus Quest_Android
102.422,14.093,23497,Oculus Quest_Android
102.435,13.548,23500,Oculus Quest_Android
102.450,14.566,23504,Oculus Quest_Android
102.464,13.808,23507,Oculus Quest_Android
102.477,13.329,23510,Oculus Quest_Android
102.492,14.715,23514,Oculus Quest_Android
102.505,13.227,23517,Oculus Quest_Android
102.520,14.495,23520,Oculus Quest_Android
102.533,13.179,23524,Oculus Quest_Android
102.547,14.079,23527,Oculus Quest_Android
102.561,13.884,23530,Oculus Quest_Android
102.575,14.010,23534,Oculus Quest_Android
102.589,14.166,23537,Oculus Quest_Android
102.603,13.579,23540,Oculus Quest_Android
102.617,14.075,23544,Oculus Quest_Android
102.630,13.298,23547,Oculus Quest_Android
102.644,13.781,23550,Oculus Quest_Android
102.660,15.363,23554,Oculus Quest_Android
102.673,13.418,23557,Oculus Quest_Android
102.686,13.436,23561,Oculus Quest_Android
102.700,13.720,23564,Oculus Quest_Android
102.714,13.827,23567,Oculus Quest_Android
102.728,14.405,23571,Oculus Quest_Android
102.742,13.526,23574,Oculus Quest_Android
102.755,13.752,23577,Oculus Quest_Android
102.769,13.720,23581,Oculus Quest_Android
102.783,14.072,23584,Oculus Quest_Android
102.797,13.902,23588,Oculus Quest_Android
102.811,13.731,23591,Oculus Quest_Android
102.825,14.004,23594,Oculus Quest_Android
102.838,13.600,23598,Oculus Quest_Android
102.852,14.010,23601,Oculus Quest_Android
102.866,13.846,23604,Oculus Quest_Android
102.880,14.055,23608,Oculus Quest_Android
102.894,13.953,23611,Oculus Quest_Android
102.908,13.846,23615,Oculus Quest_Android
102.922,14.206,23618,Oculus Quest_Android
102.936,13.813,23621,Oculus Quest_Android
102.950,13.933,23625,Oculus Quest_Android
102.964,13.782,23628,Oculus Quest_Android
102.978,13.749,23631,Oculus Quest_Android
102.992,14.214,23635,Oculus Quest_Android
103.005,13.822,23638,Oculus Quest_Android
103.019,13.763,23641,Oculus Quest_Android
103.033,13.656,23645,Oculus Quest_Android
103.047,14.375,23648,Oculus Quest_Android
103.061,13.805,23652,Oculus Quest_Android
103.075,13.537,23655,Oculus Quest_Android
103.088,14.074,23658,Oculus Quest_Android
103.102,13.708,23662,Oculus Quest_Android
103.117,14.364,23665,Oculus Quest_Android
103.130,13.649,23668,Oculus Quest_Android
103.144,13.802,23672,Oculus Quest_Android
103.158,14.051,23675,Oculus Quest_Android
103.172,13.641,23678,Oculus Quest_Android
103.186,14.234,23682,Oculus Quest_Android
103.201,14.196,23685,Oculus Quest_Android
103.214,14.071,23688,Oculus Quest_Android
103.228,13.636,23692,Oculus Quest_Android
103.242,13.944,23695,Oculus Quest_Android
103.256,13.838,23698,Oculus Quest_Android
103.270,13.736,23702,Oculus Quest_Android
103.284,14.194,23705,Oculus Quest_Android
103.297,13.313,23708,Oculus Quest_Android
103.311,13.988,23712,Oculus Quest_Android
103.326,14.561,23715,Oculus Quest_Android
103.339,13.298,23718,Oculus Quest_Android
103.353,14.198,23722,Oculus Quest_Android
103.366,13.326,23725,Oculus Quest_Android
103.381,14.279,23728,Oculus Quest_Android
103.394,13.768,23732,Oculus Quest_Android
103.408,13.603,23735,Oculus Quest_Android
103.423,14.324,23738,Oculus Quest_Android
103.436,13.491,23742,Oculus Quest_Android
103.451,14.448,23745,Oculus Quest_Android
103.464,13.540,23748,Oculus Quest_Android
103.478,13.809,23752,Oculus Quest_Android
103.492,14.021,23755,Oculus Quest_Android
103.505,13.315,23758,Oculus Quest_Android
103.520,14.939,23762,Oculus Quest_Android
103.533,13.313,23765,Oculus Quest_Android
103.547,13.708,23768,Oculus Quest_Android
103.561,13.855,23772,Oculus Quest_Android
103.575,13.819,23775,Oculus Quest_Android
103.589,14.407,23778,Oculus Quest_Android
103.603,13.321,23782,Oculus Quest_Android
103.617,14.352,23785,Oculus Quest_Android
103.631,13.576,23788,Oculus Quest_Android
103.644,13.814,23792,Oculus Quest_Android
103.658,14.241,23795,Oculus Quest_Android
103.672,13.248,23798,Oculus Quest_Android
103.686,14.463,23802,Oculus Quest_Android
103.699,13.444,23805,Oculus Quest_Android
103.714,14.273,23808,Oculus Quest_Android
103.728,13.978,23812,Oculus Quest_Android
103.742,13.844,23815,Oculus Quest_Android
103.756,13.783,23818,Oculus Quest_Android
103.769,13.488,23822,Oculus Quest_Android
103.784,14.587,23825,Oculus Quest_Android
103.797,13.502,23828,Oculus Quest_Android
103.811,13.662,23832,Oculus Quest_Android
103.825,14.263,23835,Oculus Quest_Android
103.838,13.532,23838,Oculus Quest_Android
103.854,14.641,23842,Oculus Quest_Android
103.866,13.058,23845,Oculus Quest_Android
103.880,14.026,23848,Oculus Quest_Android
103.894,13.734,23852,Oculus Quest_Android
103.908,13.733,23855,Oculus Quest_Android
103.922,14.350,23858,Oculus Quest_Android
103.935,13.420,23861,Oculus Quest_Android
103.950,14.425,23865,Oculus Quest_Android
103.965,14.065,23868,Oculus Quest_Android
103.978,13.919,23872,Oculus Quest_Android
103.993,14.344,23875,Oculus Quest_Android
104.005,12.992,23878,Oculus Quest_Android
104.020,14.146,23882,Oculus Quest_Android
104.033,13.345,23885,Oculus Quest_Android
104.047,14.146,23888,Oculus Quest_Android
104.061,14.108,23892,Oculus Quest_Android
104.074,13.594,23895,Oculus Quest_Android
104.088,13.928,23898,Oculus Quest_Android
104.103,13.977,23902,Oculus Quest_Android
104.117,14.287,23905,Oculus Quest_Android
104.130,13.579,23908,Oculus Quest_Android
104.144,13.736,23912,Oculus Quest_Android
104.158,14.320,23915,Oculus Quest_Android
104.172,13.201,23918,Oculus Quest_Android
104.187,14.598,23922,Oculus Quest_Android
104.199,13.139,23925,Oculus Quest_Android
104.213,13.920,23928,Oculus Quest_Android
104.227,14.204,23932,Oculus Quest_Android
104.241,13.699,23935,Oculus Quest_Android
104.256,14.325,23938,Oculus Quest_Android
104.270,13.860,23942,Oculus Quest_Android
104.283,13.821,23945,Oculus Quest_Android
104.297,13.687,23948,Oculus Quest_Android
104.311,13.983,23952,Oculus Quest_Android
104.325,14.222,23955,Oculus Quest_Android
104.338,13.267,23958,Oculus Quest_Android
104.353,14.588,23962,Oculus Quest_Android
104.366,13.493,23965,Oculus Quest_Android
104.381,14.273,23968,Oculus Quest_Android
104.394,13.546,23972,Oculus Quest_Android
104.408,13.645,23975,Oculus Quest_Android
104.422,14.112,23978,Oculus Quest_Android
104.436,13.708,23982,Oculus Quest_Android
104.450,14.242,23985,Oculus Quest_Android
104.463,13.757,23988,Oculus Quest_Android
104.477,13.707,23992,Oculus Quest_Android
104.492,14.082,23995,Oculus Quest_Android
104.505,13.570,23998,Oculus Quest_Android
104.520,14.780,24002,Oculus Quest_Android
104.533,13.262,24005,Oculus Quest_Android
104.547,13.705,24008,Oculus Quest_Android
104.561,13.970,24012,Oculus Quest_Android
104.575,14.142,24015,Oculus Quest_Android
104.589,13.925,24018,Oculus Quest_Android
104.603,13.865,24022,Oculus Quest_Android
104.617,13.791,24025,Oculus Quest_Android
104.630,13.545,24028,Oculus Quest_Android
104.644,13.639,24031,Oculus Quest_Android
104.658,14.520,24035,Oculus Quest_Android
104.671,13.282,24038,Oculus Quest_Android
104.686,14.221,24042,Oculus Quest_Android
104.699,13.589,24045,Oculus Quest_Android
104.714,14.229,24048,Oculus Quest_Android
104.728,14.154,24052,Oculus Quest_Android
104.741,13.692,24055,Oculus Quest_Android
104.755,13.810,24058,Oculus Quest_Android
104.769,13.566,24061,Oculus Quest_Android
104.783,14.780,24065,Oculus Quest_Android
104.797,13.589,24068,Oculus Quest_Android
104.811,13.660,24072,Oculus Quest_Android
104.825,14.039,24075,Oculus Quest_Android
104.838,13.454,24078,Oculus Quest_Android
104.853,14.548,24082,Oculus Quest_Android
104.866,13.633,24085,Oculus Quest_Android
104.880,13.685,24088,Oculus Quest_Android
104.894,13.962,24092,Oculus Quest_Android
104.908,13.724,24095,Oculus Quest_Android
104.922,14.311,24098,Oculus Quest_Android
104.935,13.464,24101,Oculus Quest_Android
104.950,14.286,24105,Oculus Quest_Android
104.964,13.786,24108,Oculus Quest_Android
104.977,13.754,24112,Oculus Quest_Android
104.995,17.900,24116,Oculus Quest_Android
105.005,9.806,24118,Oculus Quest_Android
105.019,14.213,24122,Oculus Quest_Android
105.033,13.877,24125,Oculus Quest_Android
105.048,14.453,24128,Oculus Quest_Android
105.061,13.533,24132,Oculus Quest_Android
105.075,13.572,24135,Oculus Quest_Android
105.088,13.982,24138,Oculus Quest_Android
105.102,13.660,24142,Oculus Quest_Android
105.117,14.627,24145,Oculus Quest_Android
105.130,13.122,24148,Oculus Quest_Android
105.144,13.785,24151,Oculus Quest_Android
105.157,13.880,24155,Oculus Quest_Android
105.171,13.868,24158,Oculus Quest_Android
105.185,14.034,24162,Oculus Quest_Android
105.199,13.803,24165,Oculus Quest_Android
105.213,14.025,24168,Oculus Quest_Android
105.227,13.613,24171,Oculus Quest_Android
105.241,14.347,24175,Oculus Quest_Android
105.255,13.732,24178,Oculus Quest_Android
105.269,13.762,24182,Oculus Quest_Android
105.283,14.053,24185,Oculus Quest_Android
105.297,13.993,24188,Oculus Quest_Android
105.311,13.993,24192,Oculus Quest_Android
105.325,13.900,24195,Oculus Quest_Android
105.338,13.648,24198,Oculus Quest_Android
105.353,14.313,24202,Oculus Quest_Android
105.366,13.578,24205,Oculus Quest_Android
105.380,14.021,24208,Oculus Quest_Android
105.394,14.000,24212,Oculus Quest_Android
105.408,13.911,24215,Oculus Quest_Android
105.422,14.123,24218,Oculus Quest_Android
105.436,13.714,24222,Oculus Quest_Android
105.450,13.833,24225,Oculus Quest_Android
105.463,13.655,24228,Oculus Quest_Android
105.477,13.777,24232,Oculus Quest_Android
105.491,14.143,24235,Oculus Quest_Android
105.505,13.561,24238,Oculus Quest_Android
105.519,14.365,24242,Oculus Quest_Android
105.533,13.615,24245,Oculus Quest_Android
105.547,14.233,24248,Oculus Quest_Android
105.561,13.669,24252,Oculus Quest_Android
105.574,13.745,24255,Oculus Quest_Android
105.589,14.086,24258,Oculus Quest_Android
105.602,13.691,24262,Oculus Quest_Android
105.617,14.079,24265,Oculus Quest_Android
105.630,13.731,24268,Oculus Quest_Android
105.644,13.963,24272,Oculus Quest_Android
105.659,14.654,24275,Oculus Quest_Android
105.673,13.566,24278,Oculus Quest_Android
105.687,13.734,24282,Oculus Quest_Android
105.700,13.927,24285,Oculus Quest_Android
105.715,14.229,24288,Oculus Quest_Android
105.728,13.827,24292,Oculus Quest_Android
105.742,13.531,24295,Oculus Quest_Android
105.755,13.799,24298,Oculus Quest_Android
105.769,13.578,24302,Oculus Quest_Android
105.783,13.900,24305,Oculus Quest_Android
105.797,13.795,24308,Oculus Quest_Android
105.811,13.874,24312,Oculus Quest_Android
105.825,14.088,24315,Oculus Quest_Android
105.838,13.683,24318,Oculus Quest_Android
105.853,14.230,24322,Oculus Quest_Android
105.866,13.464,24325,Oculus Quest_Android
105.880,13.713,24328,Oculus Quest_Android
105.894,13.971,24331,Oculus Quest_Android
105.908,13.853,24335,Oculus Quest_Android
105.922,14.247,24338,Oculus Quest_Android
105.935,13.704,24342,Oculus Quest_Android
105.950,14.140,24345,Oculus Quest_Android
105.963,13.726,24348,Oculus Quest_Android
105.977,13.776,24352,Oculus Quest_Android
105.992,14.387,24355,Oculus Quest_Android
106.005,13.657,24358,Oculus Quest_Android
106.019,13.934,24362,Oculus Quest_Android
106.033,13.839,24365,Oculus Quest_Android
106.047,13.930,24368,Oculus Quest_Android
106.061,14.075,24372,Oculus Quest_Android
106.075,13.783,24375,Oculus Quest_Android
106.089,13.886,24378,Oculus Quest_Android
106.102,13.781,24382,Oculus Quest_Android
106.116,13.913,24385,Oculus Quest_Android
106.130,13.813,24388,Oculus Quest_Android
106.144,13.895,24391,Oculus Quest_Android
106.158,14.035,24395,Oculus Quest_Android
106.172,13.561,24398,Oculus Quest_Android
106.186,14.340,24401,Oculus Quest_Android
106.199,13.520,24405,Oculus Quest_Android
106.213,14.028,24408,Oculus Quest_Android
106.227,13.973,24411,Oculus Quest_Android
106.241,13.706,24414,Oculus Quest_Android
106.256,14.277,24418,Oculus Quest_Android
106.270,13.833,24421,Oculus Quest_Android
106.284,13.987,24425,Oculus Quest_Android
106.297,13.436,24428,Oculus Quest_Android
106.310,13.843,24431,Oculus Quest_Android
106.325,14.691,24434,Oculus Quest_Android
106.339,13.286,24438,Oculus Quest_Android
106.353,14.065,24441,Oculus Quest_Android
106.366,13.558,24444,Oculus Quest_Android
106.380,13.915,24448,Oculus Quest_Android
106.395,14.513,24451,Oculus Quest_Android
106.409,13.879,24454,Oculus Quest_Android
106.422,13.740,24458,Oculus Quest_Android
106.436,13.386,24461,Oculus Quest_Android
106.452,15.262,24464,Oculus Quest_Android
106.464,12.591,24467,Oculus Quest_Android
106.477,13.574,24471,Oculus Quest_Android
106.491,13.389,24474,Oculus Quest_Android
106.504,13.618,24477,Oculus Quest_Android
106.520,15.440,24481,Oculus Quest_Android
106.533,13.206,24484,Oculus Quest_Android
106.547,13.922,24487,Oculus Quest_Android
106.560,13.829,24490,Oculus Quest_Android
106.575,13.897,24494,Oculus Quest_Android
106.589,14.057,24497,Oculus Quest_Android
106.602,13.573,24500,Oculus Quest_Android
106.616,13.988,24504,Oculus Quest_Android
106.630,13.690,24507,Oculus Quest_Android
106.644,13.928,24510,Oculus Quest_Android
106.659,14.978,24514,Oculus Quest_Android
106.671,12.482,24517,Oculus Quest_Android
106.686,14.379,24520,Oculus Quest_Android
106.699,13.566,24523,Oculus Quest_Android
106.714,14.414,24527,Oculus Quest_Android
106.727,13.359,24530,Oculus Quest_Android
106.741,13.700,24533,Oculus Quest_Android
106.754,13.831,24536,Oculus Quest_Android
106.769,13.928,24540,Oculus Quest_Android
106.783,14.597,24543,Oculus Quest_Android
106.796,13.650,24546,Oculus Quest_Android
106.810,13.143,24550,Oculus Quest_Android
106.825,14.606,24553,Oculus Quest_Android
106.838,13.310,24556,Oculus Quest_Android
106.853,14.475,24560,Oculus Quest_Android
106.866,13.828,24563,Oculus Quest_Android
106.880,13.724,24566,Oculus Quest_Android
106.894,13.891,24569,Oculus Quest_Android
106.907,13.700,24573,Oculus Quest_Android
106.921,14.087,24576,Oculus Quest_Android
106.935,13.736,24579,Oculus Quest_Android
106.949,13.950,24583,Oculus Quest_Android
106.963,13.751,24586,Oculus Quest_Android
106.977,14.036,24589,Oculus Quest_Android
106.992,14.766,24593,Oculus Quest_Android
107.005,13.255,24596,Oculus Quest_Android
107.020,14.486,24599,Oculus Quest_Android
107.033,13.054,24602,Oculus Quest_Android
107.047,14.281,24606,Oculus Quest_Android
107.060,13.520,24609,Oculus Quest_Android
107.075,14.236,24612,Oculus Quest_Android
107.088,13.674,24616,Oculus Quest_Android
107.102,13.634,24619,Oculus Quest_Android
107.116,14.366,24622,Oculus Quest_Android
107.130,13.535,24626,Oculus Quest_Android
107.143,13.561,24629,Oculus Quest_Android
107.158,14.618,24632,Oculus Quest_Android
107.171,13.155,24635,Oculus Quest_Android
107.186,14.666,24639,Oculus Quest_Android
107.199,13.147,24642,Oculus Quest_Android
107.213,14.046,24645,Oculus Quest_Android
107.227,13.846,24649,Oculus Quest_Android
107.240,13.840,24652,Oculus Quest_Android
107.255,14.099,24655,Oculus Quest_Android
107.269,14.071,24659,Oculus Quest_Android
107.283,14.281,24662,Oculus Quest_Android
107.296,13.339,24665,Oculus Quest_Android
107.310,13.855,24668,Oculus Quest_Android
107.324,14.257,24672,Oculus Quest_Android
107.338,13.323,24675,Oculus Quest_Android
107.353,14.515,24678,Oculus Quest_Android
107.366,13.274,24682,Oculus Quest_Android
107.381,14.507,24685,Oculus Quest_Android
107.394,13.832,24688,Oculus Quest_Android
107.408,13.682,24692,Oculus Quest_Android
107.421,13.839,24695,Oculus Quest_Android
107.435,13.565,24698,Oculus Quest_Android
107.450,14.417,24702,Oculus Quest_Android
107.463,13.672,24705,Oculus Quest_Android
107.477,13.931,24708,Oculus Quest_Android
107.491,14.367,24712,Oculus Quest_Android
107.504,12.936,24715,Oculus Quest_Android
107.519,14.705,24718,Oculus Quest_Android
107.532,13.134,24721,Oculus Quest_Android
107.546,14.166,24725,Oculus Quest_Android
107.560,13.715,24728,Oculus Quest_Android
107.574,13.980,24731,Oculus Quest_Android
107.588,14.017,24734,Oculus Quest_Android
107.602,13.736,24738,Oculus Quest_Android
107.616,14.218,24741,Oculus Quest_Android
107.629,13.509,24744,Oculus Quest_Android
107.643,13.766,24748,Oculus Quest_Android
107.658,14.477,24751,Oculus Quest_Android
107.671,13.493,24754,Oculus Quest_Android
107.686,14.434,24758,Oculus Quest_Android
107.699,13.733,24761,Oculus Quest_Android
107.713,13.772,24764,Oculus Quest_Android
107.727,13.700,24767,Oculus Quest_Android
107.740,13.757,24771,Oculus Quest_Android
107.755,14.221,24774,Oculus Quest_Android
107.768,13.587,24777,Oculus Quest_Android
107.783,14.816,24781,Oculus Quest_Android
107.797,13.477,24784,Oculus Quest_Android
107.810,13.398,24787,Oculus Quest_Android
107.824,14.321,24791,Oculus Quest_Android
107.838,13.338,24794,Oculus Quest_Android
107.853,14.736,24797,Oculus Quest_Android
107.866,13.133,24800,Oculus Quest_Android
107.880,14.117,24804,Oculus Quest_Android
107.893,13.615,24807,Oculus Quest_Android
107.908,14.279,24810,Oculus Quest_Android
107.922,13.972,24814,Oculus Quest_Android
107.935,13.817,24817,Oculus Quest_Android
107.950,13.754,24820,Oculus Quest_Android
107.963,13.541,24824,Oculus Quest_Android
107.976,13.758,24827,Oculus Quest_Android
107.991,14.620,24830,Oculus Quest_Android
108.004,13.493,24833,Oculus Quest_Android
108.019,14.308,24837,Oculus Quest_Android
108.033,13.375,24840,Oculus Quest_Android
108.047,14.488,24844,Oculus Quest_Android
108.060,13.654,24847,Oculus Quest_Android
108.074,13.524,24850,Oculus Quest_Android
108.088,13.973,24853,Oculus Quest_Android
108.102,13.720,24857,Oculus Quest_Android
108.117,14.788,24860,Oculus Quest_Android
108.130,13.267,24863,Oculus Quest_Android
108.143,13.376,24866,Oculus Quest_Android
108.158,14.616,24870,Oculus Quest_Android
108.171,13.456,24873,Oculus Quest_Android
108.186,14.460,24876,Oculus Quest_Android
108.199,13.441,24880,Oculus Quest_Android
108.213,14.349,24883,Oculus Quest_Android
108.227,13.681,24886,Oculus Quest_Android
108.241,13.974,24890,Oculus Quest_Android
108.255,13.674,24893,Oculus Quest_Android
108.269,13.705,24896,Oculus Quest_Android
108.283,14.242,24900,Oculus Quest_Android
108.296,13.681,24903,Oculus Quest_Android
108.310,13.559,24906,Oculus Quest_Android
108.325,14.946,24910,Oculus Quest_Android
108.338,13.116,24913,Oculus Quest_Android
108.352,14.313,24916,Oculus Quest_Android
108.365,13.018,24919,Oculus Quest_Android
108.380,14.311,24923,Oculus Quest_Android
108.394,13.813,24926,Oculus Quest_Android
108.408,13.961,24929,Oculus Quest_Android
108.422,13.994,24933,Oculus Quest_Android
108.435,13.476,24936,Oculus Quest_Android
108.450,14.544,24939,Oculus Quest_Android
108.463,13.647,24942,Oculus Quest_Android
108.477,13.600,24946,Oculus Quest_Android
108.491,14.460,24949,Oculus Quest_Android
108.504,13.186,24952,Oculus Quest_Android
108.519,14.737,24956,Oculus Quest_Android
108.533,13.681,24959,Oculus Quest_Android
108.547,13.651,24962,Oculus Quest_Android
108.560,13.835,24966,Oculus Quest_Android
108.574,14.087,24969,Oculus Quest_Android
108.588,13.892,24972,Oculus Quest_Android
108.602,13.660,24975,Oculus Quest_Android
108.616,13.993,24979,Oculus Quest_Android
108.630,13.718,24982,Oculus Quest_Android
108.643,13.993,24985,Oculus Quest_Android
108.659,15.011,24989,Oculus Quest_Android
108.673,12.775,24992,Oculus Quest_Android
108.686,13.958,24995,Oculus Quest_Android
108.699,13.878,24999,Oculus Quest_Android
108.714,14.000,25002,Oculus Quest_Android
108.727,13.698,25005,Oculus Quest_Android
108.741,14.038,25008,Oculus Quest_Android
108.755,13.764,25012,Oculus Quest_Android
108.769,13.859,25015,Oculus Quest_Android
108.782,13.884,25018,Oculus Quest_Android
108.797,14.088,25022,Oculus Quest_Android
108.810,13.514,25025,Oculus Quest_Android
108.824,14.106,25028,Oculus Quest_Android
108.837,13.596,25031,Oculus Quest_Android
108.852,14.214,25035,Oculus Quest_Android
108.865,13.507,25038,Oculus Quest_Android
108.879,13.885,25041,Oculus Quest_Android
108.893,14.023,25045,Oculus Quest_Android
108.907,13.909,25048,Oculus Quest_Android
108.921,14.341,25051,Oculus Quest_Android
108.935,13.425,25055,Oculus Quest_Android
108.950,14.316,25058,Oculus Quest_Android
108.963,13.915,25061,Oculus Quest_Android
108.978,14.075,25065,Oculus Quest_Android
108.991,13.943,25068,Oculus Quest_Android
109.004,13.457,25071,Oculus Quest_Android
109.019,13.926,25074,Oculus Quest_Android
109.033,13.786,25078,Oculus Quest_Android
109.047,14.123,25081,Oculus Quest_Android
109.061,14.078,25084,Oculus Quest_Android
109.074,13.366,25088,Oculus Quest_Android
109.088,14.247,25091,Oculus Quest_Android
109.102,13.600,25094,Oculus Quest_Android
109.116,14.289,25098,Oculus Quest_Android
109.130,13.806,25101,Oculus Quest_Android
109.144,13.849,25104,Oculus Quest_Android
109.158,14.230,25108,Oculus Quest_Android
109.172,13.704,25111,Oculus Quest_Android
109.186,14.175,25114,Oculus Quest_Android
109.199,13.331,25118,Oculus Quest_Android
109.213,14.026,25121,Oculus Quest_Android
109.227,14.033,25124,Oculus Quest_Android
109.241,13.737,25128,Oculus Quest_Android
109.255,14.341,25131,Oculus Quest_Android
109.269,13.506,25134,Oculus Quest_Android
109.283,14.023,25138,Oculus Quest_Android
109.296,13.478,25141,Oculus Quest_Android
109.310,14.170,25144,Oculus Quest_Android
109.324,14.017,25148,Oculus Quest_Android
109.338,13.578,25151,Oculus Quest_Android
109.352,14.257,25154,Oculus Quest_Android
109.366,13.531,25158,Oculus Quest_Android
109.380,14.129,25161,Oculus Quest_Android
109.394,13.937,25164,Oculus Quest_Android
109.408,13.677,25168,Oculus Quest_Android
109.422,14.104,25171,Oculus Quest_Android
109.436,13.955,25174,Oculus Quest_Android
109.451,14.601,25178,Oculus Quest_Android
109.464,13.314,25181,Oculus Quest_Android
109.478,13.853,25184,Oculus Quest_Android
109.492,14.581,25188,Oculus Quest_Android
109.505,12.862,25191,Oculus Quest_Android
109.520,14.765,25195,Oculus Quest_Android
109.533,13.258,25198,Oculus Quest_Android
109.547,13.800,25201,Oculus Quest_Android
109.561,13.839,25204,Oculus Quest_Android
109.575,14.139,25208,Oculus Quest_Android
109.589,13.682,25211,Oculus Quest_Android
109.602,13.839,25214,Oculus Quest_Android
109.616,13.597,25218,Oculus Quest_Android
109.630,14.145,25221,Oculus Quest_Android
109.643,13.439,25224,Oculus Quest_Android
109.659,14.693,25228,Oculus Quest_Android
109.672,13.264,25231,Oculus Quest_Android
109.686,14.457,25234,Oculus Quest_Android
109.699,13.193,25238,Oculus Quest_Android
109.714,14.468,25241,Oculus Quest_Android
109.727,13.484,25244,Oculus Quest_Android
109.741,14.189,25248,Oculus Quest_Android
109.755,13.716,25251,Oculus Quest_Android
109.769,13.877,25254,Oculus Quest_Android
109.783,14.567,25258,Oculus Quest_Android
109.797,13.444,25261,Oculus Quest_Android
109.810,13.398,25264,Oculus Quest_Android
109.825,14.497,25268,Oculus Quest_Android
109.838,13.259,25271,Oculus Quest_Android
109.853,14.880,25275,Oculus Quest_Android
109.866,13.066,25278,Oculus Quest_Android
109.880,13.819,25281,Oculus Quest_Android
109.893,13.697,25284,Oculus Quest_Android
109.908,14.089,25288,Oculus Quest_Android
109.921,14.099,25291,Oculus Quest_Android
109.935,13.528,25294,Oculus Quest_Android
109.950,13.947,25298,Oculus Quest_Android
109.963,14.076,25301,Oculus Quest_Android
109.977,13.481,25304,Oculus Quest_Android
109.992,14.971,25308,Oculus Quest_Android
110.004,12.791,25311,Oculus Quest_Android
110.020,14.836,25314,Oculus Quest_Android
110.032,13.038,25318,Oculus Quest_Android
110.047,14.588,25321,Oculus Quest_Android
110.060,13.403,25324,Oculus Quest_Android
110.075,14.213,25328,Oculus Quest_Android
110.088,13.536,25331,Oculus Quest_Android
110.102,13.792,25334,Oculus Quest_Android
110.116,14.181,25338,Oculus Quest_Android
110.130,14.146,25341,Oculus Quest_Android
110.144,13.506,25344,Oculus Quest_Android
110.158,14.410,25348,Oculus Quest_Android
110.171,13.030,25351,Oculus Quest_Android
110.186,14.554,25354,Oculus Quest_Android
110.200,14.015,25358,Oculus Quest_Android
110.213,13.845,25361,Oculus Quest_Android
110.227,13.305,25364,Oculus Quest_Android
110.241,14.212,25368,Oculus Quest_Android
110.255,13.942,25371,Oculus Quest_Android
110.269,13.974,25374,Oculus Quest_Android
110.283,13.764,25378,Oculus Quest_Android
110.297,14.141,25381,Oculus Quest_Android
110.311,13.406,25384,Oculus Quest_Android
110.325,14.538,25388,Oculus Quest_Android
110.338,13.034,25391,Oculus Quest_Android
110.353,14.676,25394,Oculus Quest_Android
110.366,13.207,25398,Oculus Quest_Android
110.381,14.587,25401,Oculus Quest_Android
110.394,13.689,25404,Oculus Quest_Android
110.408,14.133,25408,Oculus Quest_Android
110.421,13.443,25411,Oculus Quest_Android
110.436,13.849,25414,Oculus Quest_Android
110.450,13.987,25418,Oculus Quest_Android
110.464,14.162,25421,Oculus Quest_Android
110.477,13.114,25424,Oculus Quest_Android
110.492,14.696,25428,Oculus Quest_Android
110.504,13.130,25431,Oculus Quest_Android
110.523,17.777,25435,Oculus Quest_Android
110.532,10.207,25438,Oculus Quest_Android
110.547,13.905,25441,Oculus Quest_Android
110.560,13.911,25444,Oculus Quest_Android
110.575,14.168,25448,Oculus Quest_Android
110.589,13.790,25451,Oculus Quest_Android
110.602,13.967,25454,Oculus Quest_Android
110.616,13.823,25458,Oculus Quest_Android
110.630,13.922,25461,Oculus Quest_Android
110.644,13.616,25464,Oculus Quest_Android
110.658,14.783,25468,Oculus Quest_Android
110.672,13.011,25471,Oculus Quest_Android
110.686,14.213,25474,Oculus Quest_Android
110.699,13.317,25478,Oculus Quest_Android
110.714,14.576,25481,Oculus Quest_Android
110.727,13.473,25484,Oculus Quest_Android
110.741,14.033,25488,Oculus Quest_Android
110.755,14.070,25491,Oculus Quest_Android
110.769,13.823,25494,Oculus Quest_Android
110.783,13.892,25498,Oculus Quest_Android
110.797,14.205,25501,Oculus Quest_Android
110.810,13.293,25504,Oculus Quest_Android
110.825,14.583,25508,Oculus Quest_Android
110.838,13.067,25511,Oculus Quest_Android
110.853,14.329,25514,Oculus Quest_Android
110.866,13.364,25518,Oculus Quest_Android
110.880,14.162,25521,Oculus Quest_Android
110.893,13.892,25524,Oculus Quest_Android
110.908,14.314,25528,Oculus Quest_Android
110.922,13.906,25531,Oculus Quest_Android
110.936,13.782,25534,Oculus Quest_Android
110.950,13.578,25538,Oculus Quest_Android
110.964,14.444,25541,Oculus Quest_Android
110.977,13.006,25544,Oculus Quest_Android
110.992,15.038,25548,Oculus Quest_Android
111.005,12.837,25551,Oculus Quest_Android
111.019,14.323,25554,Oculus Quest_Android
111.032,13.537,25558,Oculus Quest_Android
111.047,14.445,25561,Oculus Quest_Android
111.061,13.728,25564,Oculus Quest_Android
111.075,14.163,25568,Oculus Quest_Android
111.088,13.326,25571,Oculus Quest_Android
111.102,14.046,25574,Oculus Quest_Android
111.116,13.866,25578,Oculus Quest_Android
111.131,14.355,25581,Oculus Quest_Android
111.143,12.971,25584,Oculus Quest_Android
111.158,14.833,25588,Oculus Quest_Android
111.171,13.064,25591,Oculus Quest_Android
111.186,14.536,25594,Oculus Quest_Android
111.199,13.289,25598,Oculus Quest_Android
111.213,13.972,25601,Oculus Quest_Android
111.227,13.931,25604,Oculus Quest_Android
111.242,14.436,25608,Oculus Quest_Android
111.255,13.796,25611,Oculus Quest_Android
111.270,14.658,25615,Oculus Quest_Android
111.284,13.042,25618,Oculus Quest_Android
111.297,13.612,25621,Oculus Quest_Android
111.310,13.340,25624,Oculus Quest_Android
111.324,14.609,25628,Oculus Quest_Android
111.337,13.085,25631,Oculus Quest_Android
111.353,14.771,25634,Oculus Quest_Android
111.365,12.985,25638,Oculus Quest_Android
111.380,14.561,25641,Oculus Quest_Android
111.394,13.833,25644,Oculus Quest_Android
111.408,13.995,25648,Oculus Quest_Android
111.421,13.815,25651,Oculus Quest_Android
111.435,13.913,25654,Oculus Quest_Android
111.450,14.322,25658,Oculus Quest_Android
111.464,13.956,25661,Oculus Quest_Android
111.476,12.963,25664,Oculus Quest_Android
111.492,14.995,25668,Oculus Quest_Android
111.506,13.821,25671,Oculus Quest_Android
111.520,14.157,25675,Oculus Quest_Android
111.531,12.219,25677,Oculus Quest_Android
111.546,14.085,25681,Oculus Quest_Android
111.560,14.027,25684,Oculus Quest_Android
111.574,13.772,25688,Oculus Quest_Android
111.588,14.182,25691,Oculus Quest_Android
111.601,13.613,25694,Oculus Quest_Android
111.616,14.139,25698,Oculus Quest_Android
111.629,13.699,25701,Oculus Quest_Android
111.644,14.041,25704,Oculus Quest_Android
111.659,15.170,25708,Oculus Quest_Android
111.672,13.281,25711,Oculus Quest_Android
111.686,14.222,25714,Oculus Quest_Android
111.700,13.530,25718,Oculus Quest_Android
111.714,13.842,25721,Oculus Quest_Android
111.728,14.838,25725,Oculus Quest_Android
111.741,12.764,25728,Oculus Quest_Android
111.755,13.817,25731,Oculus Quest_Android
111.769,13.682,25734,Oculus Quest_Android
111.783,14.087,25738,Oculus Quest_Android
111.797,14.156,25741,Oculus Quest_Android
111.810,13.695,25744,Oculus Quest_Android
111.824,13.771,25748,Oculus Quest_Android
111.838,13.621,25751,Oculus Quest_Android
111.852,14.085,25754,Oculus Quest_Android
111.865,13.603,25758,Oculus Quest_Android
111.879,13.842,25761,Oculus Quest_Android
111.893,14.075,25764,Oculus Quest_Android
111.907,13.979,25768,Oculus Quest_Android
111.923,14.794,25771,Oculus Quest_Android
111.935,13.155,25774,Oculus Quest_Android
111.950,13.891,25778,Oculus Quest_Android
111.963,13.660,25781,Oculus Quest_Android
111.977,14.000,25784,Oculus Quest_Android
111.992,14.529,25788,Oculus Quest_Android
112.005,13.398,25791,Oculus Quest_Android
112.018,13.956,25794,Oculus Quest_Android
112.032,13.597,25798,Oculus Quest_Android
112.047,14.227,25801,Oculus Quest_Android
112.061,14.010,25804,Oculus Quest_Android
112.075,13.842,25808,Oculus Quest_Android
112.088,13.839,25811,Oculus Quest_Android
112.102,13.638,25814,Oculus Quest_Android
112.116,14.371,25818,Oculus Quest_Android
112.130,13.886,25821,Oculus Quest_Android
112.144,13.428,25824,Oculus Quest_Android
112.158,14.204,25828,Oculus Quest_Android
112.171,13.781,25831,Oculus Quest_Android
112.186,14.284,25834,Oculus Quest_Android
112.200,13.672,25838,Oculus Quest_Android
112.214,13.893,25841,Oculus Quest_Android
112.228,14.088,25844,Oculus Quest_Android
112.241,13.716,25848,Oculus Quest_Android
112.256,14.045,25851,Oculus Quest_Android
112.269,13.689,25854,Oculus Quest_Android
112.283,13.945,25858,Oculus Quest_Android
112.297,13.664,25861,Oculus Quest_Android
112.311,14.291,25864,Oculus Quest_Android
112.325,13.946,25868,Oculus Quest_Android
112.339,13.779,25871,Oculus Quest_Android
112.354,14.363,25875,Oculus Quest_Android
112.367,13.310,25878,Oculus Quest_Android
112.381,14.146,25881,Oculus Quest_Android
112.395,13.888,25884,Oculus Quest_Android
112.408,13.799,25888,Oculus Quest_Android
112.422,13.726,25891,Oculus Quest_Android
112.436,13.833,25894,Oculus Quest_Android
112.450,14.195,25898,Oculus Quest_Android
112.464,13.727,25901,Oculus Quest_Android
112.477,13.124,25904,Oculus Quest_Android
112.492,14.941,25908,Oculus Quest_Android
112.505,13.049,25911,Oculus Quest_Android
112.520,14.376,25914,Oculus Quest_Android
112.533,13.522,25918,Oculus Quest_Android
112.547,13.831,25921,Oculus Quest_Android
112.560,13.705,25924,Oculus Quest_Android
112.575,14.349,25928,Oculus Quest_Android
112.588,13.684,25931,Oculus Quest_Android
112.602,13.922,25934,Oculus Quest_Android
112.616,13.865,25938,Oculus Quest_Android
112.631,14.319,25941,Oculus Quest_Android
112.644,13.407,25944,Oculus Quest_Android
112.658,14.389,25948,Oculus Quest_Android
112.672,13.354,25951,Oculus Quest_Android
112.686,14.646,25955,Oculus Quest_Android
112.699,13.064,25958,Oculus Quest_Android
112.713,13.715,25961,Oculus Quest_Android
112.727,13.907,25964,Oculus Quest_Android
112.741,14.025,25968,Oculus Quest_Android
112.755,13.751,25971,Oculus Quest_Android
112.769,14.221,25974,Oculus Quest_Android
112.782,13.825,25978,Oculus Quest_Android
112.797,14.287,25981,Oculus Quest_Android
112.810,13.049,25984,Oculus Quest_Android
112.825,14.812,25988,Oculus Quest_Android
112.838,13.140,25991,Oculus Quest_Android
112.853,14.325,25994,Oculus Quest_Android
112.866,13.287,25998,Oculus Quest_Android
112.880,13.964,26001,Oculus Quest_Android
112.894,14.157,26004,Oculus Quest_Android
112.908,14.140,26008,Oculus Quest_Android
112.922,13.842,26011,Oculus Quest_Android
112.935,13.709,26014,Oculus Quest_Android
112.950,13.995,26018,Oculus Quest_Android
112.963,13.833,26021,Oculus Quest_Android
112.976,13.412,26024,Oculus Quest_Android
112.992,15.171,26028,Oculus Quest_Android
113.005,12.872,26031,Oculus Quest_Android
113.020,14.628,26034,Oculus Quest_Android
113.032,13.018,26038,Oculus Quest_Android
113.047,14.396,26041,Oculus Quest_Android
113.060,13.841,26044,Oculus Quest_Android
113.075,13.911,26048,Oculus Quest_Android
113.088,13.900,26051,Oculus Quest_Android
113.102,13.786,26054,Oculus Quest_Android
113.117,14.323,26058,Oculus Quest_Android
113.130,13.796,26061,Oculus Quest_Android
113.143,12.860,26064,Oculus Quest_Android
113.158,14.587,26068,Oculus Quest_Android
113.171,13.388,26071,Oculus Quest_Android
113.186,14.495,26075,Oculus Quest_Android
113.199,13.227,26078,Oculus Quest_Android
113.214,14.519,26081,Oculus Quest_Android
113.227,13.489,26085,Oculus Quest_Android
113.241,14.032,26088,Oculus Quest_Android
113.254,13.846,26091,Oculus Quest_Android
113.269,14.095,26095,Oculus Quest_Android
113.283,13.673,26098,Oculus Quest_Android
113.297,14.388,26102,Oculus Quest_Android
113.310,13.294,26105,Oculus Quest_Android
113.325,15.239,26109,Oculus Quest_Android
113.338,12.771,26112,Oculus Quest_Android
113.353,14.411,26115,Oculus Quest_Android
113.366,12.868,26118,Oculus Quest_Android
113.380,14.492,26122,Oculus Quest_Android
113.393,13.544,26125,Oculus Quest_Android
113.408,14.090,26128,Oculus Quest_Android
113.421,13.732,26132,Oculus Quest_Android
113.435,13.955,26135,Oculus Quest_Android
113.449,13.987,26139,Oculus Quest_Android
113.463,13.909,26142,Oculus Quest_Android
113.477,13.781,26145,Oculus Quest_Android
113.491,14.217,26149,Oculus Quest_Android
113.504,13.087,26152,Oculus Quest_Android
113.519,14.497,26155,Oculus Quest_Android
113.532,13.762,26159,Oculus Quest_Android
113.547,14.322,26162,Oculus Quest_Android
113.560,13.146,26165,Oculus Quest_Android
113.574,14.038,26169,Oculus Quest_Android
113.588,14.005,26172,Oculus Quest_Android
113.602,13.912,26176,Oculus Quest_Android
113.616,14.016,26179,Oculus Quest_Android
113.630,14.014,26182,Oculus Quest_Android
113.643,13.245,26186,Oculus Quest_Android
113.658,14.945,26189,Oculus Quest_Android
113.671,12.993,26192,Oculus Quest_Android
113.686,14.546,26196,Oculus Quest_Android
113.699,13.044,26199,Oculus Quest_Android
113.714,14.702,26203,Oculus Quest_Android
113.727,13.530,26206,Oculus Quest_Android
113.741,14.367,26209,Oculus Quest_Android
113.755,13.552,26213,Oculus Quest_Android
113.769,13.819,26216,Oculus Quest_Android
113.783,14.196,26219,Oculus Quest_Android
113.797,13.964,26223,Oculus Quest_Android
113.810,13.059,26226,Oculus Quest_Android
113.825,14.807,26230,Oculus Quest_Android
113.838,13.012,26233,Oculus Quest_Android
113.852,14.337,26236,Oculus Quest_Android
113.866,13.395,26239,Oculus Quest_Android
113.880,14.506,26243,Oculus Quest_Android
113.893,13.622,26246,Oculus Quest_Android
113.907,13.863,26250,Oculus Quest_Android
113.922,14.028,26253,Oculus Quest_Android
113.935,13.773,26256,Oculus Quest_Android
113.949,13.917,26260,Oculus Quest_Android
113.963,14.095,26263,Oculus Quest_Android
113.978,14.027,26267,Oculus Quest_Android
113.992,14.548,26270,Oculus Quest_Android
114.005,12.969,26273,Oculus Quest_Android
114.019,14.098,26277,Oculus Quest_Android
114.032,12.986,26280,Oculus Quest_Android
114.047,14.597,26283,Oculus Quest_Android
114.061,13.883,26287,Oculus Quest_Android
114.074,13.792,26290,Oculus Quest_Android
114.088,13.824,26293,Oculus Quest_Android
114.102,13.866,26297,Oculus Quest_Android
114.116,14.103,26300,Oculus Quest_Android
114.130,13.947,26304,Oculus Quest_Android
114.143,13.354,26307,Oculus Quest_Android
114.158,14.859,26310,Oculus Quest_Android
114.171,12.620,26313,Oculus Quest_Android
114.186,14.592,26317,Oculus Quest_Android
114.198,13.315,26320,Oculus Quest_Android
114.213,14.508,26324,Oculus Quest_Android
114.227,13.750,26327,Oculus Quest_Android
114.240,13.493,26330,Oculus Quest_Android
114.255,14.495,26334,Oculus Quest_Android
114.268,13.422,26337,Oculus Quest_Android
114.283,14.187,26341,Oculus Quest_Android
114.296,13.584,26344,Oculus Quest_Android
114.311,14.474,26347,Oculus Quest_Android
114.325,14.111,26351,Oculus Quest_Android
114.338,13.140,26354,Oculus Quest_Android
114.353,14.303,26357,Oculus Quest_Android
114.366,13.656,26361,Oculus Quest_Android
114.381,14.811,26364,Oculus Quest_Android
114.394,13.122,26368,Oculus Quest_Android
114.407,13.391,26371,Oculus Quest_Android
114.422,14.355,26374,Oculus Quest_Android
114.435,13.362,26377,Oculus Quest_Android
114.449,14.317,26381,Oculus Quest_Android
114.463,14.010,26384,Oculus Quest_Android
114.476,13.214,26388,Oculus Quest_Android
114.491,14.234,26391,Oculus Quest_Android
114.504,13.663,26394,Oculus Quest_Android
114.519,14.757,26398,Oculus Quest_Android
114.533,13.214,26401,Oculus Quest_Android
114.547,14.316,26405,Oculus Quest_Android
114.561,13.875,26408,Oculus Quest_Android
114.574,14.064,26411,Oculus Quest_Android
114.588,13.826,26415,Oculus Quest_Android
114.602,13.286,26418,Oculus Quest_Android
114.616,14.049,26421,Oculus Quest_Android
114.630,14.227,26425,Oculus Quest_Android
114.643,13.555,26428,Oculus Quest_Android
114.659,15.261,26432,Oculus Quest_Android
114.674,12.778,26435,Oculus Quest_Android
114.690,18.136,26439,Oculus Quest_Android
114.702,12.126,26442,Oculus Quest_Android
114.715,13.248,26445,Oculus Quest_Android
114.726,10.821,26448,Oculus Quest_Android
114.739,13.537,26451,Oculus Quest_Android
114.754,13.928,26455,Oculus Quest_Android
114.767,14.106,26458,Oculus Quest_Android
114.781,14.118,26462,Oculus Quest_Android
114.796,13.930,26465,Oculus Quest_Android
114.810,14.157,26468,Oculus Quest_Android
114.823,13.997,26472,Oculus Quest_Android
114.837,13.374,26475,Oculus Quest_Android
114.851,14.322,26478,Oculus Quest_Android
114.865,13.468,26482,Oculus Quest_Android
114.879,14.292,26485,Oculus Quest_Android
114.893,13.889,26489,Oculus Quest_Android
114.907,13.992,26492,Oculus Quest_Android
114.921,14.088,26495,Oculus Quest_Android
114.935,14.035,26499,Oculus Quest_Android
114.950,14.384,26502,Oculus Quest_Android
114.963,13.627,26506,Oculus Quest_Android
114.976,13.384,26509,Oculus Quest_Android
114.991,14.638,26512,Oculus Quest_Android
115.004,13.145,26516,Oculus Quest_Android
115.019,14.494,26519,Oculus Quest_Android
115.032,13.190,26522,Oculus Quest_Android
115.046,14.130,26526,Oculus Quest_Android
115.060,14.078,26529,Oculus Quest_Android
115.074,13.689,26532,Oculus Quest_Android
115.087,14.015,26536,Oculus Quest_Android
115.101,13.662,26539,Oculus Quest_Android
115.116,14.194,26543,Oculus Quest_Android
115.130,13.931,26546,Oculus Quest_Android
115.143,13.770,26549,Oculus Quest_Android
115.157,14.036,26553,Oculus Quest_Android
115.171,13.637,26556,Oculus Quest_Android
115.186,14.438,26559,Oculus Quest_Android
115.199,13.507,26563,Oculus Quest_Android
115.212,13.870,26566,Oculus Quest_Android
115.227,14.081,26570,Oculus Quest_Android
115.241,13.733,26573,Oculus Quest_Android
115.255,14.324,26576,Oculus Quest_Android
115.269,13.569,26580,Oculus Quest_Android
115.282,13.918,26583,Oculus Quest_Android
115.296,13.797,26586,Oculus Quest_Android
115.310,14.068,26590,Oculus Quest_Android
115.324,14.038,26593,Oculus Quest_Android
115.338,13.691,26596,Oculus Quest_Android
115.356,15.446,26600,Oculus Quest_Android
115.366,12.523,26603,Oculus Quest_Android
115.381,14.577,26607,Oculus Quest_Android
115.394,13.556,26610,Oculus Quest_Android
115.409,14.441,26614,Oculus Quest_Android
115.422,13.065,26617,Oculus Quest_Android
115.436,14.248,26620,Oculus Quest_Android
115.450,13.420,26623,Oculus Quest_Android
115.463,13.453,26627,Oculus Quest_Android
115.476,13.197,26630,Oculus Quest_Android
115.490,14.425,26633,Oculus Quest_Android
115.504,13.950,26637,Oculus Quest_Android
115.520,14.767,26640,Oculus Quest_Android
115.532,13.084,26644,Oculus Quest_Android
115.546,13.974,26647,Oculus Quest_Android
115.560,14.107,26650,Oculus Quest_Android
115.574,13.841,26654,Oculus Quest_Android
115.587,13.556,26657,Oculus Quest_Android
115.601,13.831,26660,Oculus Quest_Android
115.616,13.957,26664,Oculus Quest_Android
115.629,13.890,26667,Oculus Quest_Android
115.643,13.652,26670,Oculus Quest_Android
115.657,14.604,26674,Oculus Quest_Android
115.670,13.175,26677,Oculus Quest_Android
115.685,14.470,26681,Oculus Quest_Android
115.698,13.611,26684,Oculus Quest_Android
115.713,13.991,26687,Oculus Quest_Android
115.727,14.184,26691,Oculus Quest_Android
115.741,13.635,26694,Oculus Quest_Android
115.755,14.022,26697,Oculus Quest_Android
115.769,13.861,26701,Oculus Quest_Android
115.783,13.827,26704,Oculus Quest_Android
115.796,14.215,26708,Oculus Quest_Android
115.810,13.504,26711,Oculus Quest_Android
115.824,14.239,26714,Oculus Quest_Android
115.838,13.504,26718,Oculus Quest_Android
115.852,14.157,26721,Oculus Quest_Android
115.865,13.623,26724,Oculus Quest_Android
115.880,13.880,26728,Oculus Quest_Android
115.893,13.989,26731,Oculus Quest_Android
115.907,13.924,26734,Oculus Quest_Android
115.922,14.242,26738,Oculus Quest_Android
115.935,13.518,26741,Oculus Quest_Android
115.950,14.579,26745,Oculus Quest_Android
115.963,13.330,26748,Oculus Quest_Android
115.977,13.706,26751,Oculus Quest_Android
115.992,14.552,26755,Oculus Quest_Android
116.004,13.144,26758,Oculus Quest_Android
116.019,14.741,26762,Oculus Quest_Android
116.032,13.200,26765,Oculus Quest_Android
116.047,14.338,26768,Oculus Quest_Android
116.060,13.626,26772,Oculus Quest_Android
116.074,13.786,26775,Oculus Quest_Android
116.088,13.896,26778,Oculus Quest_Android
116.102,13.921,26782,Oculus Quest_Android
116.116,13.929,26785,Oculus Quest_Android
116.130,14.036,26788,Oculus Quest_Android
116.143,13.081,26791,Oculus Quest_Android
116.157,14.529,26795,Oculus Quest_Android
116.171,13.238,26798,Oculus Quest_Android
116.186,14.554,26802,Oculus Quest_Android
116.199,13.421,26805,Oculus Quest_Android
116.213,14.096,26808,Oculus Quest_Android
116.227,13.883,26812,Oculus Quest_Android
116.241,14.489,26815,Oculus Quest_Android
116.255,13.407,26818,Oculus Quest_Android
116.269,14.242,26822,Oculus Quest_Android
116.283,13.583,26825,Oculus Quest_Android
116.297,14.335,26828,Oculus Quest_Android
116.310,12.947,26831,Oculus Quest_Android
116.325,14.837,26835,Oculus Quest_Android
116.338,12.938,26838,Oculus Quest_Android
116.353,14.895,26842,Oculus Quest_Android
116.366,13.124,26845,Oculus Quest_Android
116.380,14.430,26848,Oculus Quest_Android
116.394,13.460,26852,Oculus Quest_Android
116.408,14.011,26855,Oculus Quest_Android
116.422,13.755,26858,Oculus Quest_Android
116.435,13.928,26862,Oculus Quest_Android
116.449,14.216,26865,Oculus Quest_Android
116.463,13.678,26868,Oculus Quest_Android
116.477,13.558,26872,Oculus Quest_Android
116.491,14.502,26875,Oculus Quest_Android
116.504,12.979,26878,Oculus Quest_Android
116.519,14.524,26882,Oculus Quest_Android
116.532,13.236,26885,Oculus Quest_Android
116.547,14.505,26888,Oculus Quest_Android
116.560,13.348,26891,Oculus Quest_Android
116.574,14.520,26895,Oculus Quest_Android
116.589,13.815,26898,Oculus Quest_Android
116.602,13.574,26902,Oculus Quest_Android
116.616,13.736,26905,Oculus Quest_Android
116.629,13.749,26908,Oculus Quest_Android
116.642,13.359,26911,Oculus Quest_Android
116.657,14.851,26915,Oculus Quest_Android
116.670,12.995,26918,Oculus Quest_Android
116.685,14.673,26922,Oculus Quest_Android
116.699,13.701,26925,Oculus Quest_Android
116.713,13.953,26928,Oculus Quest_Android
116.726,13.895,26932,Oculus Quest_Android
116.740,13.956,26935,Oculus Quest_Android
116.754,14.014,26938,Oculus Quest_Android
116.768,13.775,26942,Oculus Quest_Android
116.782,13.996,26945,Oculus Quest_Android
116.796,14.232,26948,Oculus Quest_Android
116.810,13.478,26952,Oculus Quest_Android
116.824,14.290,26955,Oculus Quest_Android
116.838,13.438,26958,Oculus Quest_Android
116.852,14.372,26962,Oculus Quest_Android
116.865,13.518,26965,Oculus Quest_Android
116.880,14.075,26968,Oculus Quest_Android
116.893,13.918,26972,Oculus Quest_Android
116.907,13.904,26975,Oculus Quest_Android
116.922,14.034,26978,Oculus Quest_Android
116.935,13.646,26982,Oculus Quest_Android
116.949,14.029,26985,Oculus Quest_Android
116.963,13.593,26988,Oculus Quest_Android
116.977,13.821,26992,Oculus Quest_Android
116.991,14.487,26995,Oculus Quest_Android
117.004,13.325,26998,Oculus Quest_Android
117.019,14.324,27002,Oculus Quest_Android
117.033,13.733,27005,Oculus Quest_Android
117.047,13.916,27008,Oculus Quest_Android
117.060,14.124,27012,Oculus Quest_Android
117.074,13.515,27015,Oculus Quest_Android
117.088,13.995,27018,Oculus Quest_Android
117.101,13.629,27022,Oculus Quest_Android
117.116,14.422,27025,Oculus Quest_Android
117.130,13.754,27028,Oculus Quest_Android
117.144,14.081,27032,Oculus Quest_Android
117.157,13.909,27035,Oculus Quest_Android
117.171,13.694,27038,Oculus Quest_Android
117.186,14.317,27042,Oculus Quest_Android
117.200,14.132,27045,Oculus Quest_Android
117.213,13.205,27048,Oculus Quest_Android
117.227,14.038,27052,Oculus Quest_Android
117.241,13.609,27055,Oculus Quest_Android
117.255,14.323,27058,Oculus Quest_Android
117.269,13.933,27062,Oculus Quest_Android
117.283,13.796,27065,Oculus Quest_Android
117.297,13.650,27068,Oculus Quest_Android
117.310,13.588,27072,Oculus Quest_Android
117.325,14.303,27075,Oculus Quest_Android
117.339,14.368,27078,Oculus Quest_Android
117.353,13.691,27082,Oculus Quest_Android
117.365,12.840,27085,Oculus Quest_Android
117.380,14.210,27088,Oculus Quest_Android
117.393,14.018,27092,Oculus Quest_Android
117.407,13.824,27095,Oculus Quest_Android
117.421,13.889,27098,Oculus Quest_Android
117.435,13.857,27102,Oculus Quest_Android
117.449,14.089,27105,Oculus Quest_Android
117.463,14.054,27108,Oculus Quest_Android
117.477,14.096,27112,Oculus Quest_Android
117.491,14.085,27115,Oculus Quest_Android
117.504,12.800,27118,Oculus Quest_Android
117.519,14.422,27122,Oculus Quest_Android
117.532,13.553,27125,Oculus Quest_Android
117.546,14.042,27128,Oculus Quest_Android
117.560,13.880,27132,Oculus Quest_Android
117.574,14.087,27135,Oculus Quest_Android
117.588,13.866,27138,Oculus Quest_Android
117.601,13.554,27142,Oculus Quest_Android
117.616,14.188,27145,Oculus Quest_Android
117.629,13.652,27148,Oculus Quest_Android
117.643,14.056,27152,Oculus Quest_Android
117.659,14.998,27155,Oculus Quest_Android
117.672,13.575,27158,Oculus Quest_Android
117.686,13.967,27162,Oculus Quest_Android
117.703,14.037,27165,Oculus Quest_Android
117.714,13.400,27168,Oculus Quest_Android
117.728,13.806,27172,Oculus Quest_Android
117.741,13.932,27175,Oculus Quest_Android
117.755,13.686,27178,Oculus Quest_Android
117.769,13.754,27182,Oculus Quest_Android
117.783,13.890,27185,Oculus Quest_Android
117.797,14.238,27188,Oculus Quest_Android
117.810,13.344,27192,Oculus Quest_Android
117.824,14.097,27195,Oculus Quest_Android
117.837,13.413,27198,Oculus Quest_Android
117.852,14.325,27202,Oculus Quest_Android
117.866,13.477,27205,Oculus Quest_Android
117.879,14.096,27208,Oculus Quest_Android
117.893,14.077,27212,Oculus Quest_Android
117.907,13.856,27215,Oculus Quest_Android
117.922,14.347,27218,Oculus Quest_Android
117.935,13.285,27222,Oculus Quest_Android
117.949,13.805,27225,Oculus Quest_Android
117.962,13.710,27228,Oculus Quest_Android
117.976,13.836,27231,Oculus Quest_Android
117.991,14.323,27235,Oculus Quest_Android
118.004,13.656,27238,Oculus Quest_Android
118.018,14.081,27242,Oculus Quest_Android
118.032,13.659,27245,Oculus Quest_Android
118.047,14.201,27248,Oculus Quest_Android
118.060,14.017,27252,Oculus Quest_Android
118.074,13.670,27255,Oculus Quest_Android
118.088,14.013,27258,Oculus Quest_Android
118.101,13.676,27262,Oculus Quest_Android
118.116,14.150,27265,Oculus Quest_Android
118.130,13.936,27268,Oculus Quest_Android
118.143,13.634,27272,Oculus Quest_Android
118.157,14.121,27275,Oculus Quest_Android
118.172,14.254,27278,Oculus Quest_Android
118.186,14.165,27282,Oculus Quest_Android
118.200,13.458,27285,Oculus Quest_Android
118.214,14.295,27288,Oculus Quest_Android
118.228,13.568,27292,Oculus Quest_Android
118.241,13.491,27295,Oculus Quest_Android
118.255,14.245,27298,Oculus Quest_Android
118.270,14.348,27302,Oculus Quest_Android
118.284,13.664,27305,Oculus Quest_Android
118.297,13.721,27308,Oculus Quest_Android
118.310,12.846,27311,Oculus Quest_Android
118.324,14.556,27315,Oculus Quest_Android
118.337,13.049,27318,Oculus Quest_Android
118.353,14.803,27322,Oculus Quest_Android
118.366,13.665,27325,Oculus Quest_Android
118.380,13.811,27328,Oculus Quest_Android
118.393,13.754,27332,Oculus Quest_Android
118.406,13.434,27335,Oculus Quest_Android
118.421,14.128,27338,Oculus Quest_Android
118.435,13.842,27341,Oculus Quest_Android
118.449,14.277,27345,Oculus Quest_Android
118.463,13.977,27348,Oculus Quest_Android
118.476,13.515,27351,Oculus Quest_Android
118.491,14.345,27355,Oculus Quest_Android
118.504,13.439,27358,Oculus Quest_Android
118.519,14.203,27362,Oculus Quest_Android
118.532,13.829,27365,Oculus Quest_Android
118.546,13.953,27368,Oculus Quest_Android
118.560,13.920,27372,Oculus Quest_Android
118.574,13.700,27375,Oculus Quest_Android
118.588,14.139,27378,Oculus Quest_Android
118.602,13.560,27382,Oculus Quest_Android
118.616,14.059,27385,Oculus Quest_Android
118.629,13.729,27388,Oculus Quest_Android
118.643,13.922,27392,Oculus Quest_Android
118.658,14.601,27395,Oculus Quest_Android
118.671,13.292,27398,Oculus Quest_Android
118.685,14.185,27402,Oculus Quest_Android
118.699,13.412,27405,Oculus Quest_Android
118.713,14.148,27408,Oculus Quest_Android
118.727,14.078,27412,Oculus Quest_Android
118.741,13.800,27415,Oculus Quest_Android
118.754,13.728,27418,Oculus Quest_Android
118.768,13.726,27422,Oculus Quest_Android
118.782,14.085,27425,Oculus Quest_Android
118.796,13.959,27428,Oculus Quest_Android
118.810,13.481,27431,Oculus Quest_Android
118.824,14.284,27435,Oculus Quest_Android
118.837,13.567,27438,Oculus Quest_Android
118.852,14.221,27442,Oculus Quest_Android
118.865,13.777,27445,Oculus Quest_Android
118.880,13.933,27448,Oculus Quest_Android
118.893,13.942,27452,Oculus Quest_Android
118.907,13.720,27455,Oculus Quest_Android
118.921,14.126,27458,Oculus Quest_Android
118.935,13.639,27462,Oculus Quest_Android
118.949,14.160,27465,Oculus Quest_Android
118.963,13.766,27468,Oculus Quest_Android
118.977,14.414,27472,Oculus Quest_Android
118.991,13.792,27475,Oculus Quest_Android
119.004,13.185,27478,Oculus Quest_Android
119.019,14.304,27482,Oculus Quest_Android
119.032,13.815,27485,Oculus Quest_Android
119.046,13.750,27488,Oculus Quest_Android
119.060,14.191,27492,Oculus Quest_Android
119.074,13.652,27495,Oculus Quest_Android
119.088,14.022,27498,Oculus Quest_Android
119.102,13.624,27501,Oculus Quest_Android
119.116,14.255,27505,Oculus Quest_Android
119.130,13.833,27508,Oculus Quest_Android
119.143,13.658,27511,Oculus Quest_Android
119.158,14.298,27515,Oculus Quest_Android
119.171,13.307,27518,Oculus Quest_Android
119.186,14.587,27521,Oculus Quest_Android
119.199,13.312,27525,Oculus Quest_Android
119.213,13.937,27528,Oculus Quest_Android
119.226,13.844,27531,Oculus Quest_Android
119.241,13.934,27534,Oculus Quest_Android
119.254,13.917,27538,Oculus Quest_Android
119.268,13.685,27541,Oculus Quest_Android
119.282,14.046,27544,Oculus Quest_Android
119.296,13.783,27548,Oculus Quest_Android
119.310,13.854,27551,Oculus Quest_Android
119.324,14.141,27554,Oculus Quest_Android
119.337,13.601,27558,Oculus Quest_Android
119.352,14.587,27561,Oculus Quest_Android
119.365,13.367,27564,Oculus Quest_Android
119.380,14.387,27568,Oculus Quest_Android
119.394,13.724,27571,Oculus Quest_Android
119.407,13.734,27574,Oculus Quest_Android
119.421,14.067,27577,Oculus Quest_Android
119.435,13.553,27581,Oculus Quest_Android
119.450,14.270,27584,Oculus Quest_Android
119.463,13.762,27587,Oculus Quest_Android
119.476,13.655,27591,Oculus Quest_Android
119.490,14.009,27594,Oculus Quest_Android
119.504,13.638,27597,Oculus Quest_Android
119.519,14.147,27601,Oculus Quest_Android
119.533,14.116,27604,Oculus Quest_Android
119.547,14.107,27607,Oculus Quest_Android
119.560,13.774,27611,Oculus Quest_Android
119.574,13.586,27614,Oculus Quest_Android
119.588,13.904,27617,Oculus Quest_Android
119.601,13.527,27620,Oculus Quest_Android
119.615,14.083,27624,Oculus Quest_Android
119.629,13.695,27627,Oculus Quest_Android
119.643,13.849,27630,Oculus Quest_Android
119.657,14.336,27634,Oculus Quest_Android
119.671,13.423,27637,Oculus Quest_Android
119.685,14.181,27640,Oculus Quest_Android
119.698,13.695,27643,Oculus Quest_Android
119.713,14.042,27647,Oculus Quest_Android
119.727,14.240,27650,Oculus Quest_Android
119.740,13.581,27653,Oculus Quest_Android
119.754,14.042,27657,Oculus Quest_Android
119.769,14.248,27660,Oculus Quest_Android
119.783,14.129,27663,Oculus Quest_Android
119.801,17.266,27667,Oculus Quest_Android
119.811,10.107,27670,Oculus Quest_Android
119.825,14.169,27673,Oculus Quest_Android
119.838,13.384,27676,Oculus Quest_Android
119.853,14.554,27680,Oculus Quest_Android
119.866,13.055,27683,Oculus Quest_Android
119.880,13.979,27686,Oculus Quest_Android
119.893,13.742,27690,Oculus Quest_Android
119.907,13.838,27693,Oculus Quest_Android
119.921,14.189,27696,Oculus Quest_Android
119.935,13.534,27699,Oculus Quest_Android
119.949,13.844,27703,Oculus Quest_Android
119.963,13.762,27706,Oculus Quest_Android
119.976,13.603,27709,Oculus Quest_Android
119.991,14.984,27713,Oculus Quest_Android
120.004,12.870,27716,Oculus Quest_Android
120.019,14.215,27719,Oculus Quest_Android
120.032,13.387,27722,Oculus Quest_Android
120.047,14.824,27726,Oculus Quest_Android
120.059,13.236,27729,Oculus Quest_Android
120.074,13.938,27732,Oculus Quest_Android
120.088,13.720,27736,Oculus Quest_Android
120.101,13.804,27739,Oculus Quest_Android
120.115,14.164,27742,Oculus Quest_Android
120.129,14.095,27746,Oculus Quest_Android
120.143,13.315,27749,Oculus Quest_Android
120.157,14.522,27752,Oculus Quest_Android
120.170,12.976,27755,Oculus Quest_Android
120.186,14.752,27759,Oculus Quest_Android
120.199,13.742,27762,Oculus Quest_Android
120.213,13.896,27765,Oculus Quest_Android
120.226,13.560,27769,Oculus Quest_Android
120.240,13.602,27772,Oculus Quest_Android
120.254,14.226,27775,Oculus Quest_Android
120.268,13.681,27779,Oculus Quest_Android
120.282,13.918,27782,Oculus Quest_Android
120.296,14.011,27785,Oculus Quest_Android
120.309,13.548,27788,Oculus Quest_Android
120.324,14.654,27792,Oculus Quest_Android
120.337,13.125,27795,Oculus Quest_Android
120.352,15.017,27799,Oculus Quest_Android
120.364,12.675,27802,Oculus Quest_Android
120.380,14.492,27805,Oculus Quest_Android
120.393,13.575,27808,Oculus Quest_Android
120.407,14.211,27812,Oculus Quest_Android
120.420,13.738,27815,Oculus Quest_Android
120.434,13.564,27818,Oculus Quest_Android
120.449,14.207,27821,Oculus Quest_Android
120.463,14.243,27825,Oculus Quest_Android
120.476,13.178,27828,Oculus Quest_Android
120.490,14.470,27831,Oculus Quest_Android
120.503,13.103,27835,Oculus Quest_Android
120.519,14.867,27838,Oculus Quest_Android
120.532,13.304,27841,Oculus Quest_Android
120.547,15.287,27845,Oculus Quest_Android
120.559,12.299,27848,Oculus Quest_Android
120.573,14.287,27851,Oculus Quest_Android
120.588,13.930,27855,Oculus Quest_Android
120.601,13.619,27858,Oculus Quest_Android
120.616,14.328,27861,Oculus Quest_Android
120.629,13.682,27864,Oculus Quest_Android
120.643,13.849,27868,Oculus Quest_Android
120.658,14.844,27871,Oculus Quest_Android
120.674,16.072,27875,Oculus Quest_Android
120.688,14.174,27878,Oculus Quest_Android
120.702,13.299,27882,Oculus Quest_Android
120.715,14.047,27885,Oculus Quest_Android
120.728,12.870,27888,Oculus Quest_Android
120.739,10.839,27891,Oculus Quest_Android
120.753,13.614,27894,Oculus Quest_Android
120.766,13.760,27897,Oculus Quest_Android
120.781,13.995,27900,Oculus Quest_Android
120.796,15.109,27904,Oculus Quest_Android
120.809,13.226,27907,Oculus Quest_Android
120.823,14.250,27910,Oculus Quest_Android
120.836,13.314,27914,Oculus Quest_Android
120.850,14.057,27917,Oculus Quest_Android
120.864,13.897,27920,Oculus Quest_Android
120.878,13.919,27924,Oculus Quest_Android
120.892,14.231,27927,Oculus Quest_Android
120.906,13.798,27930,Oculus Quest_Android
120.920,14.476,27934,Oculus Quest_Android
120.934,13.489,27937,Oculus Quest_Android
120.948,13.963,27940,Oculus Quest_Android
120.962,14.001,27944,Oculus Quest_Android
120.976,13.889,27947,Oculus Quest_Android
120.990,14.346,27950,Oculus Quest_Android
121.004,13.455,27953,Oculus Quest_Android
121.018,14.310,27957,Oculus Quest_Android
121.031,13.566,27960,Oculus Quest_Android
121.046,14.190,27963,Oculus Quest_Android
121.060,14.093,27967,Oculus Quest_Android
121.073,13.553,27970,Oculus Quest_Android
121.088,14.136,27973,Oculus Quest_Android
121.101,13.661,27977,Oculus Quest_Android
121.115,14.190,27980,Oculus Quest_Android
121.129,13.980,27983,Oculus Quest_Android
121.143,13.509,27987,Oculus Quest_Android
121.157,14.280,27990,Oculus Quest_Android
121.171,13.536,27993,Oculus Quest_Android
121.185,14.227,27997,Oculus Quest_Android
121.199,13.858,28000,Oculus Quest_Android
121.214,14.636,28003,Oculus Quest_Android
121.227,13.479,28006,Oculus Quest_Android
121.241,13.987,28010,Oculus Quest_Android
121.255,14.047,28013,Oculus Quest_Android
121.269,13.702,28016,Oculus Quest_Android
121.283,13.953,28020,Oculus Quest_Android
121.296,13.402,28023,Oculus Quest_Android
121.310,13.764,28026,Oculus Quest_Android
121.325,14.501,28030,Oculus Quest_Android
121.337,13.037,28033,Oculus Quest_Android
121.353,14.731,28036,Oculus Quest_Android
121.365,13.072,28039,Oculus Quest_Android
121.380,14.469,28043,Oculus Quest_Android
121.393,13.356,28046,Oculus Quest_Android
121.406,13.153,28049,Oculus Quest_Android
121.420,14.347,28052,Oculus Quest_Android
121.434,13.794,28056,Oculus Quest_Android
121.450,15.421,28059,Oculus Quest_Android
121.463,13.135,28063,Oculus Quest_Android
121.476,13.330,28066,Oculus Quest_Android
121.491,14.646,28069,Oculus Quest_Android
121.504,13.511,28072,Oculus Quest_Android
121.519,14.533,28076,Oculus Quest_Android
121.533,13.396,28079,Oculus Quest_Android
121.547,14.245,28082,Oculus Quest_Android
121.559,12.883,28085,Oculus Quest_Android
121.573,13.449,28089,Oculus Quest_Android
121.588,14.482,28092,Oculus Quest_Android
121.601,14.192,28095,Oculus Quest_Android
121.615,13.865,28099,Oculus Quest_Android
121.629,13.712,28102,Oculus Quest_Android
121.642,13.456,28105,Oculus Quest_Android
121.657,14.453,28109,Oculus Quest_Android
121.671,13.933,28112,Oculus Quest_Android
121.685,14.262,28115,Oculus Quest_Android
121.698,13.346,28119,Oculus Quest_Android
121.712,13.969,28122,Oculus Quest_Android
121.726,14.092,28125,Oculus Quest_Android
121.740,13.693,28128,Oculus Quest_Android
121.754,14.260,28132,Oculus Quest_Android
121.768,13.549,28135,Oculus Quest_Android
121.782,14.139,28138,Oculus Quest_Android
121.796,14.060,28142,Oculus Quest_Android
121.810,13.646,28145,Oculus Quest_Android
121.824,14.101,28148,Oculus Quest_Android
121.838,13.667,28152,Oculus Quest_Android
121.852,14.299,28155,Oculus Quest_Android
121.865,13.532,28158,Oculus Quest_Android
121.879,13.910,28162,Oculus Quest_Android
121.893,13.989,28165,Oculus Quest_Android
121.907,13.846,28168,Oculus Quest_Android
121.921,14.091,28171,Oculus Quest_Android
121.935,13.787,28175,Oculus Quest_Android
121.949,13.992,28178,Oculus Quest_Android
121.963,13.818,28181,Oculus Quest_Android
121.976,13.818,28185,Oculus Quest_Android
121.991,14.270,28188,Oculus Quest_Android
122.004,13.413,28191,Oculus Quest_Android
122.019,14.289,28195,Oculus Quest_Android
122.032,13.598,28198,Oculus Quest_Android
122.046,13.854,28201,Oculus Quest_Android
122.060,14.353,28205,Oculus Quest_Android
122.074,13.384,28208,Oculus Quest_Android
122.088,14.170,28211,Oculus Quest_Android
122.101,13.546,28214,Oculus Quest_Android
122.116,14.408,28218,Oculus Quest_Android
122.130,13.906,28221,Oculus Quest_Android
122.143,13.471,28224,Oculus Quest_Android
122.158,14.235,28228,Oculus Quest_Android
122.171,13.500,28231,Oculus Quest_Android
122.186,14.413,28234,Oculus Quest_Android
122.200,14.001,28238,Oculus Quest_Android
122.213,13.722,28241,Oculus Quest_Android
122.227,13.919,28244,Oculus Quest_Android
122.241,13.425,28247,Oculus Quest_Android
122.255,14.128,28251,Oculus Quest_Android
122.269,13.760,28254,Oculus Quest_Android
122.282,13.913,28257,Oculus Quest_Android
122.296,13.862,28261,Oculus Quest_Android
122.311,14.162,28264,Oculus Quest_Android
122.325,14.120,28267,Oculus Quest_Android
122.338,13.274,28270,Oculus Quest_Android
122.352,14.368,28274,Oculus Quest_Android
122.366,13.513,28277,Oculus Quest_Android
122.380,14.379,28281,Oculus Quest_Android
122.394,13.837,28284,Oculus Quest_Android
122.408,13.599,28287,Oculus Quest_Android
122.422,14.136,28290,Oculus Quest_Android
122.435,13.678,28294,Oculus Quest_Android
122.449,14.095,28297,Oculus Quest_Android
122.463,13.668,28300,Oculus Quest_Android
122.477,13.862,28304,Oculus Quest_Android
122.491,14.007,28307,Oculus Quest_Android
122.504,13.634,28310,Oculus Quest_Android
122.519,14.412,28314,Oculus Quest_Android
122.532,13.418,28317,Oculus Quest_Android
122.547,13.916,28320,Oculus Quest_Android
122.560,14.138,28323,Oculus Quest_Android
122.574,13.685,28327,Oculus Quest_Android
122.588,14.177,28330,Oculus Quest_Android
122.602,13.577,28333,Oculus Quest_Android
122.616,14.014,28337,Oculus Quest_Android
122.630,13.972,28340,Oculus Quest_Android
122.643,13.636,28343,Oculus Quest_Android
122.658,14.176,28346,Oculus Quest_Android
122.672,13.972,28350,Oculus Quest_Android
122.686,13.754,28353,Oculus Quest_Android
122.699,13.725,28356,Oculus Quest_Android
122.713,13.766,28360,Oculus Quest_Android
122.727,14.253,28363,Oculus Quest_Android
122.741,13.575,28366,Oculus Quest_Android
122.755,14.124,28370,Oculus Quest_Android
122.769,14.094,28373,Oculus Quest_Android
122.784,14.446,28376,Oculus Quest_Android
122.797,13.529,28380,Oculus Quest_Android
122.811,13.256,28383,Oculus Quest_Android
122.825,14.309,28386,Oculus Quest_Android
122.838,13.438,28389,Oculus Quest_Android
122.853,14.644,28393,Oculus Quest_Android
122.866,13.186,28396,Oculus Quest_Android
122.881,14.450,28399,Oculus Quest_Android
122.894,13.627,28403,Oculus Quest_Android
122.908,13.975,28406,Oculus Quest_Android
122.922,13.664,28409,Oculus Quest_Android
122.935,13.568,28412,Oculus Quest_Android
122.950,14.134,28416,Oculus Quest_Android
122.963,13.492,28419,Oculus Quest_Android
122.977,13.807,28422,Oculus Quest_Android
122.991,14.530,28426,Oculus Quest_Android
123.004,13.262,28429,Oculus Quest_Android
123.019,14.445,28432,Oculus Quest_Android
123.032,13.252,28435,Oculus Quest_Android
123.047,14.672,28439,Oculus Quest_Android
123.060,13.578,28442,Oculus Quest_Android
123.074,13.528,28445,Oculus Quest_Android
123.088,14.227,28449,Oculus Quest_Android
123.102,13.712,28452,Oculus Quest_Android
123.117,14.350,28456,Oculus Quest_Android
123.130,13.719,28459,Oculus Quest_Android
123.143,13.270,28462,Oculus Quest_Android
123.157,14.293,28465,Oculus Quest_Android
123.171,13.491,28469,Oculus Quest_Android
123.186,14.629,28472,Oculus Quest_Android
123.199,13.486,28475,Oculus Quest_Android
123.213,14.018,28479,Oculus Quest_Android
123.227,13.650,28482,Oculus Quest_Android
123.241,13.892,28485,Oculus Quest_Android
123.255,14.110,28489,Oculus Quest_Android
123.268,13.576,28492,Oculus Quest_Android
123.283,14.026,28495,Oculus Quest_Android
123.296,13.725,28499,Oculus Quest_Android
123.309,13.756,28502,Oculus Quest_Android
123.325,14.904,28506,Oculus Quest_Android
123.338,13.059,28509,Oculus Quest_Android
123.352,14.316,28512,Oculus Quest_Android
123.366,13.374,28515,Oculus Quest_Android
123.380,14.443,28519,Oculus Quest_Android
123.394,13.707,28522,Oculus Quest_Android
123.407,13.558,28525,Oculus Quest_Android
123.422,14.104,28529,Oculus Quest_Android
123.435,13.570,28532,Oculus Quest_Android
123.449,14.338,28535,Oculus Quest_Android
123.463,14.036,28539,Oculus Quest_Android
123.477,13.476,28542,Oculus Quest_Android
123.491,14.166,28545,Oculus Quest_Android
123.504,13.465,28549,Oculus Quest_Android
123.519,14.613,28552,Oculus Quest_Android
123.533,13.566,28555,Oculus Quest_Android
123.547,13.948,28559,Oculus Quest_Android
123.560,13.788,28562,Oculus Quest_Android
123.574,13.602,28565,Oculus Quest_Android
123.588,14.216,28569,Oculus Quest_Android
123.602,13.546,28572,Oculus Quest_Android
123.616,14.153,28575,Oculus Quest_Android
123.630,13.793,28579,Oculus Quest_Android
123.643,13.525,28582,Oculus Quest_Android
123.660,16.140,28586,Oculus Quest_Android
123.672,12.814,28589,Oculus Quest_Android
123.686,13.734,28592,Oculus Quest_Android
123.699,13.125,28595,Oculus Quest_Android
123.714,14.436,28599,Oculus Quest_Android
123.727,12.836,28602,Oculus Quest_Android
123.741,14.418,28605,Oculus Quest_Android
123.754,13.656,28609,Oculus Quest_Android
123.768,14.001,28612,Oculus Quest_Android
123.782,13.540,28615,Oculus Quest_Android
123.796,14.000,28619,Oculus Quest_Android
123.809,13.661,28622,Oculus Quest_Android
123.824,14.061,28625,Oculus Quest_Android
123.837,13.802,28629,Oculus Quest_Android
123.852,14.073,28632,Oculus Quest_Android
123.865,13.479,28635,Oculus Quest_Android
123.879,14.107,28639,Oculus Quest_Android
123.893,13.977,28642,Oculus Quest_Android
123.907,13.912,28645,Oculus Quest_Android
123.922,14.533,28649,Oculus Quest_Android
123.934,13.430,28652,Oculus Quest_Android
123.949,14.120,28655,Oculus Quest_Android
123.962,13.563,28659,Oculus Quest_Android
123.977,14.353,28662,Oculus Quest_Android
123.991,14.224,28665,Oculus Quest_Android
124.004,13.176,28669,Oculus Quest_Android
124.018,14.154,28672,Oculus Quest_Android
124.032,13.457,28675,Oculus Quest_Android
124.046,14.080,28679,Oculus Quest_Android
124.060,14.229,28682,Oculus Quest_Android
124.073,13.589,28685,Oculus Quest_Android
124.087,14.026,28689,Oculus Quest_Android
124.101,13.668,28692,Oculus Quest_Android
124.116,14.185,28695,Oculus Quest_Android
124.129,13.889,28699,Oculus Quest_Android
124.143,13.682,28702,Oculus Quest_Android
124.157,14.280,28705,Oculus Quest_Android
124.171,13.603,28709,Oculus Quest_Android
124.185,14.242,28712,Oculus Quest_Android
124.199,13.796,28715,Oculus Quest_Android
124.213,13.866,28719,Oculus Quest_Android
124.227,14.080,28722,Oculus Quest_Android
124.240,13.480,28725,Oculus Quest_Android
124.255,14.085,28729,Oculus Quest_Android
124.268,13.613,28732,Oculus Quest_Android
124.283,14.165,28735,Oculus Quest_Android
124.296,13.759,28739,Oculus Quest_Android
124.309,13.662,28742,Oculus Quest_Android
124.324,14.605,28745,Oculus Quest_Android
124.338,13.242,28749,Oculus Quest_Android
124.352,14.398,28752,Oculus Quest_Android
124.365,13.471,28755,Oculus Quest_Android
124.381,14.995,28759,Oculus Quest_Android
124.394,13.178,28762,Oculus Quest_Android
124.408,13.734,28765,Oculus Quest_Android
124.422,14.072,28769,Oculus Quest_Android
124.435,13.543,28772,Oculus Quest_Android
124.449,14.171,28775,Oculus Quest_Android
124.463,13.825,28779,Oculus Quest_Android
124.477,13.643,28782,Oculus Quest_Android
124.491,14.195,28785,Oculus Quest_Android
124.504,13.369,28789,Oculus Quest_Android
124.519,14.749,28792,Oculus Quest_Android
124.532,13.126,28795,Oculus Quest_Android
124.547,14.232,28799,Oculus Quest_Android
124.560,13.978,28802,Oculus Quest_Android
124.574,14.249,28806,Oculus Quest_Android
124.588,13.407,28809,Oculus Quest_Android
124.602,13.693,28812,Oculus Quest_Android
124.616,13.712,28815,Oculus Quest_Android
124.629,13.829,28819,Oculus Quest_Android
124.643,13.561,28822,Oculus Quest_Android
124.658,14.851,28825,Oculus Quest_Android
124.670,12.929,28829,Oculus Quest_Android
124.685,14.428,28832,Oculus Quest_Android
124.698,13.384,28835,Oculus Quest_Android
124.714,14.529,28839,Oculus Quest_Android
124.726,13.748,28842,Oculus Quest_Android
124.740,13.777,28845,Oculus Quest_Android
124.754,13.942,28849,Oculus Quest_Android
124.768,13.451,28852,Oculus Quest_Android
124.783,14.729,28855,Oculus Quest_Android
124.796,13.793,28859,Oculus Quest_Android
124.813,16.624,28863,Oculus Quest_Android
124.824,10.872,28865,Oculus Quest_Android
124.837,13.222,28869,Oculus Quest_Android
124.852,14.698,28872,Oculus Quest_Android
124.865,13.304,28875,Oculus Quest_Android
124.880,14.118,28879,Oculus Quest_Android
124.893,13.676,28882,Oculus Quest_Android
124.907,13.851,28885,Oculus Quest_Android
124.921,14.280,28889,Oculus Quest_Android
124.935,13.618,28892,Oculus Quest_Android
124.949,13.931,28895,Oculus Quest_Android
124.962,13.868,28899,Oculus Quest_Android
124.976,13.751,28902,Oculus Quest_Android
124.991,14.918,28905,Oculus Quest_Android
125.004,12.827,28909,Oculus Quest_Android
125.019,14.422,28912,Oculus Quest_Android
125.032,13.340,28915,Oculus Quest_Android
125.047,14.496,28919,Oculus Quest_Android
125.060,13.945,28922,Oculus Quest_Android
125.073,13.527,28925,Oculus Quest_Android
125.088,13.845,28929,Oculus Quest_Android
125.101,13.767,28932,Oculus Quest_Android
125.115,14.243,28935,Oculus Quest_Android
125.129,13.842,28939,Oculus Quest_Android
125.142,13.373,28942,Oculus Quest_Android
125.157,14.309,28945,Oculus Quest_Android
125.171,13.639,28949,Oculus Quest_Android
125.186,14.594,28952,Oculus Quest_Android
125.198,13.453,28955,Oculus Quest_Android
125.213,13.951,28959,Oculus Quest_Android
125.226,13.704,28962,Oculus Quest_Android
125.240,13.839,28965,Oculus Quest_Android
125.255,14.361,28969,Oculus Quest_Android
125.269,13.895,28972,Oculus Quest_Android
125.283,13.826,28975,Oculus Quest_Android
125.295,13.456,28979,Oculus Quest_Android
125.310,13.932,28982,Oculus Quest_Android
125.325,14.732,28985,Oculus Quest_Android
125.337,12.963,28989,Oculus Quest_Android
125.353,14.923,28992,Oculus Quest_Android
125.365,12.786,28995,Oculus Quest_Android
125.380,14.655,28999,Oculus Quest_Android
125.394,13.620,29002,Oculus Quest_Android
125.407,13.689,29005,Oculus Quest_Android
125.421,13.988,29009,Oculus Quest_Android
125.435,14.131,29012,Oculus Quest_Android
125.449,13.690,29015,Oculus Quest_Android
125.463,13.983,29019,Oculus Quest_Android
125.476,13.356,29022,Oculus Quest_Android
125.491,14.228,29025,Oculus Quest_Android
125.504,13.319,29029,Oculus Quest_Android
125.519,14.805,29032,Oculus Quest_Android
125.532,13.327,29035,Oculus Quest_Android
125.547,14.255,29039,Oculus Quest_Android
125.560,13.694,29042,Oculus Quest_Android
125.574,13.751,29045,Oculus Quest_Android
125.588,14.220,29049,Oculus Quest_Android
125.601,13.739,29052,Oculus Quest_Android
125.616,13.955,29055,Oculus Quest_Android
