Timestamp,LatencyMs,Tick,Configuration
5.913,30.446,308,XREAL X4000_Android
6.150,183.492,352,XREAL X4000_Android
6.178,162.625,391,XREAL X4000_Android
6.208,29.455,398,XREAL X4000_Android
6.248,29.660,405,XREAL X4000_Android
6.277,39.821,415,XREAL X4000_Android
6.306,30.287,422,XREAL X4000_Android
6.341,29.798,429,XREAL X4000_Android
6.375,34.707,438,XREAL X4000_Android
6.408,32.573,445,XREAL X4000_Android
6.442,31.297,453,XREAL X4000_Android
6.473,35.972,462,XREAL X4000_Android
6.502,29.038,469,XREAL X4000_Android
6.538,29.249,476,XREAL X4000_Android
6.574,37.927,485,XREAL X4000_Android
6.602,33.018,493,XREAL X4000_Android
6.636,28.207,499,XREAL X4000_Android
6.670,35.959,508,XREAL X4000_Android
6.704,33.027,516,XREAL X4000_Android
6.741,32.063,524,XREAL X4000_Android
6.776,40.808,533,XREAL X4000_Android
6.804,32.440,541,XREAL X4000_Android
6.841,28.792,548,XREAL X4000_Android
6.876,41.388,558,XREAL X4000_Android
6.905,30.673,565,XREAL X4000_Android
6.938,29.852,573,XREAL X4000_Android
6.974,34.162,581,XREAL X4000_Android
7.005,34.347,589,XREAL X4000_Android
7.040,30.130,596,XREAL X4000_Android
7.082,39.468,606,XREAL X4000_Android
7.112,37.690,615,XREAL X4000_Android
7.153,30.884,622,XREAL X4000_Android
7.187,39.141,632,XREAL X4000_Android
7.217,34.139,640,XREAL X4000_Android
7.261,30.984,647,XREAL X4000_Android
7.295,42.463,657,XREAL X4000_Android
7.328,32.491,665,XREAL X4000_Android
7.369,35.012,674,XREAL X4000_Android
7.409,42.200,684,XREAL X4000_Android
7.444,39.359,693,XREAL X4000_Android
7.489,38.435,702,XREAL X4000_Android
7.525,40.522,712,XREAL X4000_Android
7.567,35.511,721,XREAL X4000_Android
7.603,42.116,731,XREAL X4000_Android
7.641,35.522,739,XREAL X4000_Android
7.685,49.524,751,XREAL X4000_Android
7.713,34.351,759,XREAL X4000_Android
7.760,30.503,767,XREAL X4000_Android
7.795,43.660,777,XREAL X4000_Android
7.824,34.753,786,XREAL X4000_Android
7.866,29.629,793,XREAL X4000_Android
7.905,41.765,803,XREAL X4000_Android
7.941,40.450,812,XREAL X4000_Android
7.977,36.456,821,XREAL X4000_Android
8.015,39.699,831,XREAL X4000_Android
8.043,34.159,839,XREAL X4000_Android
8.079,27.895,846,XREAL X4000_Android
8.112,38.373,855,XREAL X4000_Android
8.141,31.214,862,XREAL X4000_Android
8.177,27.817,869,XREAL X4000_Android
8.212,37.600,878,XREAL X4000_Android
8.238,33.105,886,XREAL X4000_Android
8.268,24.620,892,XREAL X4000_Android
8.304,30.717,899,XREAL X4000_Android
8.332,34.656,908,XREAL X4000_Android
8.362,27.327,914,XREAL X4000_Android
8.397,28.784,921,XREAL X4000_Android
8.424,35.077,929,XREAL X4000_Android
8.447,27.730,936,XREAL X4000_Android
8.479,26.837,943,XREAL X4000_Android
8.508,31.519,950,XREAL X4000_Android
8.537,29.242,957,XREAL X4000_Android
8.565,25.983,963,XREAL X4000_Android
8.605,28.718,970,XREAL X4000_Android
8.636,39.148,980,XREAL X4000_Android
8.665,29.048,987,XREAL X4000_Android
8.703,31.451,994,XREAL X4000_Android
8.736,36.527,1003,XREAL X4000_Android
8.764,32.771,1011,XREAL X4000_Android
8.803,29.749,1018,XREAL X4000_Android
8.832,37.402,1027,XREAL X4000_Android
8.858,29.491,1034,XREAL X4000_Android
8.873,27.380,1041,XREAL X4000_Android
8.891,14.888,1044,XREAL X4000_Android
8.905,19.507,1049,XREAL X4000_Android
8.921,12.479,1052,XREAL X4000_Android
8.934,15.752,1056,XREAL X4000_Android
8.945,11.523,1058,XREAL X4000_Android
8.960,12.616,1061,XREAL X4000_Android
8.997,14.492,1065,XREAL X4000_Android
9.025,36.371,1074,XREAL X4000_Android
9.059,29.591,1081,XREAL X4000_Android
9.096,33.162,1089,XREAL X4000_Android
9.131,37.517,1098,XREAL X4000_Android
9.166,35.315,1106,XREAL X4000_Android
9.207,33.857,1114,XREAL X4000_Android
9.241,42.702,1124,XREAL X4000_Android
9.278,32.252,1132,XREAL X4000_Android
9.319,41.201,1142,XREAL X4000_Android
9.367,41.562,1152,XREAL X4000_Android
9.406,44.633,1163,XREAL X4000_Android
9.436,36.600,1172,XREAL X4000_Android
9.471,32.148,1180,XREAL X4000_Android
9.507,33.954,1188,XREAL X4000_Android
9.557,50.960,1200,XREAL X4000_Android
9.603,35.770,1209,XREAL X4000_Android
9.651,47.329,1221,XREAL X4000_Android
9.694,48.794,1232,XREAL X4000_Android
9.735,43.081,1243,XREAL X4000_Android
9.798,54.702,1256,XREAL X4000_Android
9.840,46.335,1267,XREAL X4000_Android
9.895,51.906,1280,XREAL X4000_Android
9.941,48.489,1292,XREAL X4000_Android
9.998,57.349,1306,XREAL X4000_Android
10.036,44.748,1316,XREAL X4000_Android
10.076,36.679,1325,XREAL X4000_Android
10.119,44.348,1336,XREAL X4000_Android
10.157,40.150,1346,XREAL X4000_Android
10.214,42.974,1356,XREAL X4000_Android
10.263,55.097,1370,XREAL X4000_Android
10.316,46.989,1381,XREAL X4000_Android
10.365,53.480,1394,XREAL X4000_Android
10.410,52.970,1407,XREAL X4000_Android
10.434,44.891,1418,XREAL X4000_Android
10.458,20.927,1423,XREAL X4000_Android
10.479,23.763,1429,XREAL X4000_Android
10.507,31.363,1437,XREAL X4000_Android
10.549,15.784,1441,XREAL X4000_Android
10.588,47.006,1452,XREAL X4000_Android
10.637,33.644,1461,XREAL X4000_Android
10.684,50.955,1473,XREAL X4000_Android
10.733,51.652,1486,XREAL X4000_Android
10.769,40.435,1496,XREAL X4000_Android
10.816,40.663,1506,XREAL X4000_Android
10.832,43.248,1516,XREAL X4000_Android
10.846,14.189,1520,XREAL X4000_Android
10.863,16.162,1524,XREAL X4000_Android
10.879,16.131,1528,XREAL X4000_Android
10.902,23.593,1533,XREAL X4000_Android
10.915,14.719,1537,XREAL X4000_Android
10.932,16.079,1541,XREAL X4000_Android
10.948,13.854,1544,XREAL X4000_Android
10.970,24.909,1550,XREAL X4000_Android
11.006,15.137,1554,XREAL X4000_Android
11.026,36.884,1563,XREAL X4000_Android
11.043,20.411,1568,XREAL X4000_Android
11.071,26.444,1575,XREAL X4000_Android
11.090,19.773,1579,XREAL X4000_Android
11.105,17.336,1584,XREAL X4000_Android
11.124,11.886,1587,XREAL X4000_Android
11.154,27.722,1593,XREAL X4000_Android
11.179,29.631,1601,XREAL X4000_Android
11.199,22.419,1606,XREAL X4000_Android
11.250,14.671,1610,XREAL X4000_Android
11.286,61.364,1624,XREAL X4000_Android
11.314,36.341,1633,XREAL X4000_Android
11.333,22.123,1638,XREAL X4000_Android
11.348,12.890,1641,XREAL X4000_Android
11.378,18.080,1646,XREAL X4000_Android
11.416,29.435,1653,XREAL X4000_Android
11.446,40.631,1663,XREAL X4000_Android
11.473,26.602,1669,XREAL X4000_Android
11.504,26.761,1675,XREAL X4000_Android
11.540,32.658,1683,XREAL X4000_Android
11.570,34.595,1692,XREAL X4000_Android
11.600,28.330,1698,XREAL X4000_Android
11.639,35.879,1707,XREAL X4000_Android
11.668,34.676,1715,XREAL X4000_Android
11.697,26.519,1722,XREAL X4000_Android
11.732,29.796,1729,XREAL X4000_Android
11.762,34.070,1737,XREAL X4000_Android
11.786,29.980,1744,XREAL X4000_Android
11.821,28.740,1751,XREAL X4000_Android
11.852,34.991,1759,XREAL X4000_Android
11.876,27.741,1766,XREAL X4000_Android
11.908,26.461,1772,XREAL X4000_Android
11.938,32.132,1780,XREAL X4000_Android
11.965,28.491,1787,XREAL X4000_Android
11.994,25.366,1793,XREAL X4000_Android
12.022,28.425,1800,XREAL X4000_Android
12.057,30.115,1807,XREAL X4000_Android
12.087,34.911,1816,XREAL X4000_Android
12.113,29.577,1823,XREAL X4000_Android
12.147,26.122,1829,XREAL X4000_Android
12.178,35.405,1837,XREAL X4000_Android
12.206,30.357,1845,XREAL X4000_Android
12.238,27.473,1851,XREAL X4000_Android
12.272,34.640,1860,XREAL X4000_Android
12.302,30.983,1867,XREAL X4000_Android
12.333,28.337,1874,XREAL X4000_Android
12.369,32.664,1882,XREAL X4000_Android
12.399,34.643,1890,XREAL X4000_Android
12.429,30.844,1898,XREAL X4000_Android
12.466,30.667,1905,XREAL X4000_Android
12.496,35.304,1914,XREAL X4000_Android
12.524,29.728,1921,XREAL X4000_Android
12.559,30.869,1929,XREAL X4000_Android
12.589,34.987,1937,XREAL X4000_Android
12.615,29.049,1944,XREAL X4000_Android
12.648,27.069,1951,XREAL X4000_Android
12.677,34.708,1959,XREAL X4000_Android
12.708,27.606,1966,XREAL X4000_Android
12.754,32.417,1974,XREAL X4000_Android
12.802,50.498,1986,XREAL X4000_Android
12.835,38.849,1995,XREAL X4000_Android
12.868,33.378,2003,XREAL X4000_Android
12.922,41.470,2013,XREAL X4000_Android
12.959,49.152,2025,XREAL X4000_Android
12.997,37.715,2035,XREAL X4000_Android
13.025,34.889,2043,XREAL X4000_Android
13.049,28.408,2050,XREAL X4000_Android
13.083,26.008,2056,XREAL X4000_Android
13.111,33.682,2064,XREAL X4000_Android
13.142,28.937,2071,XREAL X4000_Android
13.178,31.440,2079,XREAL X4000_Android
13.207,36.019,2088,XREAL X4000_Android
13.236,26.362,2094,XREAL X4000_Android
13.266,27.359,2101,XREAL X4000_Android
13.298,29.897,2108,XREAL X4000_Android
13.328,31.923,2115,XREAL X4000_Android
13.356,29.692,2123,XREAL X4000_Android
13.396,31.223,2130,XREAL X4000_Android
13.426,37.736,2139,XREAL X4000_Android
13.450,30.611,2146,XREAL X4000_Android
13.485,26.845,2153,XREAL X4000_Android
13.510,34.089,2161,XREAL X4000_Android
13.539,28.022,2168,XREAL X4000_Android
13.574,27.982,2175,XREAL X4000_Android
13.604,34.443,2183,XREAL X4000_Android
13.637,30.489,2190,XREAL X4000_Android
13.671,30.920,2198,XREAL X4000_Android
13.704,33.721,2206,XREAL X4000_Android
13.737,33.694,2214,XREAL X4000_Android
13.769,31.137,2221,XREAL X4000_Android
13.806,32.562,2229,XREAL X4000_Android
13.838,37.801,2238,XREAL X4000_Android
13.872,32.247,2246,XREAL X4000_Android
13.908,36.944,2255,XREAL X4000_Android
13.938,33.761,2263,XREAL X4000_Android
13.971,28.445,2270,XREAL X4000_Android
14.005,34.560,2278,XREAL X4000_Android
14.036,32.512,2286,XREAL X4000_Android
14.070,30.124,2293,XREAL X4000_Android
14.103,37.085,2302,XREAL X4000_Android
14.135,31.176,2309,XREAL X4000_Android
14.167,30.432,2317,XREAL X4000_Android
14.201,33.461,2325,XREAL X4000_Android
14.231,32.728,2332,XREAL X4000_Android
14.260,28.237,2339,XREAL X4000_Android
14.296,32.652,2347,XREAL X4000_Android
14.322,32.962,2355,XREAL X4000_Android
14.347,27.785,2361,XREAL X4000_Android
14.380,26.364,2368,XREAL X4000_Android
14.408,34.225,2376,XREAL X4000_Android
14.437,26.717,2382,XREAL X4000_Android
14.467,26.633,2388,XREAL X4000_Android
14.501,30.168,2396,XREAL X4000_Android
14.533,32.471,2403,XREAL X4000_Android
14.565,33.396,2411,XREAL X4000_Android
14.603,35.886,2420,XREAL X4000_Android
14.635,34.509,2428,XREAL X4000_Android
14.663,29.851,2435,XREAL X4000_Android
14.700,31.405,2443,XREAL X4000_Android
14.730,33.574,2451,XREAL X4000_Android
14.760,31.813,2458,XREAL X4000_Android
14.797,32.198,2466,XREAL X4000_Android
14.828,34.859,2474,XREAL X4000_Android
14.853,28.970,2481,XREAL X4000_Android
14.889,28.922,2488,XREAL X4000_Android
14.914,34.839,2496,XREAL X4000_Android
14.940,26.570,2502,XREAL X4000_Android
14.976,26.590,2509,XREAL X4000_Android
15.006,37.723,2518,XREAL X4000_Android
15.035,25.663,2524,XREAL X4000_Android
15.064,27.985,2530,XREAL X4000_Android
15.100,30.017,2538,XREAL X4000_Android
15.114,34.754,2546,XREAL X4000_Android
15.131,16.752,2550,XREAL X4000_Android
15.150,15.497,2553,XREAL X4000_Android
15.166,20.989,2558,XREAL X4000_Android
15.203,15.067,2562,XREAL X4000_Android
15.234,37.819,2571,XREAL X4000_Android
15.268,29.236,2578,XREAL X4000_Android
15.302,35.428,2586,XREAL X4000_Android
15.333,32.683,2594,XREAL X4000_Android
15.362,30.015,2601,XREAL X4000_Android
15.396,29.260,2608,XREAL X4000_Android
15.421,32.259,2616,XREAL X4000_Android
15.448,27.561,2622,XREAL X4000_Android
15.484,28.856,2629,XREAL X4000_Android
15.511,35.500,2638,XREAL X4000_Android
15.539,26.000,2644,XREAL X4000_Android
15.573,29.322,2651,XREAL X4000_Android
15.605,32.453,2659,XREAL X4000_Android
15.635,31.700,2666,XREAL X4000_Android
15.670,33.388,2674,XREAL X4000_Android
15.704,33.287,2682,XREAL X4000_Android
15.734,33.184,2690,XREAL X4000_Android
15.764,27.802,2696,XREAL X4000_Android
15.800,31.834,2704,XREAL X4000_Android
15.832,34.350,2712,XREAL X4000_Android
15.864,31.673,2720,XREAL X4000_Android
15.901,35.219,2728,XREAL X4000_Android
15.933,33.662,2736,XREAL X4000_Android
15.963,32.393,2744,XREAL X4000_Android
15.999,32.751,2752,XREAL X4000_Android
16.029,33.873,2760,XREAL X4000_Android
16.058,30.106,2767,XREAL X4000_Android
16.096,31.720,2774,XREAL X4000_Android
16.123,35.064,2783,XREAL X4000_Android
16.163,29.290,2790,XREAL X4000_Android
16.205,41.747,2800,XREAL X4000_Android
16.235,40.549,2809,XREAL X4000_Android
16.250,29.252,2816,XREAL X4000_Android
16.265,17.051,2820,XREAL X4000_Android
16.298,19.707,2825,XREAL X4000_Android
16.321,30.496,2832,XREAL X4000_Android
16.338,19.944,2837,XREAL X4000_Android
16.365,22.492,2843,XREAL X4000_Android
16.387,21.600,2848,XREAL X4000_Android
16.407,22.867,2853,XREAL X4000_Android
16.431,20.683,2858,XREAL X4000_Android
16.462,19.383,2863,XREAL X4000_Android
16.481,31.423,2870,XREAL X4000_Android
16.497,21.821,2876,XREAL X4000_Android
16.511,13.865,2879,XREAL X4000_Android
16.539,15.019,2883,XREAL X4000_Android
16.573,29.294,2890,XREAL X4000_Android
16.607,34.653,2898,XREAL X4000_Android
16.636,30.204,2905,XREAL X4000_Android
16.664,28.609,2912,XREAL X4000_Android
16.702,31.569,2920,XREAL X4000_Android
16.733,33.944,2928,XREAL X4000_Android
16.767,33.833,2936,XREAL X4000_Android
16.803,35.449,2944,XREAL X4000_Android
16.834,33.320,2952,XREAL X4000_Android
16.866,29.157,2959,XREAL X4000_Android
16.901,35.663,2968,XREAL X4000_Android
16.932,33.751,2976,XREAL X4000_Android
16.962,28.831,2983,XREAL X4000_Android
16.996,30.595,2990,XREAL X4000_Android
17.027,33.141,2998,XREAL X4000_Android
17.059,31.821,3006,XREAL X4000_Android
17.094,30.552,3013,XREAL X4000_Android
17.125,36.989,3022,XREAL X4000_Android
17.151,30.474,3029,XREAL X4000_Android
17.180,27.721,3036,XREAL X4000_Android
17.209,32.554,3044,XREAL X4000_Android
17.239,24.912,3050,XREAL X4000_Android
17.269,29.533,3057,XREAL X4000_Android
17.302,32.355,3065,XREAL X4000_Android
17.332,28.486,3072,XREAL X4000_Android
17.363,31.154,3079,XREAL X4000_Android
17.378,30.421,3087,XREAL X4000_Android
17.410,18.827,3091,XREAL X4000_Android
17.438,30.448,3099,XREAL X4000_Android
17.469,27.797,3105,XREAL X4000_Android
17.505,34.814,3114,XREAL X4000_Android
17.533,32.080,3122,XREAL X4000_Android
17.565,27.017,3128,XREAL X4000_Android
17.600,35.158,3137,XREAL X4000_Android
17.630,31.179,3144,XREAL X4000_Android
17.661,30.730,3152,XREAL X4000_Android
17.698,31.524,3159,XREAL X4000_Android
17.725,34.448,3168,XREAL X4000_Android
17.753,30.095,3175,XREAL X4000_Android
17.789,29.564,3182,XREAL X4000_Android
17.819,34.926,3191,XREAL X4000_Android
17.848,31.723,3198,XREAL X4000_Android
17.879,26.843,3205,XREAL X4000_Android
17.907,33.616,3213,XREAL X4000_Android
17.941,26.265,3219,XREAL X4000_Android
17.971,32.721,3227,XREAL X4000_Android
17.989,32.295,3235,XREAL X4000_Android
18.001,16.031,3239,XREAL X4000_Android
18.014,10.028,3241,XREAL X4000_Android
18.028,15.099,3245,XREAL X4000_Android
18.039,12.907,3248,XREAL X4000_Android
18.054,12.780,3251,XREAL X4000_Android
18.069,16.864,3255,XREAL X4000_Android
18.088,14.804,3259,XREAL X4000_Android
18.102,17.783,3263,XREAL X4000_Android
18.132,9.531,3266,XREAL X4000_Android
18.144,31.128,3273,XREAL X4000_Android
18.164,16.650,3277,XREAL X4000_Android
18.194,32.353,3285,XREAL X4000_Android
18.204,13.367,3288,XREAL X4000_Android
18.233,26.283,3295,XREAL X4000_Android
18.265,27.739,3301,XREAL X4000_Android
18.304,27.837,3308,XREAL X4000_Android
18.331,30.128,3315,XREAL X4000_Android
18.343,25.236,3321,XREAL X4000_Android
18.356,13.721,3324,XREAL X4000_Android
18.388,29.026,3331,XREAL X4000_Android
18.413,23.652,3337,XREAL X4000_Android
18.451,32.378,3345,XREAL X4000_Android
18.474,28.231,3352,XREAL X4000_Android
18.494,21.637,3357,XREAL X4000_Android
18.505,13.541,3360,XREAL X4000_Android
18.550,35.528,3369,XREAL X4000_Android
18.596,27.458,3375,XREAL X4000_Android
18.607,39.399,3385,XREAL X4000_Android
18.624,15.978,3388,XREAL X4000_Android
18.638,14.220,3392,XREAL X4000_Android
18.665,26.391,3398,XREAL X4000_Android
18.686,15.914,3402,XREAL X4000_Android
18.702,23.613,3408,XREAL X4000_Android
18.737,29.822,3415,XREAL X4000_Android
18.769,32.408,3423,XREAL X4000_Android
18.797,24.202,3428,XREAL X4000_Android
18.825,19.643,3433,XREAL X4000_Android
18.854,28.633,3440,XREAL X4000_Android
18.889,29.249,3447,XREAL X4000_Android
18.917,36.696,3456,XREAL X4000_Android
18.942,27.620,3462,XREAL X4000_Android
18.975,25.631,3469,XREAL X4000_Android
19.005,33.120,3477,XREAL X4000_Android
19.025,29.423,3484,XREAL X4000_Android
19.055,18.337,3488,XREAL X4000_Android
19.095,31.546,3496,XREAL X4000_Android
19.129,39.120,3505,XREAL X4000_Android
19.158,30.879,3512,XREAL X4000_Android
19.192,30.998,3520,XREAL X4000_Android
19.220,34.379,3528,XREAL X4000_Android
19.253,29.939,3535,XREAL X4000_Android
19.288,32.157,3543,XREAL X4000_Android
19.320,36.659,3552,XREAL X4000_Android
19.345,28.903,3558,XREAL X4000_Android
19.377,25.984,3565,XREAL X4000_Android
19.407,34.447,3573,XREAL X4000_Android
19.436,26.971,3579,XREAL X4000_Android
19.468,28.203,3586,XREAL X4000_Android
19.503,33.911,3594,XREAL X4000_Android
19.531,32.201,3602,XREAL X4000_Android
19.542,28.013,3608,XREAL X4000_Android
19.577,15.037,3612,XREAL X4000_Android
19.609,37.317,3621,XREAL X4000_Android
19.637,28.529,3627,XREAL X4000_Android
19.668,27.392,3634,XREAL X4000_Android
19.702,32.880,3642,XREAL X4000_Android
19.732,30.347,3649,XREAL X4000_Android
19.745,30.366,3656,XREAL X4000_Android
19.782,16.735,3660,XREAL X4000_Android
19.810,34.692,3668,XREAL X4000_Android
19.837,29.056,3675,XREAL X4000_Android
19.870,26.126,3682,XREAL X4000_Android
19.904,34.711,3690,XREAL X4000_Android
19.935,31.581,3697,XREAL X4000_Android
19.971,30.238,3705,XREAL X4000_Android
20.006,40.756,3714,XREAL X4000_Android
20.038,31.076,3722,XREAL X4000_Android
20.073,33.495,3730,XREAL X4000_Android
20.107,37.524,3738,XREAL X4000_Android
20.136,32.671,3746,XREAL X4000_Android
20.170,26.468,3753,XREAL X4000_Android
20.204,34.425,3761,XREAL X4000_Android
20.233,33.758,3769,XREAL X4000_Android
20.268,27.420,3775,XREAL X4000_Android
20.288,37.253,3784,XREAL X4000_Android
20.302,19.788,3789,XREAL X4000_Android
20.334,13.106,3792,XREAL X4000_Android
20.368,32.081,3800,XREAL X4000_Android
20.403,33.951,3808,XREAL X4000_Android
20.433,35.862,3817,XREAL X4000_Android
20.464,25.867,3823,XREAL X4000_Android
20.500,33.167,3831,XREAL X4000_Android
20.528,34.858,3839,XREAL X4000_Android
20.556,28.466,3846,XREAL X4000_Android
20.597,29.389,3853,XREAL X4000_Android
20.628,41.071,3863,XREAL X4000_Android
20.653,29.525,3870,XREAL X4000_Android
20.688,25.895,3876,XREAL X4000_Android
20.712,34.983,3885,XREAL X4000_Android
20.727,25.706,3891,XREAL X4000_Android
20.741,14.003,3894,XREAL X4000_Android
20.762,16.592,3898,XREAL X4000_Android
20.781,18.522,3903,XREAL X4000_Android
20.800,22.633,3908,XREAL X4000_Android
20.813,13.089,3911,XREAL X4000_Android
20.829,18.627,3916,XREAL X4000_Android
20.846,12.715,3919,XREAL X4000_Android
20.863,17.949,3923,XREAL X4000_Android
20.900,14.674,3926,XREAL X4000_Android
20.912,36.761,3935,XREAL X4000_Android
20.928,15.676,3939,XREAL X4000_Android
20.941,13.888,3942,XREAL X4000_Android
20.960,17.007,3946,XREAL X4000_Android
20.975,16.058,3950,XREAL X4000_Android
20.994,18.030,3955,XREAL X4000_Android
21.006,14.072,3958,XREAL X4000_Android
21.026,13.925,3961,XREAL X4000_Android
21.040,18.952,3966,XREAL X4000_Android
21.084,17.793,3970,XREAL X4000_Android
21.097,41.303,3980,XREAL X4000_Android
21.113,14.116,3983,XREAL X4000_Android
21.133,19.877,3988,XREAL X4000_Android
21.153,18.994,3993,XREAL X4000_Android
21.168,17.080,3997,XREAL X4000_Android
21.187,14.726,4000,XREAL X4000_Android
21.201,17.762,4005,XREAL X4000_Android
21.218,11.537,4007,XREAL X4000_Android
21.230,18.625,4012,XREAL X4000_Android
21.260,11.849,4015,XREAL X4000_Android
21.294,28.378,4021,XREAL X4000_Android
21.325,34.528,4030,XREAL X4000_Android
21.349,30.421,4037,XREAL X4000_Android
21.385,26.774,4043,XREAL X4000_Android
21.411,36.857,4052,XREAL X4000_Android
21.441,26.662,4058,XREAL X4000_Android
21.473,28.973,4065,XREAL X4000_Android
21.506,34.035,4073,XREAL X4000_Android
21.536,30.709,4081,XREAL X4000_Android
21.569,30.172,4088,XREAL X4000_Android
21.604,33.615,4096,XREAL X4000_Android
21.632,31.336,4103,XREAL X4000_Android
21.664,28.806,4110,XREAL X4000_Android
21.698,31.712,4118,XREAL X4000_Android
21.726,33.792,4126,XREAL X4000_Android
21.751,28.182,4132,XREAL X4000_Android
21.784,26.377,4139,XREAL X4000_Android
21.811,34.332,4147,XREAL X4000_Android
21.841,29.828,4154,XREAL X4000_Android
21.873,28.551,4161,XREAL X4000_Android
21.893,32.067,4168,XREAL X4000_Android
21.906,16.751,4172,XREAL X4000_Android
21.935,14.777,4176,XREAL X4000_Android
21.967,27.857,4182,XREAL X4000_Android
22.002,30.948,4190,XREAL X4000_Android
22.032,35.297,4198,XREAL X4000_Android
22.059,28.297,4205,XREAL X4000_Android
22.096,29.477,4212,XREAL X4000_Android
22.124,35.378,4220,XREAL X4000_Android
22.154,29.099,4227,XREAL X4000_Android
22.191,29.888,4234,XREAL X4000_Android
22.222,37.180,4243,XREAL X4000_Android
22.251,30.824,4250,XREAL X4000_Android
22.283,29.718,4258,XREAL X4000_Android
22.298,33.913,4266,XREAL X4000_Android
22.315,12.096,4269,XREAL X4000_Android
22.333,19.844,4273,XREAL X4000_Android
22.347,15.606,4277,XREAL X4000_Android
22.362,15.519,4281,XREAL X4000_Android
22.380,12.373,4284,XREAL X4000_Android
22.398,21.422,4289,XREAL X4000_Android
22.414,15.127,4293,XREAL X4000_Android
22.430,18.929,4297,XREAL X4000_Android
22.464,13.558,4300,XREAL X4000_Android
22.500,35.445,4309,XREAL X4000_Android
22.531,34.783,4317,XREAL X4000_Android
22.563,30.157,4324,XREAL X4000_Android
22.583,34.270,4333,XREAL X4000_Android
22.599,20.412,4338,XREAL X4000_Android
22.611,13.135,4341,XREAL X4000_Android
22.629,15.984,4345,XREAL X4000_Android
22.639,11.924,4347,XREAL X4000_Android
22.658,13.975,4351,XREAL X4000_Android
22.675,18.972,4355,XREAL X4000_Android
22.694,19.881,4360,XREAL X4000_Android
22.707,15.576,4364,XREAL X4000_Android
22.737,13.703,4367,XREAL X4000_Android
22.755,28.911,4374,XREAL X4000_Android
22.772,18.993,4379,XREAL X4000_Android
22.792,18.835,4383,XREAL X4000_Android
22.807,16.610,4387,XREAL X4000_Android
22.823,15.626,4391,XREAL X4000_Android
22.837,16.382,4395,XREAL X4000_Android
22.854,12.963,4398,XREAL X4000_Android
22.868,18.083,4402,XREAL X4000_Android
22.885,14.791,4406,XREAL X4000_Android
22.915,18.999,4410,XREAL X4000_Android
22.931,28.313,4417,XREAL X4000_Android
22.949,14.469,4421,XREAL X4000_Android
22.966,22.303,4426,XREAL X4000_Android
22.985,15.020,4430,XREAL X4000_Android
23.000,19.139,4434,XREAL X4000_Android
23.030,25.350,4440,XREAL X4000_Android
23.051,19.057,4445,XREAL X4000_Android
23.092,20.823,4450,XREAL X4000_Android
23.123,39.748,4459,XREAL X4000_Android
23.136,28.992,4466,XREAL X4000_Android
23.156,16.210,4470,XREAL X4000_Android
23.171,19.622,4475,XREAL X4000_Android
23.193,17.781,4479,XREAL X4000_Android
23.222,17.163,4483,XREAL X4000_Android
23.250,29.849,4490,XREAL X4000_Android
23.287,29.194,4497,XREAL X4000_Android
23.313,36.752,4506,XREAL X4000_Android
23.342,26.118,4512,XREAL X4000_Android
23.360,30.902,4520,XREAL X4000_Android
23.378,15.297,4523,XREAL X4000_Android
23.395,18.787,4528,XREAL X4000_Android
23.406,14.326,4531,XREAL X4000_Android
23.425,14.419,4535,XREAL X4000_Android
23.438,15.360,4538,XREAL X4000_Android
23.452,14.169,4542,XREAL X4000_Android
23.466,16.514,4545,XREAL X4000_Android
23.484,13.068,4549,XREAL X4000_Android
23.511,19.554,4553,XREAL X4000_Android
23.527,26.795,4560,XREAL X4000_Android
23.541,12.559,4563,XREAL X4000_Android
23.560,17.698,4567,XREAL X4000_Android
23.597,14.567,4570,XREAL X4000_Android
23.608,37.816,4579,XREAL X4000_Android
23.628,16.020,4583,XREAL X4000_Android
23.641,13.056,4586,XREAL X4000_Android
23.655,15.809,4590,XREAL X4000_Android
23.671,14.760,4593,XREAL X4000_Android
23.692,19.601,4598,XREAL X4000_Android
23.707,16.870,4602,XREAL X4000_Android
23.725,17.254,4606,XREAL X4000_Android
23.748,20.112,4611,XREAL X4000_Android
23.784,19.710,4616,XREAL X4000_Android
23.801,37.383,4625,XREAL X4000_Android
23.815,13.941,4628,XREAL X4000_Android
23.850,17.987,4632,XREAL X4000_Android
23.888,35.603,4641,XREAL X4000_Android
23.912,33.486,4649,XREAL X4000_Android
23.928,24.700,4654,XREAL X4000_Android
23.938,13.886,4658,XREAL X4000_Android
23.954,13.164,4661,XREAL X4000_Android
23.971,16.674,4665,XREAL X4000_Android
23.994,19.144,4669,XREAL X4000_Android
24.005,16.917,4673,XREAL X4000_Android
24.022,12.398,4676,XREAL X4000_Android
24.035,18.870,4681,XREAL X4000_Android
24.073,13.260,4684,XREAL X4000_Android
24.108,40.548,4694,XREAL X4000_Android
24.136,33.053,4701,XREAL X4000_Android
24.169,26.555,4708,XREAL X4000_Android
24.205,36.173,4716,XREAL X4000_Android
24.237,34.450,4725,XREAL X4000_Android
24.271,30.004,4732,XREAL X4000_Android
24.290,36.837,4741,XREAL X4000_Android
24.304,16.191,4745,XREAL X4000_Android
24.320,14.207,4748,XREAL X4000_Android
24.333,16.306,4752,XREAL X4000_Android
24.347,10.379,4754,XREAL X4000_Android
24.363,15.601,4758,XREAL X4000_Android
24.383,17.535,4762,XREAL X4000_Android
24.398,20.759,4767,XREAL X4000_Android
24.411,12.455,4770,XREAL X4000_Android
24.439,15.205,4774,XREAL X4000_Android
24.455,28.934,4781,XREAL X4000_Android
24.469,14.846,4784,XREAL X4000_Android
24.488,14.953,4788,XREAL X4000_Android
24.501,17.567,4792,XREAL X4000_Android
24.520,12.622,4795,XREAL X4000_Android
24.532,18.283,4800,XREAL X4000_Android
24.548,10.575,4802,XREAL X4000_Android
24.582,17.627,4806,XREAL X4000_Android
24.612,36.648,4815,XREAL X4000_Android
24.640,27.538,4822,XREAL X4000_Android
24.676,29.889,4829,XREAL X4000_Android
24.706,37.176,4838,XREAL X4000_Android
24.723,28.021,4845,XREAL X4000_Android
24.740,17.012,4849,XREAL X4000_Android
24.773,17.810,4853,XREAL X4000_Android
24.805,33.727,4861,XREAL X4000_Android
24.836,31.024,4869,XREAL X4000_Android
24.869,28.634,4875,XREAL X4000_Android
24.891,37.586,4884,XREAL X4000_Android
24.903,17.589,4889,XREAL X4000_Android
24.919,10.948,4891,XREAL X4000_Android
24.935,19.260,4896,XREAL X4000_Android
24.969,15.383,4900,XREAL X4000_Android
24.987,31.522,4907,XREAL X4000_Android
25.001,21.127,4912,XREAL X4000_Android
25.016,12.019,4915,XREAL X4000_Android
25.030,15.146,4919,XREAL X4000_Android
25.046,13.148,4922,XREAL X4000_Android
25.084,18.879,4926,XREAL X4000_Android
25.113,37.559,4935,XREAL X4000_Android
25.139,30.064,4943,XREAL X4000_Android
25.173,23.945,4948,XREAL X4000_Android
25.206,37.639,4957,XREAL X4000_Android
25.237,29.344,4965,XREAL X4000_Android
25.270,30.710,4972,XREAL X4000_Android
25.288,34.405,4980,XREAL X4000_Android
25.304,17.201,4984,XREAL X4000_Android
25.321,16.737,4988,XREAL X4000_Android
25.353,16.501,4992,XREAL X4000_Android
25.389,32.978,5000,XREAL X4000_Android
25.417,33.722,5008,XREAL X4000_Android
25.446,28.968,5015,XREAL X4000_Android
25.480,28.958,5022,XREAL X4000_Android
25.508,33.105,5030,XREAL X4000_Android
25.538,29.429,5037,XREAL X4000_Android
25.554,27.834,5044,XREAL X4000_Android
25.569,16.960,5048,XREAL X4000_Android
25.588,16.951,5052,XREAL X4000_Android
25.602,18.098,5056,XREAL X4000_Android
25.617,12.693,5059,XREAL X4000_Android
25.633,16.473,5063,XREAL X4000_Android
25.649,12.707,5066,XREAL X4000_Android
25.668,20.046,5071,XREAL X4000_Android
25.688,19.523,5076,XREAL X4000_Android
25.722,19.638,5081,XREAL X4000_Android
25.737,31.782,5088,XREAL X4000_Android
25.753,15.021,5092,XREAL X4000_Android
25.767,16.980,5096,XREAL X4000_Android
25.788,14.835,5099,XREAL X4000_Android
25.804,20.757,5104,XREAL X4000_Android
25.823,15.836,5108,XREAL X4000_Android
25.837,17.425,5112,XREAL X4000_Android
25.855,14.938,5116,XREAL X4000_Android
25.874,19.735,5121,XREAL X4000_Android
25.907,21.565,5126,XREAL X4000_Android
25.936,28.900,5133,XREAL X4000_Android
25.968,27.682,5139,XREAL X4000_Android
26.005,38.768,5149,XREAL X4000_Android
26.034,32.176,5157,XREAL X4000_Android
26.068,27.944,5163,XREAL X4000_Android
26.102,35.245,5172,XREAL X4000_Android
26.121,32.639,5180,XREAL X4000_Android
26.135,20.028,5184,XREAL X4000_Android
26.150,11.672,5187,XREAL X4000_Android
26.166,18.132,5191,XREAL X4000_Android
26.183,15.231,5195,XREAL X4000_Android
26.199,14.966,5199,XREAL X4000_Android
26.215,15.026,5202,XREAL X4000_Android
26.231,18.768,5207,XREAL X4000_Android
26.246,12.220,5210,XREAL X4000_Android
26.282,20.026,5214,XREAL X4000_Android
26.301,35.724,5223,XREAL X4000_Android
26.322,21.173,5228,XREAL X4000_Android
26.337,19.139,5232,XREAL X4000_Android
26.353,12.955,5236,XREAL X4000_Android
26.369,15.449,5239,XREAL X4000_Android
26.388,16.772,5243,XREAL X4000_Android
26.401,19.299,5248,XREAL X4000_Android
26.418,11.933,5251,XREAL X4000_Android
26.432,18.125,5255,XREAL X4000_Android
26.466,11.562,5258,XREAL X4000_Android
26.484,37.730,5267,XREAL X4000_Android
26.505,20.130,5271,XREAL X4000_Android
26.523,18.342,5276,XREAL X4000_Android
26.538,16.177,5280,XREAL X4000_Android
26.557,15.977,5283,XREAL X4000_Android
26.575,17.999,5288,XREAL X4000_Android
26.597,20.610,5293,XREAL X4000_Android
26.625,17.689,5297,XREAL X4000_Android
26.659,29.419,5304,XREAL X4000_Android
26.673,34.595,5312,XREAL X4000_Android
26.695,19.472,5317,XREAL X4000_Android
26.707,15.116,5320,XREAL X4000_Android
26.726,13.778,5324,XREAL X4000_Android
26.737,17.617,5328,XREAL X4000_Android
26.752,11.982,5331,XREAL X4000_Android
26.767,14.880,5334,XREAL X4000_Android
26.794,25.483,5340,XREAL X4000_Android
26.819,21.928,5345,XREAL X4000_Android
26.852,21.479,5350,XREAL X4000_Android
26.867,32.920,5358,XREAL X4000_Android
26.889,14.655,5362,XREAL X4000_Android
26.903,21.066,5367,XREAL X4000_Android
26.920,13.552,5370,XREAL X4000_Android
26.940,21.650,5375,XREAL X4000_Android
26.959,16.934,5379,XREAL X4000_Android
26.977,16.726,5383,XREAL X4000_Android
26.998,24.566,5389,XREAL X4000_Android
27.014,13.941,5392,XREAL X4000_Android
27.050,25.117,5398,XREAL X4000_Android
27.067,30.694,5406,XREAL X4000_Android
27.088,17.006,5410,XREAL X4000_Android
27.105,22.857,5415,XREAL X4000_Android
27.122,12.956,5418,XREAL X4000_Android
27.150,27.226,5425,XREAL X4000_Android
27.168,21.046,5430,XREAL X4000_Android
27.188,13.906,5433,XREAL X4000_Android
27.205,21.676,5438,XREAL X4000_Android
27.234,30.055,5445,XREAL X4000_Android
27.270,15.637,5449,XREAL X4000_Android
27.291,37.564,5458,XREAL X4000_Android
27.304,17.888,5462,XREAL X4000_Android
27.322,14.134,5466,XREAL X4000_Android
27.337,18.158,5470,XREAL X4000_Android
27.360,20.965,5475,XREAL X4000_Android
27.376,17.019,5479,XREAL X4000_Android
27.400,21.371,5484,XREAL X4000_Android
27.428,15.211,5488,XREAL X4000_Android
27.459,29.338,5495,XREAL X4000_Android
27.496,32.174,5503,XREAL X4000_Android
27.525,35.080,5511,XREAL X4000_Android
27.559,31.657,5519,XREAL X4000_Android
27.598,33.000,5527,XREAL X4000_Android
27.629,37.795,5536,XREAL X4000_Android
27.660,31.527,5543,XREAL X4000_Android
27.695,32.731,5551,XREAL X4000_Android
27.725,32.352,5559,XREAL X4000_Android
27.750,30.631,5566,XREAL X4000_Android
27.787,27.390,5573,XREAL X4000_Android
27.812,34.733,5581,XREAL X4000_Android
27.839,27.750,5588,XREAL X4000_Android
27.875,26.413,5594,XREAL X4000_Android
27.909,37.058,5603,XREAL X4000_Android
27.939,34.757,5611,XREAL X4000_Android
27.973,28.135,5618,XREAL X4000_Android
28.005,36.134,5627,XREAL X4000_Android
28.033,28.209,5634,XREAL X4000_Android
28.062,26.062,5640,XREAL X4000_Android
28.097,29.689,5647,XREAL X4000_Android
28.125,35.146,5655,XREAL X4000_Android
28.150,27.465,5662,XREAL X4000_Android
28.184,28.157,5669,XREAL X4000_Android
28.210,33.363,5677,XREAL X4000_Android
28.238,26.580,5683,XREAL X4000_Android
28.269,25.871,5689,XREAL X4000_Android
28.302,30.990,5697,XREAL X4000_Android
28.329,30.756,5704,XREAL X4000_Android
28.353,28.191,5711,XREAL X4000_Android
28.390,27.250,5717,XREAL X4000_Android
28.421,36.246,5726,XREAL X4000_Android
28.451,31.142,5734,XREAL X4000_Android
28.487,29.593,5741,XREAL X4000_Android
28.514,36.226,5749,XREAL X4000_Android
28.540,26.620,5756,XREAL X4000_Android
28.576,27.529,5762,XREAL X4000_Android
28.611,38.771,5772,XREAL X4000_Android
28.640,31.617,5779,XREAL X4000_Android
28.676,29.315,5786,XREAL X4000_Android
28.709,38.596,5796,XREAL X4000_Android
28.738,30.674,5803,XREAL X4000_Android
28.772,28.766,5810,XREAL X4000_Android
28.805,36.135,5819,XREAL X4000_Android
28.835,30.325,5826,XREAL X4000_Android
28.866,29.363,5833,XREAL X4000_Android
28.901,31.861,5841,XREAL X4000_Android
28.931,33.068,5848,XREAL X4000_Android
28.965,30.309,5856,XREAL X4000_Android
29.001,34.828,5864,XREAL X4000_Android
29.028,33.472,5872,XREAL X4000_Android
29.062,29.179,5879,XREAL X4000_Android
29.100,34.473,5887,XREAL X4000_Android
29.130,35.788,5896,XREAL X4000_Android
29.163,31.454,5904,XREAL X4000_Android
29.197,31.629,5911,XREAL X4000_Android
29.225,33.235,5919,XREAL X4000_Android
29.258,29.588,5926,XREAL X4000_Android
29.295,33.876,5935,XREAL X4000_Android
29.322,34.601,5943,XREAL X4000_Android
29.351,29.814,5950,XREAL X4000_Android
29.390,29.766,5957,XREAL X4000_Android
29.418,38.404,5967,XREAL X4000_Android
29.443,28.828,5974,XREAL X4000_Android
29.480,26.211,5980,XREAL X4000_Android
29.511,36.771,5989,XREAL X4000_Android
29.538,29.041,5996,XREAL X4000_Android
29.572,26.111,6002,XREAL X4000_Android
29.609,36.232,6011,XREAL X4000_Android
29.641,37.412,6020,XREAL X4000_Android
29.671,29.937,6027,XREAL X4000_Android
29.705,32.235,6035,XREAL X4000_Android
29.735,32.970,6043,XREAL X4000_Android
29.769,28.596,6050,XREAL X4000_Android
29.804,36.052,6059,XREAL X4000_Android
29.835,33.772,6067,XREAL X4000_Android
29.867,30.831,6075,XREAL X4000_Android
29.904,32.338,6082,XREAL X4000_Android
29.932,33.548,6091,XREAL X4000_Android
29.967,30.221,6098,XREAL X4000_Android
30.003,36.974,6107,XREAL X4000_Android
30.034,35.727,6115,XREAL X4000_Android
30.062,27.158,6122,XREAL X4000_Android
30.098,29.167,6129,XREAL X4000_Android
30.130,36.725,6138,XREAL X4000_Android
30.158,32.518,6146,XREAL X4000_Android
30.196,29.211,6153,XREAL X4000_Android
30.222,34.727,6161,XREAL X4000_Android
30.250,28.097,6168,XREAL X4000_Android
30.285,28.184,6175,XREAL X4000_Android
30.313,37.113,6184,XREAL X4000_Android
30.342,27.059,6190,XREAL X4000_Android
30.377,29.003,6197,XREAL X4000_Android
30.407,37.351,6206,XREAL X4000_Android
30.438,27.853,6213,XREAL X4000_Android
30.472,31.300,6220,XREAL X4000_Android
30.506,33.389,6228,XREAL X4000_Android
30.535,32.432,6236,XREAL X4000_Android
30.565,27.420,6243,XREAL X4000_Android
30.601,30.478,6250,XREAL X4000_Android
30.630,34.950,6259,XREAL X4000_Android
30.658,28.677,6265,XREAL X4000_Android
30.695,29.072,6272,XREAL X4000_Android
30.724,36.996,6281,XREAL X4000_Android
30.734,28.815,6288,XREAL X4000_Android
30.746,10.604,6291,XREAL X4000_Android
30.762,14.765,6294,XREAL X4000_Android
30.800,13.806,6298,XREAL X4000_Android
30.829,36.904,6306,XREAL X4000_Android
30.857,29.153,6313,XREAL X4000_Android
30.893,29.702,6321,XREAL X4000_Android
30.921,34.434,6329,XREAL X4000_Android
30.946,28.988,6336,XREAL X4000_Android
30.978,25.120,6342,XREAL X4000_Android
31.008,34.644,6350,XREAL X4000_Android
31.036,27.169,6357,XREAL X4000_Android
31.067,26.876,6363,XREAL X4000_Android
31.100,31.715,6371,XREAL X4000_Android
31.129,31.627,6378,XREAL X4000_Android
31.153,28.972,6385,XREAL X4000_Android
31.186,27.008,6392,XREAL X4000_Android
31.216,32.924,6400,XREAL X4000_Android
31.241,29.387,6407,XREAL X4000_Android
31.278,26.772,6413,XREAL X4000_Android
31.310,38.334,6422,XREAL X4000_Android
31.337,29.136,6429,XREAL X4000_Android
31.369,26.124,6435,XREAL X4000_Android
31.404,35.831,6444,XREAL X4000_Android
31.437,37.803,6453,XREAL X4000_Android
31.470,28.300,6459,XREAL X4000_Android
31.504,35.122,6468,XREAL X4000_Android
31.538,32.338,6475,XREAL X4000_Android
31.568,32.450,6483,XREAL X4000_Android
31.604,33.714,6491,XREAL X4000_Android
31.633,32.492,6499,XREAL X4000_Android
31.664,27.572,6505,XREAL X4000_Android
31.700,31.528,6513,XREAL X4000_Android
31.728,34.462,6521,XREAL X4000_Android
31.757,29.009,6528,XREAL X4000_Android
31.795,30.450,6535,XREAL X4000_Android
31.825,35.513,6544,XREAL X4000_Android
31.853,31.835,6551,XREAL X4000_Android
31.888,30.181,6558,XREAL X4000_Android
31.916,35.142,6567,XREAL X4000_Android
31.942,26.591,6573,XREAL X4000_Android
31.973,26.011,6579,XREAL X4000_Android
32.007,33.057,6587,XREAL X4000_Android
32.036,30.955,6595,XREAL X4000_Android
32.071,31.424,6602,XREAL X4000_Android
32.088,34.598,6610,XREAL X4000_Android
32.105,18.612,6615,XREAL X4000_Android
32.121,14.071,6618,XREAL X4000_Android
32.158,18.573,6622,XREAL X4000_Android
32.196,35.301,6631,XREAL X4000_Android
32.228,36.061,6639,XREAL X4000_Android
32.257,29.901,6647,XREAL X4000_Android
32.293,32.344,6654,XREAL X4000_Android
32.320,34.856,6663,XREAL X4000_Android
32.332,28.002,6669,XREAL X4000_Android
32.348,11.208,6672,XREAL X4000_Android
32.365,16.983,6676,XREAL X4000_Android
32.383,17.120,6680,XREAL X4000_Android
32.399,18.988,6685,XREAL X4000_Android
32.414,14.396,6688,XREAL X4000_Android
32.431,18.797,6693,XREAL X4000_Android
32.449,12.657,6696,XREAL X4000_Android
32.466,20.743,6701,XREAL X4000_Android
32.501,14.900,6704,XREAL X4000_Android
32.516,35.032,6713,XREAL X4000_Android
32.532,17.264,6717,XREAL X4000_Android
32.565,12.301,6720,XREAL X4000_Android
32.603,35.661,6728,XREAL X4000_Android
32.635,37.814,6737,XREAL X4000_Android
32.665,29.302,6745,XREAL X4000_Android
32.702,32.911,6752,XREAL X4000_Android
32.732,35.257,6761,XREAL X4000_Android
32.764,29.836,6768,XREAL X4000_Android
32.801,33.156,6776,XREAL X4000_Android
32.833,36.709,6785,XREAL X4000_Android
32.865,29.712,6792,XREAL X4000_Android
32.902,35.273,6800,XREAL X4000_Android
32.933,35.610,6809,XREAL X4000_Android
32.964,30.398,6816,XREAL X4000_Android
33.001,32.450,6824,XREAL X4000_Android
33.032,33.936,6832,XREAL X4000_Android
33.062,32.215,6840,XREAL X4000_Android
33.097,29.282,6847,XREAL X4000_Android
33.129,35.770,6856,XREAL X4000_Android
33.160,31.712,6863,XREAL X4000_Android
33.197,31.803,6871,XREAL X4000_Android
33.226,36.521,6880,XREAL X4000_Android
33.256,29.282,6887,XREAL X4000_Android
33.294,31.483,6894,XREAL X4000_Android
33.327,37.397,6903,XREAL X4000_Android
33.356,31.917,6911,XREAL X4000_Android
33.390,29.089,6918,XREAL X4000_Android
33.418,35.874,6926,XREAL X4000_Android
33.444,27.933,6933,XREAL X4000_Android
33.473,25.180,6939,XREAL X4000_Android
33.507,31.192,6947,XREAL X4000_Android
33.535,32.992,6954,XREAL X4000_Android
33.566,24.379,6960,XREAL X4000_Android
33.600,32.287,6968,XREAL X4000_Android
33.631,34.504,6976,XREAL X4000_Android
33.664,30.018,6984,XREAL X4000_Android
33.699,32.135,6991,XREAL X4000_Android
33.732,36.714,7000,XREAL X4000_Android
33.763,32.924,7008,XREAL X4000_Android
33.800,31.835,7016,XREAL X4000_Android
33.830,35.240,7024,XREAL X4000_Android
33.862,31.260,7032,XREAL X4000_Android
33.897,31.293,7039,XREAL X4000_Android
33.927,34.205,7047,XREAL X4000_Android
33.957,31.067,7055,XREAL X4000_Android
33.993,32.084,7062,XREAL X4000_Android
34.022,34.768,7071,XREAL X4000_Android
34.048,28.704,7078,XREAL X4000_Android
34.089,27.951,7084,XREAL X4000_Android
34.120,39.483,7094,XREAL X4000_Android
34.146,31.712,7102,XREAL X4000_Android
34.180,26.626,7108,XREAL X4000_Android
34.210,33.952,7116,XREAL X4000_Android
34.242,32.191,7124,XREAL X4000_Android
34.273,29.601,7131,XREAL X4000_Android
34.306,33.308,7139,XREAL X4000_Android
34.337,29.446,7146,XREAL X4000_Android
34.370,31.341,7153,XREAL X4000_Android
34.405,37.374,7162,XREAL X4000_Android
34.434,31.650,7169,XREAL X4000_Android
34.467,27.268,7176,XREAL X4000_Android
34.503,36.136,7185,XREAL X4000_Android
34.532,30.852,7192,XREAL X4000_Android
34.564,30.739,7199,XREAL X4000_Android
34.600,32.594,7207,XREAL X4000_Android
34.629,33.632,7215,XREAL X4000_Android
34.660,29.942,7222,XREAL X4000_Android
34.695,31.015,7229,XREAL X4000_Android
34.726,35.718,7238,XREAL X4000_Android
34.758,32.158,7246,XREAL X4000_Android
34.796,30.087,7253,XREAL X4000_Android
34.827,38.581,7262,XREAL X4000_Android
34.855,31.119,7269,XREAL X4000_Android
34.890,28.296,7276,XREAL X4000_Android
34.920,36.504,7285,XREAL X4000_Android
34.949,29.586,7292,XREAL X4000_Android
34.981,28.881,7299,XREAL X4000_Android
35.009,34.295,7307,XREAL X4000_Android
35.040,28.280,7313,XREAL X4000_Android
35.073,29.691,7320,XREAL X4000_Android
35.105,33.869,7329,XREAL X4000_Android
35.134,31.466,7336,XREAL X4000_Android
35.163,26.397,7342,XREAL X4000_Android
35.200,30.386,7349,XREAL X4000_Android
35.235,35.386,7358,XREAL X4000_Android
35.270,35.161,7366,XREAL X4000_Android
35.304,38.214,7376,XREAL X4000_Android
35.335,31.100,7383,XREAL X4000_Android
35.364,28.529,7390,XREAL X4000_Android
35.401,31.220,7397,XREAL X4000_Android
35.430,34.992,7406,XREAL X4000_Android
35.461,31.212,7413,XREAL X4000_Android
35.500,31.888,7421,XREAL X4000_Android
35.531,36.094,7430,XREAL X4000_Android
35.561,31.665,7437,XREAL X4000_Android
35.599,32.357,7445,XREAL X4000_Android
35.629,35.824,7453,XREAL X4000_Android
35.658,31.191,7461,XREAL X4000_Android
35.695,29.084,7468,XREAL X4000_Android
35.721,35.468,7476,XREAL X4000_Android
35.744,26.850,7483,XREAL X4000_Android
35.778,24.783,7489,XREAL X4000_Android
35.812,37.612,7498,XREAL X4000_Android
35.838,29.999,7505,XREAL X4000_Android
35.867,23.816,7511,XREAL X4000_Android
35.903,31.707,7518,XREAL X4000_Android
35.934,33.421,7526,XREAL X4000_Android
35.965,29.605,7534,XREAL X4000_Android
36.001,34.159,7542,XREAL X4000_Android
36.030,33.717,7550,XREAL X4000_Android
36.061,30.724,7557,XREAL X4000_Android
36.098,29.935,7564,XREAL X4000_Android
36.128,37.191,7573,XREAL X4000_Android
36.161,30.790,7581,XREAL X4000_Android
36.196,31.824,7588,XREAL X4000_Android
36.226,35.728,7597,XREAL X4000_Android
36.255,30.445,7604,XREAL X4000_Android
36.292,30.213,7612,XREAL X4000_Android
36.325,35.221,7620,XREAL X4000_Android
36.354,33.385,7628,XREAL X4000_Android
36.399,38.760,7638,XREAL X4000_Android
36.431,35.283,7646,XREAL X4000_Android
36.463,31.887,7654,XREAL X4000_Android
36.500,33.364,7662,XREAL X4000_Android
36.532,35.865,7671,XREAL X4000_Android
36.566,31.798,7678,XREAL X4000_Android
36.601,34.035,7687,XREAL X4000_Android
36.632,32.827,7695,XREAL X4000_Android
36.663,32.237,7702,XREAL X4000_Android
36.702,34.621,7711,XREAL X4000_Android
36.734,36.152,7720,XREAL X4000_Android
36.767,32.701,7728,XREAL X4000_Android
36.804,34.826,7736,XREAL X4000_Android
36.836,36.570,7745,XREAL X4000_Android
36.868,31.160,7752,XREAL X4000_Android
36.903,35.852,7761,XREAL X4000_Android
36.931,29.162,7768,XREAL X4000_Android
36.946,28.576,7775,XREAL X4000_Android
36.963,16.545,7779,XREAL X4000_Android
37.000,16.429,7783,XREAL X4000_Android
37.031,35.665,7792,XREAL X4000_Android
37.065,31.845,7799,XREAL X4000_Android
37.100,32.582,7807,XREAL X4000_Android
37.132,35.625,7816,XREAL X4000_Android
37.163,32.017,7824,XREAL X4000_Android
37.201,33.616,7832,XREAL X4000_Android
37.231,35.988,7841,XREAL X4000_Android
37.261,28.823,7848,XREAL X4000_Android
37.297,32.233,7855,XREAL X4000_Android
37.327,33.816,7863,XREAL X4000_Android
37.353,29.738,7871,XREAL X4000_Android
37.390,28.368,7877,XREAL X4000_Android
37.417,36.297,7886,XREAL X4000_Android
37.442,28.491,7893,XREAL X4000_Android
37.473,25.057,7899,XREAL X4000_Android
37.508,33.875,7907,XREAL X4000_Android
37.538,33.218,7915,XREAL X4000_Android
37.569,26.880,7921,XREAL X4000_Android
37.604,34.502,7930,XREAL X4000_Android
37.633,31.883,7937,XREAL X4000_Android
37.664,28.336,7944,XREAL X4000_Android
37.700,32.370,7952,XREAL X4000_Android
37.732,34.782,7960,XREAL X4000_Android
37.762,32.224,7968,XREAL X4000_Android
37.800,29.007,7975,XREAL X4000_Android
37.831,39.294,7984,XREAL X4000_Android
37.863,29.935,7992,XREAL X4000_Android
37.900,31.906,7999,XREAL X4000_Android
37.926,36.613,8008,XREAL X4000_Android
37.959,27.474,8015,XREAL X4000_Android
37.980,34.531,8023,XREAL X4000_Android
37.997,20.028,8028,XREAL X4000_Android
38.011,15.077,8031,XREAL X4000_Android
38.028,17.273,8035,XREAL X4000_Android
38.043,14.610,8039,XREAL X4000_Android
38.061,16.705,8043,XREAL X4000_Android
38.077,17.736,8047,XREAL X4000_Android
38.097,19.638,8052,XREAL X4000_Android
38.110,15.206,8056,XREAL X4000_Android
38.139,16.507,8060,XREAL X4000_Android
38.154,26.499,8066,XREAL X4000_Android
38.194,16.969,8070,XREAL X4000_Android
38.226,36.618,8079,XREAL X4000_Android
38.258,32.810,8087,XREAL X4000_Android
38.298,32.493,8094,XREAL X4000_Android
38.328,39.056,8104,XREAL X4000_Android
38.353,28.496,8110,XREAL X4000_Android
38.391,28.591,8117,XREAL X4000_Android
38.418,36.388,8126,XREAL X4000_Android
38.443,26.988,8132,XREAL X4000_Android
38.479,25.691,8138,XREAL X4000_Android
38.510,38.272,8147,XREAL X4000_Android
38.538,29.791,8155,XREAL X4000_Android
38.573,27.770,8161,XREAL X4000_Android
38.606,36.445,8170,XREAL X4000_Android
38.636,30.800,8177,XREAL X4000_Android
38.668,29.552,8184,XREAL X4000_Android
38.703,35.477,8193,XREAL X4000_Android
38.733,33.182,8200,XREAL X4000_Android
38.764,28.215,8207,XREAL X4000_Android
38.802,29.507,8214,XREAL X4000_Android
38.833,39.500,8224,XREAL X4000_Android
38.866,29.614,8231,XREAL X4000_Android
38.903,36.067,8239,XREAL X4000_Android
38.934,35.099,8247,XREAL X4000_Android
38.965,30.404,8255,XREAL X4000_Android
39.001,32.035,8262,XREAL X4000_Android
39.031,34.418,8270,XREAL X4000_Android
39.048,31.617,8278,XREAL X4000_Android
39.065,19.046,8283,XREAL X4000_Android
39.086,16.288,8286,XREAL X4000_Android
39.102,21.643,8292,XREAL X4000_Android
39.121,13.851,8295,XREAL X4000_Android
39.147,19.606,8299,XREAL X4000_Android
39.184,26.723,8306,XREAL X4000_Android
39.211,37.360,8315,XREAL X4000_Android
39.237,26.720,8321,XREAL X4000_Android
39.268,25.300,8327,XREAL X4000_Android
39.304,31.432,8335,XREAL X4000_Android
39.334,35.494,8343,XREAL X4000_Android
39.365,28.379,8350,XREAL X4000_Android
39.402,32.092,8358,XREAL X4000_Android
39.434,36.283,8366,XREAL X4000_Android
39.467,30.716,8374,XREAL X4000_Android
39.503,33.507,8382,XREAL X4000_Android
39.534,38.707,8391,XREAL X4000_Android
39.565,28.201,8398,XREAL X4000_Android
39.601,30.037,8405,XREAL X4000_Android
39.635,37.750,8414,XREAL X4000_Android
39.664,31.953,8422,XREAL X4000_Android
39.701,30.422,8429,XREAL X4000_Android
39.732,35.936,8438,XREAL X4000_Android
39.763,32.954,8446,XREAL X4000_Android
39.782,30.379,8453,XREAL X4000_Android
39.800,23.635,8459,XREAL X4000_Android
39.816,12.970,8462,XREAL X4000_Android
39.833,19.593,8467,XREAL X4000_Android
39.847,14.154,8470,XREAL X4000_Android
39.865,14.890,8473,XREAL X4000_Android
39.883,18.184,8478,XREAL X4000_Android
39.901,20.687,8483,XREAL X4000_Android
39.918,14.642,8486,XREAL X4000_Android
39.941,16.586,8490,XREAL X4000_Android
39.957,25.986,8497,XREAL X4000_Android
39.971,15.245,8500,XREAL X4000_Android
39.993,17.363,8504,XREAL X4000_Android
40.004,16.403,8508,XREAL X4000_Android
40.019,11.607,8511,XREAL X4000_Android
40.036,17.467,8515,XREAL X4000_Android
40.053,15.164,8519,XREAL X4000_Android
40.085,27.612,8526,XREAL X4000_Android
40.106,26.614,8532,XREAL X4000_Android
40.159,32.554,8540,XREAL X4000_Android
40.173,34.461,8548,XREAL X4000_Android
40.194,21.118,8553,XREAL X4000_Android
40.205,14.150,8557,XREAL X4000_Android
40.239,26.471,8563,XREAL X4000_Android
40.263,27.536,8570,XREAL X4000_Android
40.285,16.563,8574,XREAL X4000_Android
40.300,22.182,8579,XREAL X4000_Android
40.332,31.251,8587,XREAL X4000_Android
40.367,31.878,8594,XREAL X4000_Android
40.406,23.766,8600,XREAL X4000_Android
40.425,36.651,8609,XREAL X4000_Android
40.438,16.177,8613,XREAL X4000_Android
40.456,12.221,8616,XREAL X4000_Android
40.486,29.177,8623,XREAL X4000_Android
40.502,20.666,8628,XREAL X4000_Android
40.524,21.296,8633,XREAL X4000_Android
40.555,29.490,8640,XREAL X4000_Android
40.588,25.585,8646,XREAL X4000_Android
40.620,27.321,8653,XREAL X4000_Android
40.647,30.404,8660,XREAL X4000_Android
40.679,27.460,8667,XREAL X4000_Android
40.710,31.270,8675,XREAL X4000_Android
40.739,30.987,8682,XREAL X4000_Android
40.774,31.619,8690,XREAL X4000_Android
40.809,35.877,8699,XREAL X4000_Android
40.839,32.137,8706,XREAL X4000_Android
40.870,29.707,8714,XREAL X4000_Android
40.905,34.242,8722,XREAL X4000_Android
40.935,32.154,8730,XREAL X4000_Android
40.964,25.819,8736,XREAL X4000_Android
41.001,31.758,8744,XREAL X4000_Android
41.032,36.585,8752,XREAL X4000_Android
41.066,29.888,8760,XREAL X4000_Android
41.101,32.514,8768,XREAL X4000_Android
41.131,34.390,8776,XREAL X4000_Android
41.162,32.369,8784,XREAL X4000_Android
41.199,30.307,8791,XREAL X4000_Android
41.228,34.964,8800,XREAL X4000_Android
41.260,31.336,8807,XREAL X4000_Android
41.298,33.487,8815,XREAL X4000_Android
41.329,36.577,8824,XREAL X4000_Android
41.354,29.260,8831,XREAL X4000_Android
41.395,27.773,8838,XREAL X4000_Android
41.438,43.079,8848,XREAL X4000_Android
41.468,39.146,8857,XREAL X4000_Android
41.502,30.777,8865,XREAL X4000_Android
41.530,32.243,8872,XREAL X4000_Android
41.557,28.072,8879,XREAL X4000_Android
41.591,28.112,8886,XREAL X4000_Android
41.614,34.419,8894,XREAL X4000_Android
41.644,25.554,8900,XREAL X4000_Android
41.678,32.198,8908,XREAL X4000_Android
41.714,39.559,8918,XREAL X4000_Android
41.741,28.232,8924,XREAL X4000_Android
41.772,26.388,8931,XREAL X4000_Android
41.809,36.548,8939,XREAL X4000_Android
41.838,32.003,8947,XREAL X4000_Android
41.872,26.737,8954,XREAL X4000_Android
41.907,36.919,8962,XREAL X4000_Android
41.936,32.497,8970,XREAL X4000_Android
41.966,29.556,8977,XREAL X4000_Android
42.001,29.049,8984,XREAL X4000_Android
42.033,34.760,8993,XREAL X4000_Android
42.050,32.340,9000,XREAL X4000_Android
42.068,19.895,9005,XREAL X4000_Android
42.087,17.610,9009,XREAL X4000_Android
42.103,18.657,9014,XREAL X4000_Android
42.136,15.999,9018,XREAL X4000_Android
42.171,32.068,9025,XREAL X4000_Android
42.206,36.883,9034,XREAL X4000_Android
42.236,33.638,9042,XREAL X4000_Android
42.270,29.045,9049,XREAL X4000_Android
42.306,36.617,9058,XREAL X4000_Android
42.337,33.865,9066,XREAL X4000_Android
42.368,30.638,9074,XREAL X4000_Android
42.403,31.037,9081,XREAL X4000_Android
42.434,35.012,9089,XREAL X4000_Android
42.449,28.301,9096,XREAL X4000_Android
42.468,20.592,9101,XREAL X4000_Android
42.489,17.901,9105,XREAL X4000_Android
42.505,20.391,9110,XREAL X4000_Android
42.522,15.414,9114,XREAL X4000_Android
42.536,15.480,9118,XREAL X4000_Android
42.550,13.076,9121,XREAL X4000_Android
42.568,17.858,9125,XREAL X4000_Android
42.586,17.017,9129,XREAL X4000_Android
42.615,19.760,9134,XREAL X4000_Android
42.630,26.867,9140,XREAL X4000_Android
42.646,13.677,9144,XREAL X4000_Android
42.663,18.551,9148,XREAL X4000_Android
42.679,16.546,9152,XREAL X4000_Android
42.698,18.745,9157,XREAL X4000_Android
42.713,13.248,9160,XREAL X4000_Android
42.730,19.421,9164,XREAL X4000_Android
42.744,13.717,9168,XREAL X4000_Android
42.763,16.329,9172,XREAL X4000_Android
42.801,17.245,9176,XREAL X4000_Android
42.812,35.279,9184,XREAL X4000_Android
42.827,15.840,9188,XREAL X4000_Android
42.840,11.192,9191,XREAL X4000_Android
42.859,14.740,9194,XREAL X4000_Android
42.875,18.551,9199,XREAL X4000_Android
42.894,19.370,9203,XREAL X4000_Android
42.904,14.193,9207,XREAL X4000_Android
42.923,13.696,9210,XREAL X4000_Android
42.936,15.915,9214,XREAL X4000_Android
42.969,15.107,9218,XREAL X4000_Android
42.991,32.693,9225,XREAL X4000_Android
43.006,19.875,9230,XREAL X4000_Android
43.024,17.402,9234,XREAL X4000_Android
43.037,17.064,9238,XREAL X4000_Android
43.069,10.962,9241,XREAL X4000_Android
43.105,34.812,9249,XREAL X4000_Android
43.135,35.435,9258,XREAL X4000_Android
43.164,28.723,9265,XREAL X4000_Android
43.200,28.864,9272,XREAL X4000_Android
43.228,35.614,9280,XREAL X4000_Android
43.258,29.151,9287,XREAL X4000_Android
43.295,29.685,9295,XREAL X4000_Android
43.328,38.928,9304,XREAL X4000_Android
43.359,29.964,9311,XREAL X4000_Android
43.393,32.094,9319,XREAL X4000_Android
43.425,34.491,9327,XREAL X4000_Android
43.451,30.081,9335,XREAL X4000_Android
43.484,28.288,9342,XREAL X4000_Android
43.515,34.926,9350,XREAL X4000_Android
43.542,30.335,9357,XREAL X4000_Android
43.577,28.010,9364,XREAL X4000_Android
43.610,36.898,9373,XREAL X4000_Android
43.636,28.079,9380,XREAL X4000_Android
43.667,26.773,9386,XREAL X4000_Android
43.704,30.978,9394,XREAL X4000_Android
43.717,34.308,9402,XREAL X4000_Android
43.732,15.708,9406,XREAL X4000_Android
43.746,13.259,9409,XREAL X4000_Android
43.762,16.902,9413,XREAL X4000_Android
43.779,13.743,9417,XREAL X4000_Android
43.811,20.986,9422,XREAL X4000_Android
43.830,31.329,9429,XREAL X4000_Android
43.846,15.892,9433,XREAL X4000_Android
43.863,17.139,9437,XREAL X4000_Android
43.898,15.969,9441,XREAL X4000_Android
43.929,36.166,9450,XREAL X4000_Android
43.960,30.290,9457,XREAL X4000_Android
43.997,31.863,9465,XREAL X4000_Android
44.026,35.543,9474,XREAL X4000_Android
44.059,28.847,9481,XREAL X4000_Android
44.095,33.763,9489,XREAL X4000_Android
44.127,34.877,9497,XREAL X4000_Android
44.156,30.421,9505,XREAL X4000_Android
44.193,30.763,9512,XREAL X4000_Android
44.205,36.991,9521,XREAL X4000_Android
44.225,12.112,9524,XREAL X4000_Android
44.240,19.314,9529,XREAL X4000_Android
44.259,17.470,9533,XREAL X4000_Android
44.277,19.477,9538,XREAL X4000_Android
44.296,21.366,9543,XREAL X4000_Android
44.311,14.436,9546,XREAL X4000_Android
44.330,15.617,9550,XREAL X4000_Android
44.342,16.844,9554,XREAL X4000_Android
44.372,14.856,9558,XREAL X4000_Android
44.393,29.940,9565,XREAL X4000_Android
44.408,18.312,9570,XREAL X4000_Android
44.422,15.403,9573,XREAL X4000_Android
44.437,14.782,9577,XREAL X4000_Android
44.455,14.922,9581,XREAL X4000_Android
44.470,18.146,9585,XREAL X4000_Android
44.491,17.788,9589,XREAL X4000_Android
44.506,17.572,9593,XREAL X4000_Android
44.525,16.906,9598,XREAL X4000_Android
44.556,18.118,9602,XREAL X4000_Android
44.571,31.937,9610,XREAL X4000_Android
44.592,16.508,9614,XREAL X4000_Android
44.606,17.933,9618,XREAL X4000_Android
44.623,15.261,9622,XREAL X4000_Android
44.637,16.021,9626,XREAL X4000_Android
44.656,14.767,9629,XREAL X4000_Android
44.668,18.246,9634,XREAL X4000_Android
44.691,14.830,9637,XREAL X4000_Android
44.708,21.288,9642,XREAL X4000_Android
44.737,18.329,9647,XREAL X4000_Android
44.752,26.961,9653,XREAL X4000_Android
44.766,15.856,9657,XREAL X4000_Android
44.793,22.875,9663,XREAL X4000_Android
44.809,17.090,9667,XREAL X4000_Android
44.843,23.342,9673,XREAL X4000_Android
44.875,26.066,9679,XREAL X4000_Android
44.909,37.347,9688,XREAL X4000_Android
44.936,29.107,9695,XREAL X4000_Android
44.971,28.406,9702,XREAL X4000_Android
45.005,36.575,9711,XREAL X4000_Android
45.036,31.959,9719,XREAL X4000_Android
45.070,29.589,9726,XREAL X4000_Android
45.104,34.813,9734,XREAL X4000_Android
45.133,32.004,9742,XREAL X4000_Android
45.164,29.017,9749,XREAL X4000_Android
45.182,32.875,9757,XREAL X4000_Android
45.201,20.949,9762,XREAL X4000_Android
45.217,16.260,9766,XREAL X4000_Android
45.233,16.755,9770,XREAL X4000_Android
45.245,12.507,9773,XREAL X4000_Android
45.262,14.249,9776,XREAL X4000_Android
45.281,16.939,9780,XREAL X4000_Android
45.315,22.399,9786,XREAL X4000_Android
45.344,32.159,9793,XREAL X4000_Android
45.378,29.366,9801,XREAL X4000_Android
45.408,33.628,9809,XREAL X4000_Android
45.438,29.812,9816,XREAL X4000_Android
45.471,28.533,9823,XREAL X4000_Android
45.507,35.597,9831,XREAL X4000_Android
45.536,33.045,9839,XREAL X4000_Android
45.568,28.978,9846,XREAL X4000_Android
45.603,32.213,9854,XREAL X4000_Android
45.618,33.463,9862,XREAL X4000_Android
45.633,18.916,9866,XREAL X4000_Android
45.650,11.242,9869,XREAL X4000_Android
45.666,20.741,9874,XREAL X4000_Android
45.686,17.761,9878,XREAL X4000_Android
45.702,19.405,9883,XREAL X4000_Android
45.718,14.222,9886,XREAL X4000_Android
45.735,16.397,9890,XREAL X4000_Android
45.748,12.705,9893,XREAL X4000_Android
45.782,17.140,9897,XREAL X4000_Android
45.800,34.947,9906,XREAL X4000_Android
45.814,12.962,9909,XREAL X4000_Android
45.829,18.833,9913,XREAL X4000_Android
45.846,12.871,9917,XREAL X4000_Android
45.878,16.090,9920,XREAL X4000_Android
45.909,34.257,9929,XREAL X4000_Android
45.938,29.516,9936,XREAL X4000_Android
45.968,30.084,9943,XREAL X4000_Android
46.004,30.877,9950,XREAL X4000_Android
46.035,35.068,9959,XREAL X4000_Android
46.068,29.937,9966,XREAL X4000_Android
46.102,33.595,9974,XREAL X4000_Android
46.133,32.808,9982,XREAL X4000_Android
46.166,30.478,9989,XREAL X4000_Android
46.203,34.240,9997,XREAL X4000_Android
46.234,38.473,10007,XREAL X4000_Android
46.266,26.828,10013,XREAL X4000_Android
46.302,35.849,10022,XREAL X4000_Android
46.319,35.142,10030,XREAL X4000_Android
46.339,19.923,10035,XREAL X4000_Android
46.362,21.961,10040,XREAL X4000_Android
46.386,17.873,10044,XREAL X4000_Android
46.413,31.896,10052,XREAL X4000_Android
46.441,21.272,10057,XREAL X4000_Android
46.478,27.248,10063,XREAL X4000_Android
46.500,39.815,10073,XREAL X4000_Android
46.520,18.738,10077,XREAL X4000_Android
46.538,22.676,10082,XREAL X4000_Android
46.579,16.386,10086,XREAL X4000_Android
46.615,42.539,10096,XREAL X4000_Android
46.642,31.701,10104,XREAL X4000_Android
46.685,29.142,10111,XREAL X4000_Android
46.726,42.343,10121,XREAL X4000_Android
46.760,39.377,10130,XREAL X4000_Android
46.802,35.092,10139,XREAL X4000_Android
46.825,45.326,10149,XREAL X4000_Android
46.840,19.538,10154,XREAL X4000_Android
46.875,18.058,10158,XREAL X4000_Android
46.914,37.871,10167,XREAL X4000_Android
46.942,33.205,10175,XREAL X4000_Android
46.975,28.357,10182,XREAL X4000_Android
47.006,35.195,10190,XREAL X4000_Android
47.039,29.002,10197,XREAL X4000_Android
47.073,32.817,10205,XREAL X4000_Android
47.096,39.652,10215,XREAL X4000_Android
47.132,19.850,10219,XREAL X4000_Android
47.164,30.985,10227,XREAL X4000_Android
47.201,34.009,10235,XREAL X4000_Android
47.232,35.997,10243,XREAL X4000_Android
47.265,30.691,10251,XREAL X4000_Android
47.302,33.669,10259,XREAL X4000_Android
47.336,36.452,10267,XREAL X4000_Android
47.370,34.791,10276,XREAL X4000_Android
47.408,39.159,10285,XREAL X4000_Android
47.439,32.939,10293,XREAL X4000_Android
47.473,32.653,10301,XREAL X4000_Android
47.509,36.497,10310,XREAL X4000_Android
47.536,32.041,10317,XREAL X4000_Android
47.568,24.041,10323,XREAL X4000_Android
47.604,35.251,10332,XREAL X4000_Android
47.635,34.908,10340,XREAL X4000_Android
47.670,31.735,10348,XREAL X4000_Android
47.709,40.532,10357,XREAL X4000_Android
47.738,34.696,10366,XREAL X4000_Android
47.769,26.315,10372,XREAL X4000_Android
47.805,32.308,10380,XREAL X4000_Android
47.834,35.910,10388,XREAL X4000_Android
47.868,27.890,10395,XREAL X4000_Android
47.903,35.928,10404,XREAL X4000_Android
47.934,34.169,10412,XREAL X4000_Android
47.966,27.906,10419,XREAL X4000_Android
47.984,34.591,10427,XREAL X4000_Android
48.001,21.435,10432,XREAL X4000_Android
48.013,12.126,10435,XREAL X4000_Android
48.031,16.332,10439,XREAL X4000_Android
48.047,14.474,10442,XREAL X4000_Android
48.068,19.944,10447,XREAL X4000_Android
48.103,19.323,10452,XREAL X4000_Android
48.134,34.618,10460,XREAL X4000_Android
48.168,29.533,10467,XREAL X4000_Android
48.187,34.746,10475,XREAL X4000_Android
48.201,20.534,10480,XREAL X4000_Android
48.220,12.580,10483,XREAL X4000_Android
48.245,19.686,10488,XREAL X4000_Android
48.275,25.002,10494,XREAL X4000_Android
48.309,32.688,10502,XREAL X4000_Android
48.336,31.662,10509,XREAL X4000_Android
48.366,25.054,10515,XREAL X4000_Android
48.402,31.343,10523,XREAL X4000_Android
48.421,34.723,10531,XREAL X4000_Android
48.436,20.781,10536,XREAL X4000_Android
48.452,11.126,10538,XREAL X4000_Android
48.470,20.243,10543,XREAL X4000_Android
48.490,17.850,10548,XREAL X4000_Android
48.506,19.662,10552,XREAL X4000_Android
48.525,17.381,10556,XREAL X4000_Android
48.538,16.955,10560,XREAL X4000_Android
48.554,12.963,10563,XREAL X4000_Android
48.586,15.287,10567,XREAL X4000_Android
48.602,34.828,10575,XREAL X4000_Android
48.619,12.396,10578,XREAL X4000_Android
48.634,18.809,10583,XREAL X4000_Android
48.649,13.954,10586,XREAL X4000_Android
48.665,16.989,10590,XREAL X4000_Android
48.680,13.270,10593,XREAL X4000_Android
48.696,19.023,10598,XREAL X4000_Android
48.708,13.003,10601,XREAL X4000_Android
48.727,14.712,10604,XREAL X4000_Android
48.757,14.446,10608,XREAL X4000_Android
48.775,33.872,10616,XREAL X4000_Android
48.795,19.805,10621,XREAL X4000_Android
48.807,16.431,10624,XREAL X4000_Android
48.825,11.537,10627,XREAL X4000_Android
48.837,17.435,10631,XREAL X4000_Android
48.852,11.136,10634,XREAL X4000_Android
48.872,20.708,10639,XREAL X4000_Android
48.893,18.282,10643,XREAL X4000_Android
48.911,21.623,10648,XREAL X4000_Android
48.939,18.046,10653,XREAL X4000_Android
48.958,28.078,10659,XREAL X4000_Android
48.974,16.029,10663,XREAL X4000_Android
48.998,26.275,10669,XREAL X4000_Android
49.014,12.733,10672,XREAL X4000_Android
49.030,18.503,10677,XREAL X4000_Android
49.054,19.792,10682,XREAL X4000_Android
49.072,19.968,10686,XREAL X4000_Android
49.096,23.860,10692,XREAL X4000_Android
49.111,16.013,10696,XREAL X4000_Android
49.157,24.845,10702,XREAL X4000_Android
49.174,38.368,10711,XREAL X4000_Android
49.195,18.835,10715,XREAL X4000_Android
49.206,16.388,10719,XREAL X4000_Android
49.224,13.909,10723,XREAL X4000_Android
49.250,15.426,10726,XREAL X4000_Android
49.288,27.677,10733,XREAL X4000_Android
49.318,40.014,10742,XREAL X4000_Android
49.348,27.795,10749,XREAL X4000_Android
49.379,32.161,10757,XREAL X4000_Android
49.411,31.196,10764,XREAL X4000_Android
49.439,31.895,10772,XREAL X4000_Android
49.470,25.876,10778,XREAL X4000_Android
49.505,33.325,10786,XREAL X4000_Android
49.535,31.075,10794,XREAL X4000_Android
49.568,30.268,10801,XREAL X4000_Android
49.604,35.336,10809,XREAL X4000_Android
49.633,33.942,10818,XREAL X4000_Android
49.664,28.556,10824,XREAL X4000_Android
49.701,31.994,10832,XREAL X4000_Android
49.731,35.567,10841,XREAL X4000_Android
49.758,29.089,10848,XREAL X4000_Android
49.795,28.761,10855,XREAL X4000_Android
49.824,34.655,10863,XREAL X4000_Android
49.848,29.746,10870,XREAL X4000_Android
49.878,25.912,10876,XREAL X4000_Android
49.910,32.845,10884,XREAL X4000_Android
49.942,30.637,10891,XREAL X4000_Android
49.973,33.275,10899,XREAL X4000_Android
50.005,32.502,10907,XREAL X4000_Android
50.033,28.945,10914,XREAL X4000_Android
50.067,26.506,10921,XREAL X4000_Android
50.101,36.162,10929,XREAL X4000_Android
50.130,30.848,10937,XREAL X4000_Android
50.163,29.689,10944,XREAL X4000_Android
50.198,31.213,10951,XREAL X4000_Android
50.228,36.888,10960,XREAL X4000_Android
50.256,28.791,10967,XREAL X4000_Android
50.293,29.497,10974,XREAL X4000_Android
50.325,36.481,10983,XREAL X4000_Android
50.354,32.989,10991,XREAL X4000_Android
50.388,29.070,10998,XREAL X4000_Android
50.415,33.229,11006,XREAL X4000_Android
50.443,28.855,11013,XREAL X4000_Android
50.474,27.863,11020,XREAL X4000_Android
50.505,31.962,11028,XREAL X4000_Android
50.534,29.822,11035,XREAL X4000_Android
50.567,27.424,11042,XREAL X4000_Android
50.601,34.864,11050,XREAL X4000_Android
50.629,30.942,11057,XREAL X4000_Android
50.653,27.425,11064,XREAL X4000_Android
50.693,27.721,11071,XREAL X4000_Android
50.720,37.402,11080,XREAL X4000_Android
50.746,28.594,11087,XREAL X4000_Android
50.777,28.526,11094,XREAL X4000_Android
50.809,29.909,11101,XREAL X4000_Android
50.838,32.719,11109,XREAL X4000_Android
50.872,27.030,11116,XREAL X4000_Android
50.905,36.203,11124,XREAL X4000_Android
50.936,31.757,11132,XREAL X4000_Android
50.966,29.724,11139,XREAL X4000_Android
51.002,30.941,11147,XREAL X4000_Android
51.031,33.205,11155,XREAL X4000_Android
51.060,29.700,11162,XREAL X4000_Android
51.096,28.746,11169,XREAL X4000_Android
51.125,37.480,11178,XREAL X4000_Android
51.153,28.047,11185,XREAL X4000_Android
51.185,28.895,11192,XREAL X4000_Android
51.214,34.071,11200,XREAL X4000_Android
51.240,27.954,11207,XREAL X4000_Android
51.274,26.417,11213,XREAL X4000_Android
51.309,35.906,11222,XREAL X4000_Android
51.336,32.169,11229,XREAL X4000_Android
51.369,25.435,11236,XREAL X4000_Android
51.404,37.293,11244,XREAL X4000_Android
51.435,31.733,11252,XREAL X4000_Android
51.466,30.267,11259,XREAL X4000_Android
51.500,30.154,11267,XREAL X4000_Android
51.530,34.029,11275,XREAL X4000_Android
51.556,28.977,11282,XREAL X4000_Android
51.590,28.010,11288,XREAL X4000_Android
51.616,33.017,11296,XREAL X4000_Android
51.641,28.161,11303,XREAL X4000_Android
51.673,24.942,11309,XREAL X4000_Android
51.704,33.990,11317,XREAL X4000_Android
51.735,27.663,11324,XREAL X4000_Android
51.767,32.139,11332,XREAL X4000_Android
51.803,32.146,11339,XREAL X4000_Android
51.833,34.355,11348,XREAL X4000_Android
51.866,30.901,11355,XREAL X4000_Android
51.902,34.721,11363,XREAL X4000_Android
51.934,34.102,11372,XREAL X4000_Android
51.966,30.467,11379,XREAL X4000_Android
52.001,32.715,11387,XREAL X4000_Android
52.032,34.660,11395,XREAL X4000_Android
52.062,30.600,11402,XREAL X4000_Android
52.098,30.196,11410,XREAL X4000_Android
52.127,36.021,11418,XREAL X4000_Android
52.137,28.584,11425,XREAL X4000_Android
52.157,12.504,11428,XREAL X4000_Android
52.171,20.010,11433,XREAL X4000_Android
52.194,17.686,11437,XREAL X4000_Android
52.208,18.092,11441,XREAL X4000_Android
52.227,16.338,11445,XREAL X4000_Android
52.244,17.844,11450,XREAL X4000_Android
52.264,20.297,11454,XREAL X4000_Android
52.284,18.001,11459,XREAL X4000_Android
52.321,25.361,11465,XREAL X4000_Android
52.336,31.380,11472,XREAL X4000_Android
52.352,11.886,11475,XREAL X4000_Android
52.370,19.977,11480,XREAL X4000_Android
52.390,18.988,11484,XREAL X4000_Android
52.405,16.215,11488,XREAL X4000_Android
52.425,16.350,11492,XREAL X4000_Android
52.437,18.562,11496,XREAL X4000_Android
52.472,13.737,11500,XREAL X4000_Android
52.506,36.140,11508,XREAL X4000_Android
52.535,32.432,11516,XREAL X4000_Android
52.566,28.300,11523,XREAL X4000_Android
52.603,31.522,11530,XREAL X4000_Android
52.634,36.753,11539,XREAL X4000_Android
52.664,27.989,11546,XREAL X4000_Android
52.701,32.649,11553,XREAL X4000_Android
52.733,36.308,11562,XREAL X4000_Android
52.763,29.724,11569,XREAL X4000_Android
52.796,31.060,11576,XREAL X4000_Android
52.827,34.515,11585,XREAL X4000_Android
52.860,31.348,11592,XREAL X4000_Android
52.897,32.234,11600,XREAL X4000_Android
52.926,36.617,11608,XREAL X4000_Android
52.955,28.282,11615,XREAL X4000_Android
52.993,31.815,11623,XREAL X4000_Android
53.022,36.411,11631,XREAL X4000_Android
53.049,29.208,11638,XREAL X4000_Android
53.082,27.887,11645,XREAL X4000_Android
53.115,35.252,11653,XREAL X4000_Android
53.141,30.624,11661,XREAL X4000_Android
53.182,27.693,11667,XREAL X4000_Android
53.215,41.454,11677,XREAL X4000_Android
53.244,33.718,11685,XREAL X4000_Android
53.277,26.585,11691,XREAL X4000_Android
53.310,33.805,11700,XREAL X4000_Android
53.341,32.576,11707,XREAL X4000_Android
53.372,30.148,11715,XREAL X4000_Android
53.406,34.312,11723,XREAL X4000_Android
53.438,31.557,11730,XREAL X4000_Android
53.473,32.187,11738,XREAL X4000_Android
53.507,36.924,11747,XREAL X4000_Android
53.539,31.079,11754,XREAL X4000_Android
53.572,33.096,11762,XREAL X4000_Android
53.605,32.856,11770,XREAL X4000_Android
53.637,32.953,11778,XREAL X4000_Android
53.669,32.619,11786,XREAL X4000_Android
53.705,34.375,11794,XREAL X4000_Android
53.737,33.489,11802,XREAL X4000_Android
53.770,30.438,11810,XREAL X4000_Android
53.806,34.646,11818,XREAL X4000_Android
53.838,36.634,11827,XREAL X4000_Android
53.870,30.233,11834,XREAL X4000_Android
53.890,33.962,11842,XREAL X4000_Android
53.907,19.586,11847,XREAL X4000_Android
53.924,16.631,11851,XREAL X4000_Android
53.940,15.243,11854,XREAL X4000_Android
53.960,19.278,11859,XREAL X4000_Android
53.998,16.032,11863,XREAL X4000_Android
54.029,37.610,11872,XREAL X4000_Android
54.060,30.786,11879,XREAL X4000_Android
54.097,31.236,11887,XREAL X4000_Android
54.114,37.134,11896,XREAL X4000_Android
54.132,20.892,11901,XREAL X4000_Android
54.150,15.078,11904,XREAL X4000_Android
54.166,20.646,11909,XREAL X4000_Android
54.188,12.734,11912,XREAL X4000_Android
54.207,26.647,11919,XREAL X4000_Android
54.228,19.294,11923,XREAL X4000_Android
54.244,17.198,11927,XREAL X4000_Android
54.263,18.869,11932,XREAL X4000_Android
54.302,15.760,11936,XREAL X4000_Android
54.318,39.647,11945,XREAL X4000_Android
54.332,14.855,11949,XREAL X4000_Android
54.350,13.473,11952,XREAL X4000_Android
54.368,20.337,11957,XREAL X4000_Android
54.389,16.089,11960,XREAL X4000_Android
54.405,22.668,11966,XREAL X4000_Android
54.423,17.126,11970,XREAL X4000_Android
54.436,16.167,11974,XREAL X4000_Android
54.452,13.463,11977,XREAL X4000_Android
54.488,18.200,11981,XREAL X4000_Android
54.505,34.341,11989,XREAL X4000_Android
54.523,16.665,11993,XREAL X4000_Android
54.539,18.209,11998,XREAL X4000_Android
54.556,16.034,12002,XREAL X4000_Android
54.572,16.687,12006,XREAL X4000_Android
54.594,19.198,12010,XREAL X4000_Android
54.622,17.171,12014,XREAL X4000_Android
54.656,29.444,12021,XREAL X4000_Android
54.691,32.886,12029,XREAL X4000_Android
54.724,35.603,12037,XREAL X4000_Android
54.754,30.498,12045,XREAL X4000_Android
54.792,31.513,12052,XREAL X4000_Android
54.819,37.620,12061,XREAL X4000_Android
54.851,28.012,12068,XREAL X4000_Android
54.893,34.621,12076,XREAL X4000_Android
54.923,39.184,12085,XREAL X4000_Android
54.953,30.513,12093,XREAL X4000_Android
54.992,30.194,12100,XREAL X4000_Android
55.020,38.000,12109,XREAL X4000_Android
55.048,28.312,12115,XREAL X4000_Android
55.086,28.596,12122,XREAL X4000_Android
55.115,39.589,12132,XREAL X4000_Android
55.142,27.849,12138,XREAL X4000_Android
55.177,27.351,12145,XREAL X4000_Android
55.210,37.554,12154,XREAL X4000_Android
55.241,30.501,12161,XREAL X4000_Android
55.275,28.657,12168,XREAL X4000_Android
55.309,37.316,12177,XREAL X4000_Android
55.340,33.393,12185,XREAL X4000_Android
55.376,29.955,12192,XREAL X4000_Android
55.409,39.313,12202,XREAL X4000_Android
55.437,29.346,12209,XREAL X4000_Android
55.472,28.163,12215,XREAL X4000_Android
55.506,37.382,12224,XREAL X4000_Android
55.537,33.480,12232,XREAL X4000_Android
55.568,27.819,12239,XREAL X4000_Android
55.605,33.801,12247,XREAL X4000_Android
55.633,34.592,12255,XREAL X4000_Android
55.665,27.537,12262,XREAL X4000_Android
55.699,31.456,12270,XREAL X4000_Android
55.733,34.283,12278,XREAL X4000_Android
55.763,31.864,12285,XREAL X4000_Android
55.801,32.766,12293,XREAL X4000_Android
55.830,36.972,12302,XREAL X4000_Android
55.864,30.290,12309,XREAL X4000_Android
55.900,31.610,12317,XREAL X4000_Android
55.933,37.683,12326,XREAL X4000_Android
55.966,33.334,12334,XREAL X4000_Android
56.000,31.910,12342,XREAL X4000_Android
56.031,34.871,12350,XREAL X4000_Android
56.064,31.364,12358,XREAL X4000_Android
56.100,32.146,12365,XREAL X4000_Android
56.132,35.954,12374,XREAL X4000_Android
56.167,32.412,12382,XREAL X4000_Android
56.202,35.564,12390,XREAL X4000_Android
56.233,34.037,12398,XREAL X4000_Android
56.262,31.123,12406,XREAL X4000_Android
56.298,29.909,12413,XREAL X4000_Android
56.329,34.823,12422,XREAL X4000_Android
56.359,30.411,12429,XREAL X4000_Android
56.395,32.525,12437,XREAL X4000_Android
56.424,33.857,12445,XREAL X4000_Android
56.450,29.429,12452,XREAL X4000_Android
56.485,28.259,12459,XREAL X4000_Android
56.513,35.494,12468,XREAL X4000_Android
56.540,28.574,12475,XREAL X4000_Android
56.573,27.178,12481,XREAL X4000_Android
56.606,31.535,12489,XREAL X4000_Android
56.636,31.898,12497,XREAL X4000_Android
56.672,30.865,12504,XREAL X4000_Android
56.706,37.204,12513,XREAL X4000_Android
56.736,32.771,12521,XREAL X4000_Android
56.769,27.125,12528,XREAL X4000_Android
56.804,37.495,12537,XREAL X4000_Android
56.836,33.217,12545,XREAL X4000_Android
56.872,32.207,12553,XREAL X4000_Android
56.905,37.234,12562,XREAL X4000_Android
56.936,31.860,12569,XREAL X4000_Android
56.965,29.178,12576,XREAL X4000_Android
57.000,30.721,12584,XREAL X4000_Android
57.032,33.293,12592,XREAL X4000_Android
57.060,32.826,12600,XREAL X4000_Android
57.101,29.408,12607,XREAL X4000_Android
57.129,38.941,12616,XREAL X4000_Android
57.164,29.132,12624,XREAL X4000_Android
57.200,36.295,12632,XREAL X4000_Android
57.232,34.187,12641,XREAL X4000_Android
57.264,32.515,12648,XREAL X4000_Android
57.300,31.897,12656,XREAL X4000_Android
57.331,34.718,12664,XREAL X4000_Android
57.362,30.676,12672,XREAL X4000_Android
57.399,32.101,12679,XREAL X4000_Android
57.432,37.881,12689,XREAL X4000_Android
57.463,32.411,12696,XREAL X4000_Android
57.501,31.633,12704,XREAL X4000_Android
57.531,37.010,12713,XREAL X4000_Android
57.564,31.099,12720,XREAL X4000_Android
57.602,36.288,12729,XREAL X4000_Android
57.637,39.342,12738,XREAL X4000_Android
57.668,30.287,12746,XREAL X4000_Android
57.703,31.204,12753,XREAL X4000_Android
57.733,32.860,12761,XREAL X4000_Android
57.767,31.803,12769,XREAL X4000_Android
57.802,34.138,12777,XREAL X4000_Android
57.832,34.344,12785,XREAL X4000_Android
57.864,28.551,12792,XREAL X4000_Android
57.901,35.206,12800,XREAL X4000_Android
57.931,35.147,12809,XREAL X4000_Android
57.964,30.053,12816,XREAL X4000_Android
58.001,33.783,12824,XREAL X4000_Android
58.033,35.891,12833,XREAL X4000_Android
58.060,30.208,12840,XREAL X4000_Android
58.096,29.785,12847,XREAL X4000_Android
58.124,34.687,12856,XREAL X4000_Android
58.157,28.939,12863,XREAL X4000_Android
58.197,33.352,12871,XREAL X4000_Android
58.228,39.558,12880,XREAL X4000_Android
58.258,29.360,12887,XREAL X4000_Android
58.296,32.294,12895,XREAL X4000_Android
58.328,36.867,12903,XREAL X4000_Android
58.357,30.223,12911,XREAL X4000_Android
58.397,32.104,12918,XREAL X4000_Android
58.425,37.836,12927,XREAL X4000_Android
58.460,29.565,12934,XREAL X4000_Android
58.498,34.828,12943,XREAL X4000_Android
58.528,36.709,12951,XREAL X4000_Android
58.554,29.085,12958,XREAL X4000_Android
58.593,28.906,12965,XREAL X4000_Android
58.620,36.771,12974,XREAL X4000_Android
58.632,28.586,12981,XREAL X4000_Android
58.649,11.433,12983,XREAL X4000_Android
58.668,20.873,12988,XREAL X4000_Android
58.692,17.807,12992,XREAL X4000_Android
58.708,21.895,12998,XREAL X4000_Android
58.740,16.507,13002,XREAL X4000_Android
58.774,32.227,13009,XREAL X4000_Android
58.806,35.479,13018,XREAL X4000_Android
58.837,31.272,13025,XREAL X4000_Android
58.871,28.933,13032,XREAL X4000_Android
58.905,37.457,13041,XREAL X4000_Android
58.936,30.540,13048,XREAL X4000_Android
58.970,32.535,13056,XREAL X4000_Android
59.005,37.556,13065,XREAL X4000_Android
59.035,30.582,13072,XREAL X4000_Android
59.071,30.303,13079,XREAL X4000_Android
59.106,38.202,13088,XREAL X4000_Android
59.137,33.680,13096,XREAL X4000_Android
59.171,30.298,13104,XREAL X4000_Android
59.205,34.692,13112,XREAL X4000_Android
59.237,33.045,13120,XREAL X4000_Android
59.267,31.169,13127,XREAL X4000_Android
59.303,32.046,13135,XREAL X4000_Android
59.333,33.820,13143,XREAL X4000_Android
59.363,29.219,13150,XREAL X4000_Android
59.399,29.096,13157,XREAL X4000_Android
59.430,35.857,13166,XREAL X4000_Android
59.463,31.988,13173,XREAL X4000_Android
59.502,34.924,13182,XREAL X4000_Android
59.533,37.407,13191,XREAL X4000_Android
59.566,29.828,13198,XREAL X4000_Android
59.604,33.255,13206,XREAL X4000_Android
59.641,40.841,13216,XREAL X4000_Android
59.683,38.188,13225,XREAL X4000_Android
59.716,42.356,13235,XREAL X4000_Android
59.747,33.284,13243,XREAL X4000_Android
59.763,29.765,13250,XREAL X4000_Android
59.784,14.934,13254,XREAL X4000_Android
59.803,24.651,13260,XREAL X4000_Android
59.820,15.333,13263,XREAL X4000_Android
59.834,17.389,13267,XREAL X4000_Android
59.865,12.502,13270,XREAL X4000_Android
59.916,31.140,13278,XREAL X4000_Android
59.936,57.432,13292,XREAL X4000_Android
59.959,17.960,13296,XREAL X4000_Android
59.976,20.784,13301,XREAL X4000_Android
60.000,23.398,13307,XREAL X4000_Android
60.040,19.947,13311,XREAL X4000_Android
60.095,43.070,13322,XREAL X4000_Android
60.148,48.773,13333,XREAL X4000_Android
60.205,59.828,13348,XREAL X4000_Android
60.268,57.174,13361,XREAL X4000_Android
60.320,54.130,13375,XREAL X4000_Android
60.380,61.841,13390,XREAL X4000_Android
60.438,63.109,13405,XREAL X4000_Android
60.505,63.264,13420,XREAL X4000_Android
60.575,66.216,13436,XREAL X4000_Android
60.655,67.523,13453,XREAL X4000_Android
60.730,69.733,13470,XREAL X4000_Android
60.771,72.059,13487,XREAL X4000_Android
60.839,60.934,13502,XREAL X4000_Android
60.882,53.658,13515,XREAL X4000_Android
60.921,41.290,13525,XREAL X4000_Android
60.947,35.129,13533,XREAL X4000_Android
60.986,26.815,13540,XREAL X4000_Android
61.001,38.604,13549,XREAL X4000_Android
61.014,11.667,13552,XREAL X4000_Android
61.031,17.731,13556,XREAL X4000_Android
61.069,12.206,13559,XREAL X4000_Android
61.106,41.116,13569,XREAL X4000_Android
61.142,40.343,13579,XREAL X4000_Android
61.198,35.397,13588,XREAL X4000_Android
61.233,51.559,13600,XREAL X4000_Android
61.270,33.404,13608,XREAL X4000_Android
61.318,45.057,13619,XREAL X4000_Android
61.351,42.747,13629,XREAL X4000_Android
61.393,33.285,13637,XREAL X4000_Android
61.427,41.580,13647,XREAL X4000_Android
61.458,33.245,13655,XREAL X4000_Android
61.501,32.200,13663,XREAL X4000_Android
61.535,40.852,13673,XREAL X4000_Android
61.568,32.866,13681,XREAL X4000_Android
61.587,36.098,13689,XREAL X4000_Android
61.603,18.642,13694,XREAL X4000_Android
61.618,14.735,13697,XREAL X4000_Android
61.634,17.622,13701,XREAL X4000_Android
61.648,12.100,13704,XREAL X4000_Android
61.668,21.953,13710,XREAL X4000_Android
61.689,14.154,13713,XREAL X4000_Android
61.705,23.383,13719,XREAL X4000_Android
61.721,14.743,13722,XREAL X4000_Android
61.754,16.036,13726,XREAL X4000_Android
61.833,35.204,13734,XREAL X4000_Android
61.882,75.978,13753,XREAL X4000_Android
61.925,54.450,13766,XREAL X4000_Android
61.963,37.315,13775,XREAL X4000_Android
62.004,37.382,13784,XREAL X4000_Android
62.038,42.458,13794,XREAL X4000_Android
62.074,32.536,13802,XREAL X4000_Android
62.113,43.693,13812,XREAL X4000_Android
62.142,33.821,13820,XREAL X4000_Android
62.205,28.537,13827,XREAL X4000_Android
62.254,71.444,13844,XREAL X4000_Android
62.295,40.354,13854,XREAL X4000_Android
62.324,39.616,13863,XREAL X4000_Android
62.351,30.057,13870,XREAL X4000_Android
62.394,28.386,13877,XREAL X4000_Android
62.432,41.065,13887,XREAL X4000_Android
62.470,36.604,13896,XREAL X4000_Android
62.513,47.052,13907,XREAL X4000_Android
62.540,36.540,13916,XREAL X4000_Android
62.573,26.370,13922,XREAL X4000_Android
62.605,33.875,13930,XREAL X4000_Android
62.643,33.193,13938,XREAL X4000_Android
62.689,38.965,13947,XREAL X4000_Android
62.731,45.648,13958,XREAL X4000_Android
62.775,42.428,13968,XREAL X4000_Android
62.818,48.899,13980,XREAL X4000_Android
62.859,35.690,13988,XREAL X4000_Android
62.899,40.167,13998,XREAL X4000_Android
62.930,38.582,14007,XREAL X4000_Android
62.964,31.027,14014,XREAL X4000_Android
63.002,33.989,14022,XREAL X4000_Android
63.036,36.899,14031,XREAL X4000_Android
63.074,33.447,14039,XREAL X4000_Android
63.122,49.883,14051,XREAL X4000_Android
63.153,37.962,14060,XREAL X4000_Android
63.195,32.142,14067,XREAL X4000_Android
63.234,41.972,14077,XREAL X4000_Android
63.269,37.157,14086,XREAL X4000_Android
63.310,36.924,14095,XREAL X4000_Android
63.327,43.036,14105,XREAL X4000_Android
63.364,12.830,14109,XREAL X4000_Android
63.414,39.855,14118,XREAL X4000_Android
63.450,54.590,14131,XREAL X4000_Android
63.498,32.782,14139,XREAL X4000_Android
63.533,44.630,14150,XREAL X4000_Android
63.570,40.799,14160,XREAL X4000_Android
63.606,31.912,14167,XREAL X4000_Android
63.636,34.731,14176,XREAL X4000_Android
63.670,29.365,14183,XREAL X4000_Android
63.713,37.470,14192,XREAL X4000_Android
63.751,42.710,14202,XREAL X4000_Android
63.806,38.984,14211,XREAL X4000_Android
63.842,55.979,14225,XREAL X4000_Android
63.886,34.078,14233,XREAL X4000_Android
63.927,44.509,14244,XREAL X4000_Android
63.939,38.461,14253,XREAL X4000_Android
63.957,12.345,14256,XREAL X4000_Android
63.973,19.964,14261,XREAL X4000_Android
64.005,21.165,14266,XREAL X4000_Android
64.059,33.454,14274,XREAL X4000_Android
64.106,48.302,14285,XREAL X4000_Android
64.152,55.734,14299,XREAL X4000_Android
64.203,38.228,14308,XREAL X4000_Android
64.236,48.625,14319,XREAL X4000_Android
64.271,30.641,14327,XREAL X4000_Android
64.295,38.812,14336,XREAL X4000_Android
64.312,24.104,14342,XREAL X4000_Android
64.330,17.769,14346,XREAL X4000_Android
64.348,14.258,14350,XREAL X4000_Android
64.372,24.433,14355,XREAL X4000_Android
64.399,27.054,14362,XREAL X4000_Android
64.416,18.046,14366,XREAL X4000_Android
64.435,20.786,14371,XREAL X4000_Android
64.449,13.374,14374,XREAL X4000_Android
64.496,17.525,14379,XREAL X4000_Android
64.512,45.939,14390,XREAL X4000_Android
64.530,19.858,14394,XREAL X4000_Android
64.543,11.441,14397,XREAL X4000_Android
64.562,15.727,14401,XREAL X4000_Android
64.576,17.359,14405,XREAL X4000_Android
64.600,24.443,14411,XREAL X4000_Android
64.615,14.235,14414,XREAL X4000_Android
64.631,18.744,14419,XREAL X4000_Android
64.646,12.139,14422,XREAL X4000_Android
64.688,15.977,14426,XREAL X4000_Android
64.705,43.141,14436,XREAL X4000_Android
64.734,28.788,14443,XREAL X4000_Android
64.752,15.299,14447,XREAL X4000_Android
64.769,19.591,14451,XREAL X4000_Android
64.795,17.643,14456,XREAL X4000_Android
64.811,22.447,14461,XREAL X4000_Android
64.829,17.984,14465,XREAL X4000_Android
64.861,15.553,14469,XREAL X4000_Android
64.904,34.115,14477,XREAL X4000_Android
64.936,44.295,14488,XREAL X4000_Android
64.969,30.131,14495,XREAL X4000_Android
65.012,36.066,14504,XREAL X4000_Android
65.043,40.601,14513,XREAL X4000_Android
65.082,30.311,14521,XREAL X4000_Android
65.135,46.710,14532,XREAL X4000_Android
65.185,49.877,14544,XREAL X4000_Android
65.233,50.894,14556,XREAL X4000_Android
65.285,42.775,14566,XREAL X4000_Android
65.330,55.418,14580,XREAL X4000_Android
65.366,39.374,14589,XREAL X4000_Android
65.429,52.414,14602,XREAL X4000_Android
65.464,48.735,14613,XREAL X4000_Android
65.505,37.528,14622,XREAL X4000_Android
65.522,39.002,14632,XREAL X4000_Android
65.535,16.658,14636,XREAL X4000_Android
65.551,13.288,14639,XREAL X4000_Android
65.596,17.243,14643,XREAL X4000_Android
65.631,42.597,14653,XREAL X4000_Android
65.664,34.820,14662,XREAL X4000_Android
65.710,34.792,14670,XREAL X4000_Android
65.775,53.277,14683,XREAL X4000_Android
65.821,62.406,14698,XREAL X4000_Android
65.862,43.281,14708,XREAL X4000_Android
65.902,37.374,14717,XREAL X4000_Android
65.934,39.598,14727,XREAL X4000_Android
65.964,30.076,14734,XREAL X4000_Android
65.980,31.570,14741,XREAL X4000_Android
65.999,22.061,14747,XREAL X4000_Android
66.011,12.697,14750,XREAL X4000_Android
66.027,15.657,14754,XREAL X4000_Android
66.039,13.381,14757,XREAL X4000_Android
66.054,12.070,14760,XREAL X4000_Android
66.068,16.587,14764,XREAL X4000_Android
66.089,15.698,14767,XREAL X4000_Android
66.104,19.847,14772,XREAL X4000_Android
66.139,14.391,14776,XREAL X4000_Android
66.157,37.179,14785,XREAL X4000_Android
66.186,16.582,14789,XREAL X4000_Android
66.205,30.915,14796,XREAL X4000_Android
66.230,23.054,14801,XREAL X4000_Android
66.245,17.122,14805,XREAL X4000_Android
66.266,23.105,14811,XREAL X4000_Android
66.283,12.662,14814,XREAL X4000_Android
66.299,20.409,14819,XREAL X4000_Android
66.310,10.525,14821,XREAL X4000_Android
66.337,14.841,14825,XREAL X4000_Android
66.349,24.216,14831,XREAL X4000_Android
66.364,14.899,14834,XREAL X4000_Android
66.377,11.221,14837,XREAL X4000_Android
66.395,18.162,14841,XREAL X4000_Android
66.407,14.622,14845,XREAL X4000_Android
66.427,17.323,14849,XREAL X4000_Android
66.452,13.141,14852,XREAL X4000_Android
66.473,31.530,14859,XREAL X4000_Android
66.496,22.132,14865,XREAL X4000_Android
66.509,15.896,14868,XREAL X4000_Android
66.527,15.303,14872,XREAL X4000_Android
66.555,29.709,14879,XREAL X4000_Android
66.573,18.102,14883,XREAL X4000_Android
66.595,22.257,14889,XREAL X4000_Android
66.608,14.795,14892,XREAL X4000_Android
66.623,13.907,14895,XREAL X4000_Android
66.667,22.740,14901,XREAL X4000_Android
66.684,35.040,14909,XREAL X4000_Android
66.699,18.997,14914,XREAL X4000_Android
66.714,13.002,14917,XREAL X4000_Android
66.733,17.855,14921,XREAL X4000_Android
66.748,16.118,14925,XREAL X4000_Android
66.799,27.840,14932,XREAL X4000_Android
66.829,37.376,14940,XREAL X4000_Android
66.857,30.819,14948,XREAL X4000_Android
66.898,29.642,14955,XREAL X4000_Android
66.912,39.572,14964,XREAL X4000_Android
66.929,16.483,14968,XREAL X4000_Android
66.944,15.789,14972,XREAL X4000_Android
66.963,14.937,14975,XREAL X4000_Android
66.984,17.923,14980,XREAL X4000_Android
67.000,21.518,14985,XREAL X4000_Android
67.018,16.418,14989,XREAL X4000_Android
67.034,19.492,14993,XREAL X4000_Android
67.052,13.849,14997,XREAL X4000_Android
67.093,20.498,15001,XREAL X4000_Android
67.105,37.910,15010,XREAL X4000_Android
67.124,14.160,15014,XREAL X4000_Android
67.156,17.594,15018,XREAL X4000_Android
67.197,32.496,15026,XREAL X4000_Android
67.226,39.105,15035,XREAL X4000_Android
67.237,29.783,15042,XREAL X4000_Android
67.251,10.321,15044,XREAL X4000_Android
67.266,16.041,15048,XREAL X4000_Android
67.283,13.542,15051,XREAL X4000_Android
67.299,19.404,15056,XREAL X4000_Android
67.313,12.660,15059,XREAL X4000_Android
67.329,16.311,15063,XREAL X4000_Android
67.340,13.257,15066,XREAL X4000_Android
67.354,12.447,15069,XREAL X4000_Android
67.390,15.410,15072,XREAL X4000_Android
67.421,36.434,15081,XREAL X4000_Android
67.452,30.076,15088,XREAL X4000_Android
67.491,32.493,15096,XREAL X4000_Android
67.524,38.414,15105,XREAL X4000_Android
67.552,31.361,15112,XREAL X4000_Android
67.569,30.304,15119,XREAL X4000_Android
67.590,19.583,15124,XREAL X4000_Android
67.606,17.459,15128,XREAL X4000_Android
67.624,15.252,15132,XREAL X4000_Android
67.638,17.826,15136,XREAL X4000_Android
67.656,17.685,15140,XREAL X4000_Android
67.697,16.499,15144,XREAL X4000_Android
67.729,37.310,15153,XREAL X4000_Android
67.762,32.263,15160,XREAL X4000_Android
67.801,32.164,15168,XREAL X4000_Android
67.829,38.572,15177,XREAL X4000_Android
67.854,27.389,15183,XREAL X4000_Android
67.888,27.574,15190,XREAL X4000_Android
67.901,34.908,15198,XREAL X4000_Android
67.913,10.072,15200,XREAL X4000_Android
67.928,15.864,15204,XREAL X4000_Android
67.938,11.651,15207,XREAL X4000_Android
67.953,11.759,15210,XREAL X4000_Android
67.994,18.689,15214,XREAL X4000_Android
68.025,38.415,15223,XREAL X4000_Android
68.039,29.980,15230,XREAL X4000_Android
68.059,16.779,15234,XREAL X4000_Android
68.077,18.599,15238,XREAL X4000_Android
68.098,21.714,15244,XREAL X4000_Android
68.115,15.407,15247,XREAL X4000_Android
68.132,19.396,15252,XREAL X4000_Android
68.150,14.214,15255,XREAL X4000_Android
68.168,21.531,15260,XREAL X4000_Android
68.204,16.725,15264,XREAL X4000_Android
68.226,38.615,15273,XREAL X4000_Android
68.242,18.447,15278,XREAL X4000_Android
68.259,16.615,15282,XREAL X4000_Android
68.280,17.618,15286,XREAL X4000_Android
68.299,21.324,15291,XREAL X4000_Android
68.310,14.970,15294,XREAL X4000_Android
68.327,15.995,15298,XREAL X4000_Android
68.340,12.756,15301,XREAL X4000_Android
68.362,17.157,15305,XREAL X4000_Android
68.401,20.646,15310,XREAL X4000_Android
68.419,38.075,15319,XREAL X4000_Android
68.431,17.958,15324,XREAL X4000_Android
68.448,11.162,15326,XREAL X4000_Android
68.464,16.874,15330,XREAL X4000_Android
68.481,15.591,15334,XREAL X4000_Android
68.499,21.427,15339,XREAL X4000_Android
68.516,14.054,15342,XREAL X4000_Android
68.533,19.517,15347,XREAL X4000_Android
68.552,14.856,15350,XREAL X4000_Android
68.592,20.613,15355,XREAL X4000_Android
68.606,39.537,15365,XREAL X4000_Android
68.622,12.718,15368,XREAL X4000_Android
68.635,17.231,15372,XREAL X4000_Android
68.650,10.061,15374,XREAL X4000_Android
68.667,18.063,15379,XREAL X4000_Android
68.711,29.754,15386,XREAL X4000_Android
68.740,31.817,15393,XREAL X4000_Android
68.773,27.207,15400,XREAL X4000_Android
68.810,39.452,15409,XREAL X4000_Android
68.826,32.578,15417,XREAL X4000_Android
68.837,12.742,15420,XREAL X4000_Android
68.850,10.237,15422,XREAL X4000_Android
68.884,14.016,15426,XREAL X4000_Android
68.913,36.903,15434,XREAL X4000_Android
68.939,27.800,15441,XREAL X4000_Android
68.970,24.628,15447,XREAL X4000_Android
69.008,35.532,15455,XREAL X4000_Android
69.038,36.699,15464,XREAL X4000_Android
69.072,29.939,15471,XREAL X4000_Android
69.107,34.605,15479,XREAL X4000_Android
69.136,34.939,15488,XREAL X4000_Android
69.164,22.970,15493,XREAL X4000_Android
69.178,29.541,15500,XREAL X4000_Android
69.197,18.618,15505,XREAL X4000_Android
69.208,13.582,15508,XREAL X4000_Android
69.226,17.662,15512,XREAL X4000_Android
69.243,14.478,15515,XREAL X4000_Android
69.261,16.988,15520,XREAL X4000_Android
69.276,16.191,15523,XREAL X4000_Android
69.294,19.982,15528,XREAL X4000_Android
69.326,13.372,15531,XREAL X4000_Android
69.337,31.304,15539,XREAL X4000_Android
69.355,13.409,15542,XREAL X4000_Android
69.373,18.995,15547,XREAL X4000_Android
69.393,18.777,15551,XREAL X4000_Android
69.408,17.071,15555,XREAL X4000_Android
69.428,17.790,15560,XREAL X4000_Android
69.463,20.512,15565,XREAL X4000_Android
69.504,37.686,15574,XREAL X4000_Android
69.535,35.797,15582,XREAL X4000_Android
69.568,29.068,15589,XREAL X4000_Android
69.603,34.224,15597,XREAL X4000_Android
69.632,33.847,15605,XREAL X4000_Android
69.646,27.678,15612,XREAL X4000_Android
69.662,19.419,15617,XREAL X4000_Android
69.682,14.001,15620,XREAL X4000_Android
69.702,23.205,15626,XREAL X4000_Android
69.717,13.678,15629,XREAL X4000_Android
69.731,19.266,15634,XREAL X4000_Android
69.747,10.629,15636,XREAL X4000_Android
69.765,20.829,15641,XREAL X4000_Android
69.802,14.436,15645,XREAL X4000_Android
69.835,38.280,15654,XREAL X4000_Android
69.867,30.367,15661,XREAL X4000_Android
69.904,34.126,15669,XREAL X4000_Android
69.935,35.744,15678,XREAL X4000_Android
69.953,32.407,15686,XREAL X4000_Android
69.970,18.994,15690,XREAL X4000_Android
69.990,19.095,15695,XREAL X4000_Android
70.005,15.827,15699,XREAL X4000_Android
70.025,15.689,15702,XREAL X4000_Android
70.058,19.054,15707,XREAL X4000_Android
70.092,32.396,15715,XREAL X4000_Android
70.124,34.221,15723,XREAL X4000_Android
70.138,32.825,15731,XREAL X4000_Android
70.159,14.943,15734,XREAL X4000_Android
70.177,20.215,15739,XREAL X4000_Android
70.199,23.338,15745,XREAL X4000_Android
70.214,14.801,15748,XREAL X4000_Android
70.232,18.494,15753,XREAL X4000_Android
70.248,15.171,15757,XREAL X4000_Android
70.263,18.301,15761,XREAL X4000_Android
70.280,13.849,15764,XREAL X4000_Android
70.314,21.835,15770,XREAL X4000_Android
70.330,31.285,15777,XREAL X4000_Android
70.346,13.247,15780,XREAL X4000_Android
70.363,20.161,15785,XREAL X4000_Android
70.378,13.619,15789,XREAL X4000_Android
70.395,16.889,15793,XREAL X4000_Android
70.405,13.195,15796,XREAL X4000_Android
70.420,11.385,15799,XREAL X4000_Android
70.432,15.583,15803,XREAL X4000_Android
70.443,9.757,15805,XREAL X4000_Android
70.477,14.418,15808,XREAL X4000_Android
70.494,33.893,15817,XREAL X4000_Android
70.505,14.301,15820,XREAL X4000_Android
70.521,12.956,15823,XREAL X4000_Android
70.533,14.990,15827,XREAL X4000_Android
70.544,10.265,15829,XREAL X4000_Android
70.559,14.627,15833,XREAL X4000_Android
70.571,12.396,15836,XREAL X4000_Android
70.595,22.767,15841,XREAL X4000_Android
70.621,24.280,15847,XREAL X4000_Android
70.647,15.485,15851,XREAL X4000_Android
70.680,29.076,15858,XREAL X4000_Android
70.712,32.935,15866,XREAL X4000_Android
70.740,32.315,15874,XREAL X4000_Android
70.755,25.037,15880,XREAL X4000_Android
70.770,16.312,15884,XREAL X4000_Android
70.789,12.962,15887,XREAL X4000_Android
70.802,19.868,15892,XREAL X4000_Android
70.816,12.523,15895,XREAL X4000_Android
70.830,15.327,15899,XREAL X4000_Android
70.840,11.310,15901,XREAL X4000_Android
70.874,28.922,15908,XREAL X4000_Android
70.894,19.481,15913,XREAL X4000_Android
70.929,19.079,15918,XREAL X4000_Android
70.939,31.898,15925,XREAL X4000_Android
70.956,10.960,15928,XREAL X4000_Android
71.003,29.616,15935,XREAL X4000_Android
71.032,32.566,15943,XREAL X4000_Android
71.060,28.712,15950,XREAL X4000_Android
71.095,30.301,15958,XREAL X4000_Android
71.125,34.287,15966,XREAL X4000_Android
71.150,29.622,15973,XREAL X4000_Android
71.185,27.916,15980,XREAL X4000_Android
71.217,34.036,15988,XREAL X4000_Android
71.243,33.463,15996,XREAL X4000_Android
71.273,24.310,16002,XREAL X4000_Android
71.306,31.182,16009,XREAL X4000_Android
71.334,31.486,16017,XREAL X4000_Android
71.364,26.588,16023,XREAL X4000_Android
71.397,29.129,16030,XREAL X4000_Android
71.426,33.420,16038,XREAL X4000_Android
71.450,28.407,16045,XREAL X4000_Android
71.484,27.596,16052,XREAL X4000_Android
71.514,33.754,16060,XREAL X4000_Android
71.542,31.269,16067,XREAL X4000_Android
71.571,25.633,16074,XREAL X4000_Android
71.605,29.243,16081,XREAL X4000_Android
71.633,31.956,16088,XREAL X4000_Android
71.661,27.394,16095,XREAL X4000_Android
71.697,28.724,16102,XREAL X4000_Android
71.726,36.230,16110,XREAL X4000_Android
71.749,28.227,16117,XREAL X4000_Android
71.782,27.049,16124,XREAL X4000_Android
71.812,33.146,16132,XREAL X4000_Android
71.837,28.245,16138,XREAL X4000_Android
71.869,24.270,16144,XREAL X4000_Android
71.906,35.381,16153,XREAL X4000_Android
71.935,35.437,16161,XREAL X4000_Android
71.968,27.786,16168,XREAL X4000_Android
72.004,35.122,16176,XREAL X4000_Android
72.035,34.889,16185,XREAL X4000_Android
72.066,29.777,16192,XREAL X4000_Android
72.104,34.296,16200,XREAL X4000_Android
72.133,33.374,16208,XREAL X4000_Android
72.163,29.489,16215,XREAL X4000_Android
72.199,28.844,16222,XREAL X4000_Android
72.229,38.331,16231,XREAL X4000_Android
72.261,29.613,16238,XREAL X4000_Android
72.297,30.825,16246,XREAL X4000_Android
72.330,37.210,16255,XREAL X4000_Android
72.356,30.127,16262,XREAL X4000_Android
72.396,30.738,16270,XREAL X4000_Android
72.428,37.804,16279,XREAL X4000_Android
72.453,30.055,16286,XREAL X4000_Android
72.488,29.278,16293,XREAL X4000_Android
72.515,33.094,16301,XREAL X4000_Android
72.546,29.057,16308,XREAL X4000_Android
72.577,29.011,16315,XREAL X4000_Android
72.608,32.739,16323,XREAL X4000_Android
72.636,29.523,16330,XREAL X4000_Android
72.665,25.544,16337,XREAL X4000_Android
72.704,30.412,16344,XREAL X4000_Android
72.738,41.624,16354,XREAL X4000_Android
72.768,31.790,16362,XREAL X4000_Android
72.802,29.118,16369,XREAL X4000_Android
72.833,36.703,16378,XREAL X4000_Android
72.864,28.606,16385,XREAL X4000_Android
72.899,30.514,16392,XREAL X4000_Android
72.929,36.478,16401,XREAL X4000_Android
72.963,30.155,16408,XREAL X4000_Android
73.000,33.938,16416,XREAL X4000_Android
73.032,36.773,16425,XREAL X4000_Android
73.060,30.182,16433,XREAL X4000_Android
73.099,31.143,16440,XREAL X4000_Android
73.127,35.297,16449,XREAL X4000_Android
73.152,28.135,16456,XREAL X4000_Android
73.185,27.929,16462,XREAL X4000_Android
73.214,33.415,16470,XREAL X4000_Android
73.240,28.185,16477,XREAL X4000_Android
73.272,26.731,16484,XREAL X4000_Android
73.305,34.806,16492,XREAL X4000_Android
73.334,29.749,16499,XREAL X4000_Android
73.362,26.091,16505,XREAL X4000_Android
73.398,29.344,16512,XREAL X4000_Android
73.426,35.245,16521,XREAL X4000_Android
73.451,28.125,16528,XREAL X4000_Android
73.483,27.303,16534,XREAL X4000_Android
73.514,34.248,16542,XREAL X4000_Android
73.539,28.983,16549,XREAL X4000_Android
73.571,25.471,16555,XREAL X4000_Android
73.607,32.399,16563,XREAL X4000_Android
73.636,35.423,16572,XREAL X4000_Android
73.667,26.190,16578,XREAL X4000_Android
73.704,31.953,16586,XREAL X4000_Android
73.732,35.131,16594,XREAL X4000_Android
73.762,28.252,16601,XREAL X4000_Android
73.799,30.824,16608,XREAL X4000_Android
73.828,36.680,16617,XREAL X4000_Android
73.854,28.577,16624,XREAL X4000_Android
73.887,28.874,16631,XREAL X4000_Android
73.918,33.562,16639,XREAL X4000_Android
73.941,29.748,16646,XREAL X4000_Android
73.972,24.401,16652,XREAL X4000_Android
74.006,30.792,16659,XREAL X4000_Android
74.035,33.952,16668,XREAL X4000_Android
74.064,25.211,16674,XREAL X4000_Android
74.099,29.688,16681,XREAL X4000_Android
74.127,34.791,16689,XREAL X4000_Android
74.152,28.269,16696,XREAL X4000_Android
74.187,27.163,16702,XREAL X4000_Android
74.220,35.631,16711,XREAL X4000_Android
74.245,33.046,16719,XREAL X4000_Android
74.261,24.909,16725,XREAL X4000_Android
74.274,14.426,16728,XREAL X4000_Android
74.291,16.075,16732,XREAL X4000_Android
74.305,16.048,16736,XREAL X4000_Android
74.321,13.909,16739,XREAL X4000_Android
74.346,15.786,16743,XREAL X4000_Android
74.377,25.768,16749,XREAL X4000_Android
74.415,32.538,16757,XREAL X4000_Android
74.439,34.595,16765,XREAL X4000_Android
74.469,24.609,16771,XREAL X4000_Android
74.504,28.681,16778,XREAL X4000_Android
74.535,33.970,16786,XREAL X4000_Android
74.564,30.395,16793,XREAL X4000_Android
74.600,29.476,16800,XREAL X4000_Android
74.629,36.032,16808,XREAL X4000_Android
74.653,28.756,16815,XREAL X4000_Android
74.688,27.006,16822,XREAL X4000_Android
74.720,34.446,16830,XREAL X4000_Android
74.749,32.745,16838,XREAL X4000_Android
74.782,28.173,16844,XREAL X4000_Android
74.803,41.806,16854,XREAL X4000_Android
74.817,10.904,16857,XREAL X4000_Android
74.831,15.423,16860,XREAL X4000_Android
74.842,11.972,16863,XREAL X4000_Android
74.858,14.138,16867,XREAL X4000_Android
74.872,14.349,16870,XREAL X4000_Android
74.890,15.134,16874,XREAL X4000_Android
74.903,18.575,16878,XREAL X4000_Android
74.922,12.417,16881,XREAL X4000_Android
74.951,18.804,16886,XREAL X4000_Android
74.966,29.540,16893,XREAL X4000_Android
74.984,12.685,16896,XREAL X4000_Android
75.002,20.151,16900,XREAL X4000_Android
75.015,16.055,16904,XREAL X4000_Android
75.030,16.218,16908,XREAL X4000_Android
75.048,13.491,16911,XREAL X4000_Android
75.066,19.867,16916,XREAL X4000_Android
75.087,17.606,16920,XREAL X4000_Android
75.102,21.303,16925,XREAL X4000_Android
75.133,13.084,16928,XREAL X4000_Android
75.162,28.397,16935,XREAL X4000_Android
75.198,29.932,16942,XREAL X4000_Android
75.228,36.047,16951,XREAL X4000_Android
75.255,29.246,16958,XREAL X4000_Android
75.288,28.712,16965,XREAL X4000_Android
75.319,32.891,16973,XREAL X4000_Android
75.351,32.880,16980,XREAL X4000_Android
75.389,31.279,16988,XREAL X4000_Android
75.421,37.647,16997,XREAL X4000_Android
75.446,31.457,17005,XREAL X4000_Android
75.477,26.469,17011,XREAL X4000_Android
75.508,31.598,17018,XREAL X4000_Android
75.538,31.645,17026,XREAL X4000_Android
75.569,26.890,17032,XREAL X4000_Android
75.605,31.137,17040,XREAL X4000_Android
75.634,35.046,17048,XREAL X4000_Android
75.645,27.204,17055,XREAL X4000_Android
75.660,14.263,17058,XREAL X4000_Android
75.672,14.479,17062,XREAL X4000_Android
75.692,18.618,17066,XREAL X4000_Android
75.725,15.520,17070,XREAL X4000_Android
75.750,29.550,17077,XREAL X4000_Android
75.782,27.182,17084,XREAL X4000_Android
75.799,32.331,17091,XREAL X4000_Android
75.815,15.069,17095,XREAL X4000_Android
75.832,17.062,17099,XREAL X4000_Android
75.847,14.380,17103,XREAL X4000_Android
75.863,18.819,17107,XREAL X4000_Android
75.881,14.624,17111,XREAL X4000_Android
75.901,22.784,17116,XREAL X4000_Android
75.920,15.284,17120,XREAL X4000_Android
75.934,19.444,17124,XREAL X4000_Android
75.964,13.410,17128,XREAL X4000_Android
75.986,31.268,17135,XREAL X4000_Android
76.001,22.855,17141,XREAL X4000_Android
76.017,12.161,17143,XREAL X4000_Android
76.033,17.189,17148,XREAL X4000_Android
76.050,13.410,17151,XREAL X4000_Android
76.068,21.792,17156,XREAL X4000_Android
76.089,17.304,17160,XREAL X4000_Android
76.103,19.211,17165,XREAL X4000_Android
76.120,15.751,17169,XREAL X4000_Android
76.148,16.861,17173,XREAL X4000_Android
76.164,26.298,17179,XREAL X4000_Android
76.184,15.594,17183,XREAL X4000_Android
76.200,20.971,17188,XREAL X4000_Android
76.217,13.659,17191,XREAL X4000_Android
76.231,20.421,17196,XREAL X4000_Android
76.247,11.738,17199,XREAL X4000_Android
76.267,20.209,17203,XREAL X4000_Android
76.286,19.197,17208,XREAL X4000_Android
76.302,19.702,17213,XREAL X4000_Android
76.333,13.380,17216,XREAL X4000_Android
76.347,27.955,17222,XREAL X4000_Android
76.363,17.939,17227,XREAL X4000_Android
76.384,15.721,17230,XREAL X4000_Android
76.417,22.635,17236,XREAL X4000_Android
76.443,31.869,17243,XREAL X4000_Android
76.474,24.447,17249,XREAL X4000_Android
76.507,33.422,17257,XREAL X4000_Android
76.540,32.444,17265,XREAL X4000_Android
76.572,30.486,17272,XREAL X4000_Android
76.607,37.357,17281,XREAL X4000_Android
76.640,33.678,17289,XREAL X4000_Android
76.673,29.817,17296,XREAL X4000_Android
76.706,34.672,17304,XREAL X4000_Android
76.739,32.811,17312,XREAL X4000_Android
76.772,32.451,17320,XREAL X4000_Android
76.809,35.751,17328,XREAL X4000_Android
76.839,35.291,17337,XREAL X4000_Android
76.870,26.455,17343,XREAL X4000_Android
76.906,35.563,17351,XREAL X4000_Android
76.937,34.197,17360,XREAL X4000_Android
76.968,29.936,17367,XREAL X4000_Android
77.003,32.439,17374,XREAL X4000_Android
77.035,33.633,17382,XREAL X4000_Android
77.068,29.902,17390,XREAL X4000_Android
77.104,36.018,17398,XREAL X4000_Android
77.133,34.859,17406,XREAL X4000_Android
77.163,27.607,17413,XREAL X4000_Android
77.201,31.547,17420,XREAL X4000_Android
77.232,36.217,17429,XREAL X4000_Android
77.265,31.858,17437,XREAL X4000_Android
77.301,32.146,17444,XREAL X4000_Android
77.331,34.757,17453,XREAL X4000_Android
77.362,31.083,17460,XREAL X4000_Android
77.396,31.340,17468,XREAL X4000_Android
77.428,34.403,17476,XREAL X4000_Android
77.454,30.279,17483,XREAL X4000_Android
77.492,30.043,17490,XREAL X4000_Android
77.522,35.306,17499,XREAL X4000_Android
77.553,30.940,17506,XREAL X4000_Android
77.591,32.020,17514,XREAL X4000_Android
77.620,36.398,17523,XREAL X4000_Android
77.646,31.028,17530,XREAL X4000_Android
77.679,26.504,17537,XREAL X4000_Android
77.715,34.224,17545,XREAL X4000_Android
77.742,34.556,17553,XREAL X4000_Android
77.773,26.221,17559,XREAL X4000_Android
77.804,32.478,17567,XREAL X4000_Android
77.832,28.422,17574,XREAL X4000_Android
77.864,27.742,17581,XREAL X4000_Android
77.901,32.955,17589,XREAL X4000_Android
77.932,34.452,17597,XREAL X4000_Android
77.962,31.912,17604,XREAL X4000_Android
77.996,28.636,17611,XREAL X4000_Android
78.028,36.127,17620,XREAL X4000_Android
78.054,30.867,17627,XREAL X4000_Android
78.091,28.897,17634,XREAL X4000_Android
78.121,35.910,17643,XREAL X4000_Android
78.144,29.107,17650,XREAL X4000_Android
78.178,25.081,17656,XREAL X4000_Android
78.209,33.976,17664,XREAL X4000_Android
78.240,32.184,17672,XREAL X4000_Android
78.270,27.316,17678,XREAL X4000_Android
78.304,31.747,17686,XREAL X4000_Android
78.335,34.391,17694,XREAL X4000_Android
78.369,28.013,17701,XREAL X4000_Android
78.404,36.380,17709,XREAL X4000_Android
78.433,33.155,17717,XREAL X4000_Android
78.465,28.334,17724,XREAL X4000_Android
78.500,34.570,17732,XREAL X4000_Android
78.534,34.404,17740,XREAL X4000_Android
78.568,33.316,17748,XREAL X4000_Android
78.604,36.875,17757,XREAL X4000_Android
78.633,34.427,17765,XREAL X4000_Android
78.665,27.298,17772,XREAL X4000_Android
78.701,34.154,17780,XREAL X4000_Android
78.733,34.969,17788,XREAL X4000_Android
78.768,32.059,17796,XREAL X4000_Android
78.802,34.983,17804,XREAL X4000_Android
78.832,33.595,17812,XREAL X4000_Android
78.864,29.445,17819,XREAL X4000_Android
78.900,30.819,17826,XREAL X4000_Android
78.933,37.692,17835,XREAL X4000_Android
78.963,33.194,17843,XREAL X4000_Android
78.999,30.773,17851,XREAL X4000_Android
79.032,35.244,17859,XREAL X4000_Android
79.067,32.638,17867,XREAL X4000_Android
79.103,37.599,17876,XREAL X4000_Android
79.133,32.810,17883,XREAL X4000_Android
79.165,29.607,17890,XREAL X4000_Android
79.202,35.541,17899,XREAL X4000_Android
79.233,34.391,17907,XREAL X4000_Android
79.267,31.505,17915,XREAL X4000_Android
79.303,36.388,17923,XREAL X4000_Android
79.336,33.817,17931,XREAL X4000_Android
79.366,31.685,17939,XREAL X4000_Android
79.401,32.167,17947,XREAL X4000_Android
79.434,34.576,17955,XREAL X4000_Android
79.463,31.637,17963,XREAL X4000_Android
79.500,28.468,17970,XREAL X4000_Android
79.531,37.866,17979,XREAL X4000_Android
79.558,29.625,17986,XREAL X4000_Android
79.597,28.814,17993,XREAL X4000_Android
79.629,37.067,18002,XREAL X4000_Android
79.661,33.409,18010,XREAL X4000_Android
79.698,32.040,18017,XREAL X4000_Android
79.728,36.638,18026,XREAL X4000_Android
79.761,28.754,18033,XREAL X4000_Android
79.797,33.762,18041,XREAL X4000_Android
79.826,36.541,18050,XREAL X4000_Android
79.859,29.664,18057,XREAL X4000_Android
79.898,33.098,18065,XREAL X4000_Android
79.927,36.938,18074,XREAL X4000_Android
79.958,31.525,18081,XREAL X4000_Android
79.996,31.041,18089,XREAL X4000_Android
80.028,37.526,18098,XREAL X4000_Android
80.059,30.678,18105,XREAL X4000_Android
80.094,30.885,18113,XREAL X4000_Android
80.122,35.321,18121,XREAL X4000_Android
80.148,29.355,18128,XREAL X4000_Android
80.186,27.448,18135,XREAL X4000_Android
80.220,39.787,18144,XREAL X4000_Android
80.257,37.039,18153,XREAL X4000_Android
80.292,30.460,18160,XREAL X4000_Android
80.321,33.646,18168,XREAL X4000_Android
80.350,30.419,18175,XREAL X4000_Android
80.379,28.698,18182,XREAL X4000_Android
80.410,32.240,18190,XREAL X4000_Android
80.439,28.980,18197,XREAL X4000_Android
80.469,28.549,18204,XREAL X4000_Android
80.489,31.983,18211,XREAL X4000_Android
80.504,18.429,18216,XREAL X4000_Android
80.519,14.522,18219,XREAL X4000_Android
80.546,16.708,18223,XREAL X4000_Android
80.587,26.393,18229,XREAL X4000_Android
80.617,40.967,18239,XREAL X4000_Android
80.643,30.519,18246,XREAL X4000_Android
80.677,24.774,18252,XREAL X4000_Android
80.710,36.096,18261,XREAL X4000_Android
80.740,32.252,18268,XREAL X4000_Android
80.778,29.731,18275,XREAL X4000_Android
80.811,40.581,18285,XREAL X4000_Android
80.838,30.299,18292,XREAL X4000_Android
80.870,26.834,18299,XREAL X4000_Android
80.906,35.372,18307,XREAL X4000_Android
80.940,32.613,18315,XREAL X4000_Android
80.972,32.036,18322,XREAL X4000_Android
81.005,33.596,18330,XREAL X4000_Android
81.036,33.695,18338,XREAL X4000_Android
81.068,27.069,18345,XREAL X4000_Android
81.101,32.261,18353,XREAL X4000_Android
81.131,34.337,18361,XREAL X4000_Android
81.167,30.571,18368,XREAL X4000_Android
81.204,35.383,18376,XREAL X4000_Android
81.237,40.351,18386,XREAL X4000_Android
81.271,30.863,18393,XREAL X4000_Android
81.308,39.187,18403,XREAL X4000_Android
81.340,33.964,18411,XREAL X4000_Android
81.374,31.958,18419,XREAL X4000_Android
81.412,36.468,18427,XREAL X4000_Android
81.444,34.884,18436,XREAL X4000_Android
81.478,29.087,18443,XREAL X4000_Android
81.511,39.508,18452,XREAL X4000_Android
81.532,31.065,18460,XREAL X4000_Android
81.552,17.800,18464,XREAL X4000_Android
81.570,25.102,18470,XREAL X4000_Android
81.609,19.444,18475,XREAL X4000_Android
81.630,35.891,18483,XREAL X4000_Android
81.646,16.619,18487,XREAL X4000_Android
81.662,17.935,18491,XREAL X4000_Android
81.703,16.943,18496,XREAL X4000_Android
81.719,38.438,18505,XREAL X4000_Android
81.734,18.797,18509,XREAL X4000_Android
81.751,12.865,18512,XREAL X4000_Android
81.765,16.760,18516,XREAL X4000_Android
81.786,15.566,18520,XREAL X4000_Android
81.801,21.673,18525,XREAL X4000_Android
81.820,14.506,18529,XREAL X4000_Android
81.834,18.488,18533,XREAL X4000_Android
81.850,13.025,18536,XREAL X4000_Android
81.891,17.918,18541,XREAL X4000_Android
81.924,41.379,18551,XREAL X4000_Android
81.953,30.433,18558,XREAL X4000_Android
81.991,29.603,18565,XREAL X4000_Android
82.027,40.069,18575,XREAL X4000_Android
82.061,33.828,18583,XREAL X4000_Android
82.101,35.159,18591,XREAL X4000_Android
82.133,36.987,18600,XREAL X4000_Android
82.163,33.526,18608,XREAL X4000_Android
82.202,31.474,18616,XREAL X4000_Android
82.233,37.650,18625,XREAL X4000_Android
82.264,29.710,18632,XREAL X4000_Android
82.303,33.497,18640,XREAL X4000_Android
82.337,37.756,18649,XREAL X4000_Android
82.368,33.030,18657,XREAL X4000_Android
82.405,33.937,18665,XREAL X4000_Android
82.437,37.715,18674,XREAL X4000_Android
82.470,29.665,18681,XREAL X4000_Android
82.505,34.928,18689,XREAL X4000_Android
82.534,31.866,18697,XREAL X4000_Android
82.565,28.642,18703,XREAL X4000_Android
82.601,33.655,18711,XREAL X4000_Android
82.633,35.194,18720,XREAL X4000_Android
82.666,30.629,18727,XREAL X4000_Android
82.703,34.145,18735,XREAL X4000_Android
82.733,37.018,18744,XREAL X4000_Android
82.767,29.547,18751,XREAL X4000_Android
82.804,35.289,18759,XREAL X4000_Android
82.836,36.596,18768,XREAL X4000_Android
82.869,31.485,18775,XREAL X4000_Android
82.905,37.404,18784,XREAL X4000_Android
82.934,32.071,18792,XREAL X4000_Android
82.964,27.565,18799,XREAL X4000_Android
82.999,30.584,18806,XREAL X4000_Android
83.034,35.439,18814,XREAL X4000_Android
83.068,34.084,18822,XREAL X4000_Android
83.105,36.289,18831,XREAL X4000_Android
83.134,34.452,18839,XREAL X4000_Android
83.161,27.285,18846,XREAL X4000_Android
83.197,29.406,18853,XREAL X4000_Android
83.224,34.299,18861,XREAL X4000_Android
83.248,27.878,18867,XREAL X4000_Android
83.278,26.419,18874,XREAL X4000_Android
83.310,32.485,18882,XREAL X4000_Android
83.326,29.405,18889,XREAL X4000_Android
83.338,13.605,18892,XREAL X4000_Android
83.353,12.985,18895,XREAL X4000_Android
83.368,15.888,18899,XREAL X4000_Android
83.384,13.230,18902,XREAL X4000_Android
83.400,19.156,18907,XREAL X4000_Android
83.413,11.987,18909,XREAL X4000_Android
83.428,15.796,18913,XREAL X4000_Android
83.440,13.463,18916,XREAL X4000_Android
83.470,11.729,18919,XREAL X4000_Android
83.491,30.686,18927,XREAL X4000_Android
83.503,20.310,18932,XREAL X4000_Android
83.532,10.588,18934,XREAL X4000_Android
83.563,30.477,18941,XREAL X4000_Android
83.597,30.525,18949,XREAL X4000_Android
83.629,35.576,18957,XREAL X4000_Android
83.655,29.863,18964,XREAL X4000_Android
83.689,27.172,18971,XREAL X4000_Android
83.717,33.713,18979,XREAL X4000_Android
83.743,30.734,18986,XREAL X4000_Android
83.777,26.028,18993,XREAL X4000_Android
83.810,34.972,19001,XREAL X4000_Android
83.842,33.755,19009,XREAL X4000_Android
83.874,30.538,19016,XREAL X4000_Android
83.909,36.022,19025,XREAL X4000_Android
83.937,30.095,19032,XREAL X4000_Android
83.965,25.553,19038,XREAL X4000_Android
84.001,28.488,19045,XREAL X4000_Android
84.031,34.153,19054,XREAL X4000_Android
84.059,30.413,19061,XREAL X4000_Android
84.091,29.148,19068,XREAL X4000_Android
84.121,32.751,19076,XREAL X4000_Android
84.146,30.937,19083,XREAL X4000_Android
84.180,28.230,19090,XREAL X4000_Android
84.207,31.285,19097,XREAL X4000_Android
84.237,28.119,19104,XREAL X4000_Android
84.270,28.541,19111,XREAL X4000_Android
84.304,34.994,19119,XREAL X4000_Android
84.336,31.951,19127,XREAL X4000_Android
84.368,28.925,19134,XREAL X4000_Android
84.406,36.123,19142,XREAL X4000_Android
84.434,36.558,19151,XREAL X4000_Android
84.462,25.901,19157,XREAL X4000_Android
84.499,30.052,19164,XREAL X4000_Android
84.532,35.522,19173,XREAL X4000_Android
84.560,32.131,19180,XREAL X4000_Android
84.597,30.834,19188,XREAL X4000_Android
84.625,36.035,19196,XREAL X4000_Android
84.651,28.294,19203,XREAL X4000_Android
84.684,28.393,19210,XREAL X4000_Android
84.712,31.705,19217,XREAL X4000_Android
84.741,27.451,19224,XREAL X4000_Android
84.772,29.757,19231,XREAL X4000_Android
84.806,32.608,19238,XREAL X4000_Android
84.836,30.816,19246,XREAL X4000_Android
84.865,30.255,19253,XREAL X4000_Android
84.899,27.016,19259,XREAL X4000_Android
84.932,36.108,19268,XREAL X4000_Android
84.965,31.826,19276,XREAL X4000_Android
85.000,33.751,19284,XREAL X4000_Android
85.030,34.599,19292,XREAL X4000_Android
85.064,30.730,19299,XREAL X4000_Android
85.099,32.060,19307,XREAL X4000_Android
85.131,36.749,19315,XREAL X4000_Android
85.162,32.033,19323,XREAL X4000_Android
85.200,29.569,19330,XREAL X4000_Android
85.233,38.483,19339,XREAL X4000_Android
85.266,32.758,19347,XREAL X4000_Android
85.300,34.442,19355,XREAL X4000_Android
85.330,32.414,19363,XREAL X4000_Android
85.362,31.450,19371,XREAL X4000_Android
85.398,31.755,19378,XREAL X4000_Android
85.433,37.149,19387,XREAL X4000_Android
85.468,33.333,19395,XREAL X4000_Android
85.503,37.456,19404,XREAL X4000_Android
85.534,32.402,19412,XREAL X4000_Android
85.566,31.285,19420,XREAL X4000_Android
85.602,33.786,19428,XREAL X4000_Android
85.621,37.721,19437,XREAL X4000_Android
85.639,20.695,19442,XREAL X4000_Android
85.657,12.998,19445,XREAL X4000_Android
85.695,19.516,19449,XREAL X4000_Android
85.727,36.932,19458,XREAL X4000_Android
85.759,31.937,19466,XREAL X4000_Android
85.796,32.879,19474,XREAL X4000_Android
85.829,35.909,19482,XREAL X4000_Android
85.861,33.250,19490,XREAL X4000_Android
85.899,31.444,19498,XREAL X4000_Android
85.932,38.921,19507,XREAL X4000_Android
85.963,32.357,19515,XREAL X4000_Android
85.999,30.578,19522,XREAL X4000_Android
86.031,36.484,19531,XREAL X4000_Android
86.066,30.191,19538,XREAL X4000_Android
86.101,38.818,19548,XREAL X4000_Android
86.116,32.214,19556,XREAL X4000_Android
86.134,19.041,19560,XREAL X4000_Android
86.153,15.714,19564,XREAL X4000_Android
86.173,21.418,19569,XREAL X4000_Android
86.193,18.788,19573,XREAL X4000_Android
86.207,17.213,19578,XREAL X4000_Android
86.228,16.053,19581,XREAL X4000_Android
86.240,18.688,19586,XREAL X4000_Android
86.258,15.105,19589,XREAL X4000_Android
86.296,15.694,19593,XREAL X4000_Android
86.312,38.433,19602,XREAL X4000_Android
86.328,16.812,19606,XREAL X4000_Android
86.342,13.395,19610,XREAL X4000_Android
86.360,15.734,19613,XREAL X4000_Android
86.379,18.357,19618,XREAL X4000_Android
86.398,21.284,19623,XREAL X4000_Android
86.414,15.882,19626,XREAL X4000_Android
86.430,17.855,19631,XREAL X4000_Android
86.445,15.129,19634,XREAL X4000_Android
86.479,16.492,19638,XREAL X4000_Android
86.498,35.185,19647,XREAL X4000_Android
86.513,15.582,19650,XREAL X4000_Android
86.528,16.400,19654,XREAL X4000_Android
86.539,12.351,19657,XREAL X4000_Android
86.556,11.728,19660,XREAL X4000_Android
86.574,18.411,19664,XREAL X4000_Android
86.595,19.858,19669,XREAL X4000_Android
86.626,17.843,19673,XREAL X4000_Android
86.656,31.146,19681,XREAL X4000_Android
86.703,33.465,19689,XREAL X4000_Android
86.739,47.690,19700,XREAL X4000_Android
86.783,32.517,19708,XREAL X4000_Android
86.829,50.064,19720,XREAL X4000_Android
86.859,37.316,19728,XREAL X4000_Android
86.906,33.207,19736,XREAL X4000_Android
86.936,46.894,19747,XREAL X4000_Android
86.969,30.192,19755,XREAL X4000_Android
87.011,35.642,19763,XREAL X4000_Android
87.041,41.153,19773,XREAL X4000_Android
87.081,28.600,19780,XREAL X4000_Android
87.121,46.288,19791,XREAL X4000_Android
87.156,33.827,19799,XREAL X4000_Android
87.197,34.785,19807,XREAL X4000_Android
87.232,39.832,19816,XREAL X4000_Android
87.265,32.649,19824,XREAL X4000_Android
87.289,37.784,19833,XREAL X4000_Android
87.313,26.754,19840,XREAL X4000_Android
87.332,22.327,19845,XREAL X4000_Android
87.365,15.436,19849,XREAL X4000_Android
87.408,31.345,19856,XREAL X4000_Android
87.441,46.503,19867,XREAL X4000_Android
87.487,31.077,19875,XREAL X4000_Android
87.530,51.649,19887,XREAL X4000_Android
87.563,34.598,19896,XREAL X4000_Android
87.604,34.554,19904,XREAL X4000_Android
87.638,44.454,19915,XREAL X4000_Android
87.681,34.085,19923,XREAL X4000_Android
87.732,53.701,19936,XREAL X4000_Android
87.749,36.404,19944,XREAL X4000_Android
87.769,24.491,19950,XREAL X4000_Android
87.789,17.028,19954,XREAL X4000_Android
87.806,19.566,19959,XREAL X4000_Android
87.821,15.947,19963,XREAL X4000_Android
87.837,15.355,19967,XREAL X4000_Android
87.853,15.216,19970,XREAL X4000_Android
87.869,16.004,19974,XREAL X4000_Android
87.890,18.608,19979,XREAL X4000_Android
87.924,19.289,19983,XREAL X4000_Android
87.937,32.116,19991,XREAL X4000_Android
87.955,13.254,19994,XREAL X4000_Android
87.972,18.815,19999,XREAL X4000_Android
87.994,20.844,20004,XREAL X4000_Android
88.007,16.250,20007,XREAL X4000_Android
88.025,15.619,20011,XREAL X4000_Android
88.037,15.649,20015,XREAL X4000_Android
88.054,14.540,20018,XREAL X4000_Android
88.070,18.145,20023,XREAL X4000_Android
88.104,14.958,20026,XREAL X4000_Android
88.120,33.290,20034,XREAL X4000_Android
88.136,17.440,20039,XREAL X4000_Android
88.152,14.016,20042,XREAL X4000_Android
88.169,17.370,20046,XREAL X4000_Android
88.190,17.203,20050,XREAL X4000_Android
88.206,20.087,20055,XREAL X4000_Android
88.222,17.205,20059,XREAL X4000_Android
88.237,15.000,20063,XREAL X4000_Android
88.264,24.276,20068,XREAL X4000_Android
88.301,14.943,20072,XREAL X4000_Android
88.318,37.757,20081,XREAL X4000_Android
88.333,19.144,20086,XREAL X4000_Android
88.349,13.634,20089,XREAL X4000_Android
88.366,18.445,20093,XREAL X4000_Android
88.389,20.259,20098,XREAL X4000_Android
88.405,18.189,20102,XREAL X4000_Android
88.430,23.085,20108,XREAL X4000_Android
88.442,15.487,20111,XREAL X4000_Android
88.473,26.788,20118,XREAL X4000_Android
88.511,24.313,20124,XREAL X4000_Android
88.542,33.544,20132,XREAL X4000_Android
88.575,29.278,20139,XREAL X4000_Android
88.611,36.848,20147,XREAL X4000_Android
88.639,33.499,20155,XREAL X4000_Android
88.675,27.656,20162,XREAL X4000_Android
88.710,40.018,20171,XREAL X4000_Android
88.740,32.330,20179,XREAL X4000_Android
88.772,27.648,20186,XREAL X4000_Android
88.792,35.142,20194,XREAL X4000_Android
88.807,16.520,20198,XREAL X4000_Android
88.822,15.463,20202,XREAL X4000_Android
88.838,15.555,20205,XREAL X4000_Android
88.857,16.250,20209,XREAL X4000_Android
88.875,19.177,20214,XREAL X4000_Android
88.894,19.463,20218,XREAL X4000_Android
88.922,14.307,20222,XREAL X4000_Android
88.954,30.088,20229,XREAL X4000_Android
88.987,32.460,20237,XREAL X4000_Android
89.024,34.925,20245,XREAL X4000_Android
89.036,33.840,20253,XREAL X4000_Android
89.055,13.137,20256,XREAL X4000_Android
89.072,19.018,20261,XREAL X4000_Android
89.093,19.499,20265,XREAL X4000_Android
89.106,17.557,20269,XREAL X4000_Android
89.122,14.664,20273,XREAL X4000_Android
89.138,15.783,20277,XREAL X4000_Android
89.156,15.462,20280,XREAL X4000_Android
89.191,16.381,20284,XREAL X4000_Android
89.224,37.095,20293,XREAL X4000_Android
89.254,31.372,20300,XREAL X4000_Android
89.292,32.334,20308,XREAL X4000_Android
89.319,35.471,20316,XREAL X4000_Android
89.332,26.890,20323,XREAL X4000_Android
89.349,13.205,20326,XREAL X4000_Android
89.367,19.050,20330,XREAL X4000_Android
89.385,15.499,20334,XREAL X4000_Android
89.403,21.453,20339,XREAL X4000_Android
89.417,15.317,20343,XREAL X4000_Android
89.446,15.422,20346,XREAL X4000_Android
89.479,29.378,20353,XREAL X4000_Android
89.511,35.061,20361,XREAL X4000_Android
89.540,30.520,20368,XREAL X4000_Android
89.573,29.000,20375,XREAL X4000_Android
89.595,34.324,20383,XREAL X4000_Android
89.610,17.750,20388,XREAL X4000_Android
89.626,16.315,20391,XREAL X4000_Android
89.640,14.708,20395,XREAL X4000_Android
89.659,17.397,20399,XREAL X4000_Android
89.677,17.120,20403,XREAL X4000_Android
89.695,19.746,20408,XREAL X4000_Android
89.711,15.609,20411,XREAL X4000_Android
89.729,16.513,20415,XREAL X4000_Android
89.763,15.215,20419,XREAL X4000_Android
89.781,36.563,20427,XREAL X4000_Android
89.801,22.272,20433,XREAL X4000_Android
89.817,15.987,20436,XREAL X4000_Android
89.833,15.985,20440,XREAL X4000_Android
89.845,12.983,20443,XREAL X4000_Android
89.863,16.816,20447,XREAL X4000_Android
89.880,16.905,20451,XREAL X4000_Android
89.899,20.433,20456,XREAL X4000_Android
89.911,12.598,20459,XREAL X4000_Android
89.942,15.856,20463,XREAL X4000_Android
89.961,31.330,20470,XREAL X4000_Android
89.979,17.378,20474,XREAL X4000_Android
89.999,20.773,20479,XREAL X4000_Android
90.014,14.769,20482,XREAL X4000_Android
90.029,17.655,20487,XREAL X4000_Android
90.042,12.990,20490,XREAL X4000_Android
90.060,16.841,20494,XREAL X4000_Android
90.077,14.432,20497,XREAL X4000_Android
90.096,22.086,20502,XREAL X4000_Android
90.124,13.335,20505,XREAL X4000_Android
90.137,27.812,20512,XREAL X4000_Android
90.157,14.589,20515,XREAL X4000_Android
90.175,20.460,20520,XREAL X4000_Android
90.195,20.965,20525,XREAL X4000_Android
90.206,15.345,20529,XREAL X4000_Android
90.224,12.934,20532,XREAL X4000_Android
90.248,23.717,20538,XREAL X4000_Android
90.264,18.682,20542,XREAL X4000_Android
90.294,26.320,20548,XREAL X4000_Android
90.325,17.223,20552,XREAL X4000_Android
90.337,31.934,20560,XREAL X4000_Android
90.355,13.820,20563,XREAL X4000_Android
90.372,18.541,20568,XREAL X4000_Android
90.392,16.421,20572,XREAL X4000_Android
90.410,22.780,20577,XREAL X4000_Android
90.442,16.985,20581,XREAL X4000_Android
90.476,30.954,20589,XREAL X4000_Android
90.512,38.375,20598,XREAL X4000_Android
90.544,31.239,20606,XREAL X4000_Android
90.579,32.651,20613,XREAL X4000_Android
90.614,37.693,20622,XREAL X4000_Android
90.631,30.558,20630,XREAL X4000_Android
90.647,14.447,20633,XREAL X4000_Android
90.682,18.862,20638,XREAL X4000_Android
90.716,37.291,20647,XREAL X4000_Android
90.744,30.433,20654,XREAL X4000_Android
90.778,29.852,20661,XREAL X4000_Android
90.813,36.607,20670,XREAL X4000_Android
90.844,31.597,20678,XREAL X4000_Android
90.879,31.626,20685,XREAL X4000_Android
90.913,36.881,20694,XREAL X4000_Android
90.930,32.011,20702,XREAL X4000_Android
90.944,14.882,20705,XREAL X4000_Android
90.963,16.603,20709,XREAL X4000_Android
90.979,17.475,20713,XREAL X4000_Android
91.002,21.483,20719,XREAL X4000_Android
91.020,16.185,20722,XREAL X4000_Android
91.035,19.056,20727,XREAL X4000_Android
91.051,13.429,20730,XREAL X4000_Android
91.068,19.196,20735,XREAL X4000_Android
91.105,17.667,20739,XREAL X4000_Android
91.124,34.873,20747,XREAL X4000_Android
91.138,18.463,20752,XREAL X4000_Android
91.155,16.005,20756,XREAL X4000_Android
91.170,15.804,20760,XREAL X4000_Android
91.194,16.924,20764,XREAL X4000_Android
91.225,19.918,20768,XREAL X4000_Android
91.253,32.939,20776,XREAL X4000_Android
91.286,28.958,20783,XREAL X4000_Android
91.321,34.519,20791,XREAL X4000_Android
91.347,32.792,20799,XREAL X4000_Android
91.387,27.323,20806,XREAL X4000_Android
91.418,39.504,20815,XREAL X4000_Android
91.445,30.191,20822,XREAL X4000_Android
91.481,28.729,20829,XREAL X4000_Android
91.497,36.253,20838,XREAL X4000_Android
91.513,13.269,20841,XREAL X4000_Android
91.531,18.720,20845,XREAL X4000_Android
91.548,15.526,20849,XREAL X4000_Android
91.565,19.067,20853,XREAL X4000_Android
91.584,16.326,20857,XREAL X4000_Android
91.604,20.997,20862,XREAL X4000_Android
91.621,16.783,20866,XREAL X4000_Android
91.636,16.845,20870,XREAL X4000_Android
91.671,13.233,20873,XREAL X4000_Android
91.693,39.446,20883,XREAL X4000_Android
91.711,21.876,20888,XREAL X4000_Android
91.730,17.608,20892,XREAL X4000_Android
91.744,16.189,20896,XREAL X4000_Android
91.763,18.132,20900,XREAL X4000_Android
91.781,17.267,20904,XREAL X4000_Android
91.800,17.976,20909,XREAL X4000_Android
91.816,15.488,20912,XREAL X4000_Android
91.845,18.325,20917,XREAL X4000_Android
91.882,30.910,20924,XREAL X4000_Android
91.913,36.856,20933,XREAL X4000_Android
91.941,29.497,20940,XREAL X4000_Android
91.976,28.695,20947,XREAL X4000_Android
92.009,36.898,20955,XREAL X4000_Android
92.035,28.052,20962,XREAL X4000_Android
92.066,27.354,20969,XREAL X4000_Android
92.102,30.984,20976,XREAL X4000_Android
92.115,34.266,20984,XREAL X4000_Android
92.131,14.923,20988,XREAL X4000_Android
92.145,15.259,20991,XREAL X4000_Android
92.164,16.426,20995,XREAL X4000_Android
92.181,17.723,20999,XREAL X4000_Android
92.200,21.187,21004,XREAL X4000_Android
92.216,12.970,21007,XREAL X4000_Android
92.233,18.720,21012,XREAL X4000_Android
92.250,14.508,21015,XREAL X4000_Android
92.296,21.307,21021,XREAL X4000_Android
92.307,40.916,21030,XREAL X4000_Android
92.324,12.628,21033,XREAL X4000_Android
92.339,15.579,21037,XREAL X4000_Android
92.359,18.223,21042,XREAL X4000_Android
92.376,19.023,21046,XREAL X4000_Android
92.395,20.759,21051,XREAL X4000_Android
92.409,13.796,21054,XREAL X4000_Android
92.425,14.720,21058,XREAL X4000_Android
92.439,15.286,21062,XREAL X4000_Android
92.474,16.896,21066,XREAL X4000_Android
92.493,35.611,21074,XREAL X4000_Android
92.508,14.773,21078,XREAL X4000_Android
92.524,17.044,21082,XREAL X4000_Android
92.540,15.066,21085,XREAL X4000_Android
92.556,15.992,21089,XREAL X4000_Android
92.572,16.788,21093,XREAL X4000_Android
92.593,17.827,21098,XREAL X4000_Android
92.608,19.215,21102,XREAL X4000_Android
92.625,16.205,21106,XREAL X4000_Android
92.655,14.799,21110,XREAL X4000_Android
92.672,32.441,21117,XREAL X4000_Android
92.695,20.240,21122,XREAL X4000_Android
92.709,16.503,21126,XREAL X4000_Android
92.734,26.403,21133,XREAL X4000_Android
92.770,15.532,21136,XREAL X4000_Android
92.806,35.764,21145,XREAL X4000_Android
92.840,35.975,21154,XREAL X4000_Android
92.877,35.060,21162,XREAL X4000_Android
92.913,40.707,21172,XREAL X4000_Android
92.940,29.124,21179,XREAL X4000_Android
92.969,26.986,21185,XREAL X4000_Android
93.004,30.553,21193,XREAL X4000_Android
93.032,32.016,21200,XREAL X4000_Android
93.060,26.882,21207,XREAL X4000_Android
93.096,30.851,21214,XREAL X4000_Android
93.128,34.739,21222,XREAL X4000_Android
93.154,30.870,21230,XREAL X4000_Android
93.190,30.236,21237,XREAL X4000_Android
93.226,36.084,21246,XREAL X4000_Android
93.258,33.946,21254,XREAL X4000_Android
93.298,32.125,21262,XREAL X4000_Android
93.329,40.024,21271,XREAL X4000_Android
93.359,29.124,21278,XREAL X4000_Android
93.398,32.686,21286,XREAL X4000_Android
93.428,36.644,21295,XREAL X4000_Android
93.461,29.866,21302,XREAL X4000_Android
93.499,35.440,21310,XREAL X4000_Android
93.532,37.271,21319,XREAL X4000_Android
93.566,33.357,21327,XREAL X4000_Android
93.601,33.848,21336,XREAL X4000_Android
93.633,35.067,21344,XREAL X4000_Android
93.669,31.092,21351,XREAL X4000_Android
93.703,35.906,21360,XREAL X4000_Android
93.734,34.062,21368,XREAL X4000_Android
93.766,31.494,21376,XREAL X4000_Android
93.803,31.975,21383,XREAL X4000_Android
93.835,37.993,21393,XREAL X4000_Android
93.868,31.708,21400,XREAL X4000_Android
93.906,34.728,21409,XREAL X4000_Android
93.938,37.092,21417,XREAL X4000_Android
93.971,31.388,21425,XREAL X4000_Android
94.006,33.337,21433,XREAL X4000_Android
94.038,34.402,21441,XREAL X4000_Android
94.072,34.029,21449,XREAL X4000_Android
94.109,33.823,21458,XREAL X4000_Android
94.137,34.787,21466,XREAL X4000_Android
94.173,28.973,21473,XREAL X4000_Android
94.209,39.910,21482,XREAL X4000_Android
94.242,34.373,21491,XREAL X4000_Android
94.277,31.048,21498,XREAL X4000_Android
94.312,38.034,21507,XREAL X4000_Android
94.340,30.388,21515,XREAL X4000_Android
94.371,29.050,21522,XREAL X4000_Android
94.407,34.994,21530,XREAL X4000_Android
94.438,31.979,21538,XREAL X4000_Android
94.475,31.158,21546,XREAL X4000_Android
94.507,39.704,21555,XREAL X4000_Android
94.539,30.768,21563,XREAL X4000_Android
94.572,30.602,21570,XREAL X4000_Android
94.607,34.914,21579,XREAL X4000_Android
94.636,33.211,21587,XREAL X4000_Android
94.668,30.235,21594,XREAL X4000_Android
94.704,29.001,21601,XREAL X4000_Android
94.734,38.514,21610,XREAL X4000_Android
94.770,28.321,21617,XREAL X4000_Android
94.806,36.900,21626,XREAL X4000_Android
94.836,36.939,21635,XREAL X4000_Android
94.869,29.555,21642,XREAL X4000_Android
94.907,36.348,21651,XREAL X4000_Android
94.937,33.795,21659,XREAL X4000_Android
94.969,28.536,21666,XREAL X4000_Android
95.007,35.842,21675,XREAL X4000_Android
95.038,35.662,21684,XREAL X4000_Android
95.073,32.287,21691,XREAL X4000_Android
95.107,37.095,21700,XREAL X4000_Android
95.139,32.278,21708,XREAL X4000_Android
95.170,30.303,21716,XREAL X4000_Android
95.206,33.696,21724,XREAL X4000_Android
95.237,34.324,21732,XREAL X4000_Android
95.270,28.601,21739,XREAL X4000_Android
95.306,37.975,21748,XREAL X4000_Android
95.338,34.463,21756,XREAL X4000_Android
95.372,31.451,21764,XREAL X4000_Android
95.406,35.091,21772,XREAL X4000_Android
95.437,32.568,21780,XREAL X4000_Android
95.472,29.983,21787,XREAL X4000_Android
95.507,38.978,21797,XREAL X4000_Android
95.538,30.867,21804,XREAL X4000_Android
95.573,32.998,21812,XREAL X4000_Android
95.609,38.744,21821,XREAL X4000_Android
95.638,30.647,21829,XREAL X4000_Android
95.674,30.268,21836,XREAL X4000_Android
95.710,38.601,21845,XREAL X4000_Android
95.740,33.456,21853,XREAL X4000_Android
95.775,28.371,21860,XREAL X4000_Android
95.809,38.098,21869,XREAL X4000_Android
95.840,32.233,21877,XREAL X4000_Android
95.876,31.039,21884,XREAL X4000_Android
95.910,38.199,21893,XREAL X4000_Android
95.937,30.793,21901,XREAL X4000_Android
95.969,26.655,21907,XREAL X4000_Android
96.005,33.375,21915,XREAL X4000_Android
96.036,34.370,21923,XREAL X4000_Android
96.066,28.183,21930,XREAL X4000_Android
96.087,33.088,21938,XREAL X4000_Android
96.102,21.548,21943,XREAL X4000_Android
96.121,14.375,21947,XREAL X4000_Android
96.152,21.429,21952,XREAL X4000_Android
96.192,31.586,21960,XREAL X4000_Android
96.224,37.056,21968,XREAL X4000_Android
96.255,30.366,21976,XREAL X4000_Android
96.290,32.124,21983,XREAL X4000_Android
96.325,36.127,21992,XREAL X4000_Android
96.353,33.923,22000,XREAL X4000_Android
96.392,29.051,22007,XREAL X4000_Android
96.424,38.417,22016,XREAL X4000_Android
96.452,30.201,22024,XREAL X4000_Android
96.490,28.940,22031,XREAL X4000_Android
96.525,39.060,22040,XREAL X4000_Android
96.556,34.111,22048,XREAL X4000_Android
96.592,30.119,22055,XREAL X4000_Android
96.626,37.882,22064,XREAL X4000_Android
96.653,31.857,22072,XREAL X4000_Android
96.689,30.776,22080,XREAL X4000_Android
96.719,33.147,22087,XREAL X4000_Android
96.749,32.144,22095,XREAL X4000_Android
96.784,28.632,22102,XREAL X4000_Android
96.817,38.633,22111,XREAL X4000_Android
96.843,30.370,22119,XREAL X4000_Android
96.883,28.105,22125,XREAL X4000_Android
96.917,39.262,22135,XREAL X4000_Android
96.945,31.685,22142,XREAL X4000_Android
96.979,28.475,22149,XREAL X4000_Android
97.013,36.962,22158,XREAL X4000_Android
97.045,32.189,22166,XREAL X4000_Android
97.081,31.525,22173,XREAL X4000_Android
97.117,37.067,22182,XREAL X4000_Android
97.146,34.192,22190,XREAL X4000_Android
97.182,31.332,22198,XREAL X4000_Android
97.219,35.736,22207,XREAL X4000_Android
97.248,34.459,22215,XREAL X4000_Android
97.284,29.838,22222,XREAL X4000_Android
97.317,39.414,22232,XREAL X4000_Android
97.351,33.373,22240,XREAL X4000_Android
97.386,28.630,22247,XREAL X4000_Android
97.415,36.242,22256,XREAL X4000_Android
97.431,29.952,22263,XREAL X4000_Android
97.445,12.395,22266,XREAL X4000_Android
97.464,18.155,22270,XREAL X4000_Android
97.505,16.155,22274,XREAL X4000_Android
97.537,41.967,22284,XREAL X4000_Android
97.570,32.196,22292,XREAL X4000_Android
97.606,33.974,22300,XREAL X4000_Android
97.635,32.945,22308,XREAL X4000_Android
97.653,30.669,22316,XREAL X4000_Android
97.671,21.341,22321,XREAL X4000_Android
97.692,19.409,22326,XREAL X4000_Android
97.706,16.300,22330,XREAL X4000_Android
97.724,14.309,22333,XREAL X4000_Android
97.736,17.320,22337,XREAL X4000_Android
97.751,12.082,22340,XREAL X4000_Android
97.768,15.637,22344,XREAL X4000_Android
97.790,15.418,22348,XREAL X4000_Android
97.824,23.854,22353,XREAL X4000_Android
97.837,32.543,22361,XREAL X4000_Android
97.856,14.238,22365,XREAL X4000_Android
97.870,19.935,22370,XREAL X4000_Android
97.908,16.722,22374,XREAL X4000_Android
97.938,37.440,22383,XREAL X4000_Android
97.972,25.016,22389,XREAL X4000_Android
98.007,38.088,22398,XREAL X4000_Android
98.037,31.158,22406,XREAL X4000_Android
98.073,31.914,22413,XREAL X4000_Android
98.109,38.762,22423,XREAL X4000_Android
98.137,32.402,22431,XREAL X4000_Android
98.173,29.061,22438,XREAL X4000_Android
98.208,37.557,22447,XREAL X4000_Android
98.239,33.417,22455,XREAL X4000_Android
98.272,28.432,22462,XREAL X4000_Android
98.307,36.334,22470,XREAL X4000_Android
98.338,32.569,22478,XREAL X4000_Android
98.374,33.474,22486,XREAL X4000_Android
98.410,39.653,22496,XREAL X4000_Android
98.438,33.424,22504,XREAL X4000_Android
98.473,26.627,22510,XREAL X4000_Android
98.511,40.006,22520,XREAL X4000_Android
98.541,31.809,22527,XREAL X4000_Android
98.575,30.469,22535,XREAL X4000_Android
98.609,34.792,22543,XREAL X4000_Android
98.640,34.671,22551,XREAL X4000_Android
98.670,27.332,22558,XREAL X4000_Android
98.707,33.894,22566,XREAL X4000_Android
98.736,35.233,22574,XREAL X4000_Android
98.770,27.081,22581,XREAL X4000_Android
98.806,36.045,22590,XREAL X4000_Android
98.838,34.709,22598,XREAL X4000_Android
98.870,32.601,22606,XREAL X4000_Android
98.907,33.952,22614,XREAL X4000_Android
98.936,36.098,22623,XREAL X4000_Android
98.972,27.263,22629,XREAL X4000_Android
99.006,38.837,22638,XREAL X4000_Android
99.038,30.820,22646,XREAL X4000_Android
99.070,32.574,22654,XREAL X4000_Android
99.108,34.116,22662,XREAL X4000_Android
99.137,35.893,22670,XREAL X4000_Android
99.172,29.356,22678,XREAL X4000_Android
99.208,37.339,22687,XREAL X4000_Android
99.238,34.442,22695,XREAL X4000_Android
99.270,29.665,22702,XREAL X4000_Android
99.305,33.943,22710,XREAL X4000_Android
99.336,33.049,22718,XREAL X4000_Android
99.366,29.816,22725,XREAL X4000_Android
99.404,30.303,22732,XREAL X4000_Android
99.434,36.685,22741,XREAL X4000_Android
99.467,30.528,22748,XREAL X4000_Android
99.503,34.962,22756,XREAL X4000_Android
99.534,32.766,22764,XREAL X4000_Android
99.569,32.682,22772,XREAL X4000_Android
99.605,35.756,22780,XREAL X4000_Android
99.637,35.854,22789,XREAL X4000_Android
99.669,31.599,22796,XREAL X4000_Android
99.705,33.832,22804,XREAL X4000_Android
99.737,36.034,22813,XREAL X4000_Android
99.771,28.834,22820,XREAL X4000_Android
99.808,38.210,22829,XREAL X4000_Android
99.837,36.081,22837,XREAL X4000_Android
99.872,28.244,22844,XREAL X4000_Android
99.907,36.586,22853,XREAL X4000_Android
99.940,32.954,22861,XREAL X4000_Android
99.976,33.498,22869,XREAL X4000_Android
100.011,39.406,22878,XREAL X4000_Android
100.040,32.304,22886,XREAL X4000_Android
100.081,29.133,22893,XREAL X4000_Android
100.117,44.186,22903,XREAL X4000_Android
100.145,32.595,22911,XREAL X4000_Android
100.180,27.284,22917,XREAL X4000_Android
100.210,36.828,22926,XREAL X4000_Android
100.239,27.761,22933,XREAL X4000_Android
100.276,27.977,22940,XREAL X4000_Android
100.308,39.193,22949,XREAL X4000_Android
100.339,31.403,22956,XREAL X4000_Android
100.379,29.081,22963,XREAL X4000_Android
100.410,43.380,22974,XREAL X4000_Android
100.442,31.694,22981,XREAL X4000_Android
100.482,31.532,22989,XREAL X4000_Android
100.514,40.195,22999,XREAL X4000_Android
100.547,32.918,23007,XREAL X4000_Android
100.587,31.575,23014,XREAL X4000_Android
100.619,39.019,23023,XREAL X4000_Android
100.649,31.546,23031,XREAL X4000_Android
100.686,31.847,23039,XREAL X4000_Android
100.715,35.049,23047,XREAL X4000_Android
100.745,30.751,23055,XREAL X4000_Android
100.782,29.324,23062,XREAL X4000_Android
100.818,39.547,23071,XREAL X4000_Android
100.848,32.325,23079,XREAL X4000_Android
100.882,30.018,23086,XREAL X4000_Android
100.921,38.019,23095,XREAL X4000_Android
100.948,33.878,23103,XREAL X4000_Android
100.990,28.819,23110,XREAL X4000_Android
101.022,40.987,23120,XREAL X4000_Android
101.049,31.739,23128,XREAL X4000_Android
101.088,29.640,23135,XREAL X4000_Android
101.125,41.051,23145,XREAL X4000_Android
101.159,32.514,23152,XREAL X4000_Android
101.196,32.338,23160,XREAL X4000_Android
101.226,37.097,23169,XREAL X4000_Android
101.258,30.512,23176,XREAL X4000_Android
101.293,31.435,23184,XREAL X4000_Android
101.322,37.084,23193,XREAL X4000_Android
101.354,28.531,23200,XREAL X4000_Android
101.396,33.228,23208,XREAL X4000_Android
101.426,39.560,23217,XREAL X4000_Android
101.462,31.170,23225,XREAL X4000_Android
101.500,35.828,23233,XREAL X4000_Android
101.532,36.840,23242,XREAL X4000_Android
101.565,33.330,23250,XREAL X4000_Android
101.604,34.828,23258,XREAL X4000_Android
101.637,39.130,23268,XREAL X4000_Android
101.678,32.527,23276,XREAL X4000_Android
101.733,52.936,23288,XREAL X4000_Android
101.772,42.798,23299,XREAL X4000_Android
101.824,45.079,23309,XREAL X4000_Android
101.852,44.540,23320,XREAL X4000_Android
101.901,32.726,23328,XREAL X4000_Android
101.935,44.670,23339,XREAL X4000_Android
101.974,33.758,23347,XREAL X4000_Android
102.025,47.686,23358,XREAL X4000_Android
102.061,40.781,23368,XREAL X4000_Android
102.095,36.946,23377,XREAL X4000_Android
102.138,36.036,23386,XREAL X4000_Android
102.173,41.796,23396,XREAL X4000_Android
102.214,37.183,23404,XREAL X4000_Android
102.258,43.212,23415,XREAL X4000_Android
102.291,39.145,23424,XREAL X4000_Android
102.307,35.683,23433,XREAL X4000_Android
102.331,17.906,23437,XREAL X4000_Android
102.348,19.904,23442,XREAL X4000_Android
102.388,17.718,23446,XREAL X4000_Android
102.435,42.705,23456,XREAL X4000_Android
102.474,43.309,23467,XREAL X4000_Android
102.518,40.262,23476,XREAL X4000_Android
102.562,47.467,23488,XREAL X4000_Android
102.600,37.943,23497,XREAL X4000_Android
102.657,40.166,23507,XREAL X4000_Android
102.691,57.501,23520,XREAL X4000_Android
102.732,32.760,23528,XREAL X4000_Android
102.763,38.954,23538,XREAL X4000_Android
102.797,31.798,23545,XREAL X4000_Android
102.836,35.008,23554,XREAL X4000_Android
102.870,38.524,23563,XREAL X4000_Android
102.907,34.337,23571,XREAL X4000_Android
102.945,43.316,23582,XREAL X4000_Android
102.974,32.429,23589,XREAL X4000_Android
103.015,31.598,23597,XREAL X4000_Android
103.047,40.479,23607,XREAL X4000_Android
103.080,29.713,23614,XREAL X4000_Android
103.116,35.007,23622,XREAL X4000_Android
103.158,42.731,23632,XREAL X4000_Android
103.191,33.613,23640,XREAL X4000_Android
103.230,34.653,23649,XREAL X4000_Android
103.262,35.437,23657,XREAL X4000_Android
103.299,32.446,23665,XREAL X4000_Android
103.319,37.445,23674,XREAL X4000_Android
103.338,22.036,23680,XREAL X4000_Android
103.354,15.554,23683,XREAL X4000_Android
103.369,19.200,23688,XREAL X4000_Android
103.388,13.943,23691,XREAL X4000_Android
103.405,19.871,23696,XREAL X4000_Android
103.428,19.022,23701,XREAL X4000_Android
103.443,19.319,23706,XREAL X4000_Android
103.462,18.623,23710,XREAL X4000_Android
103.492,14.853,23714,XREAL X4000_Android
103.511,32.696,23722,XREAL X4000_Android
103.532,21.470,23727,XREAL X4000_Android
103.545,14.865,23730,XREAL X4000_Android
103.566,15.999,23734,XREAL X4000_Android
103.602,19.300,23739,XREAL X4000_Android
103.640,38.333,23748,XREAL X4000_Android
103.660,37.080,23757,XREAL X4000_Android
103.693,18.968,23762,XREAL X4000_Android
103.734,34.744,23770,XREAL X4000_Android
103.768,39.740,23780,XREAL X4000_Android
103.801,32.434,23788,XREAL X4000_Android
103.841,36.940,23797,XREAL X4000_Android
103.870,37.274,23806,XREAL X4000_Android
103.903,28.768,23813,XREAL X4000_Android
103.940,34.099,23821,XREAL X4000_Android
103.970,37.584,23830,XREAL X4000_Android
104.008,29.283,23837,XREAL X4000_Android
104.046,42.860,23848,XREAL X4000_Android
104.075,33.093,23856,XREAL X4000_Android
104.114,30.423,23863,XREAL X4000_Android
104.149,40.605,23873,XREAL X4000_Android
104.179,33.424,23881,XREAL X4000_Android
104.213,29.239,23888,XREAL X4000_Android
104.256,34.142,23896,XREAL X4000_Android
104.287,40.093,23906,XREAL X4000_Android
104.327,32.876,23914,XREAL X4000_Android
104.359,39.050,23923,XREAL X4000_Android
104.393,32.744,23931,XREAL X4000_Android
104.432,34.311,23939,XREAL X4000_Android
104.464,37.014,23948,XREAL X4000_Android
104.479,31.363,23956,XREAL X4000_Android
104.495,19.777,23960,XREAL X4000_Android
104.516,14.511,23964,XREAL X4000_Android
104.536,23.294,23969,XREAL X4000_Android
104.567,16.343,23973,XREAL X4000_Android
104.602,30.790,23981,XREAL X4000_Android
104.640,35.675,23989,XREAL X4000_Android
104.670,36.524,23998,XREAL X4000_Android
104.704,30.829,24005,XREAL X4000_Android
104.740,35.183,24014,XREAL X4000_Android
104.773,35.078,24022,XREAL X4000_Android
104.807,31.244,24030,XREAL X4000_Android
104.846,41.087,24040,XREAL X4000_Android
104.877,35.330,24048,XREAL X4000_Android
104.914,32.469,24056,XREAL X4000_Android
104.948,36.511,24065,XREAL X4000_Android
104.977,31.196,24072,XREAL X4000_Android
105.017,31.067,24080,XREAL X4000_Android
105.052,41.740,24090,XREAL X4000_Android
105.082,31.223,24097,XREAL X4000_Android
105.122,30.766,24105,XREAL X4000_Android
105.155,40.704,24114,XREAL X4000_Android
105.168,31.305,24122,XREAL X4000_Android
105.181,11.651,24125,XREAL X4000_Android
105.204,19.134,24129,XREAL X4000_Android
105.227,21.463,24134,XREAL X4000_Android
105.243,20.059,24139,XREAL X4000_Android
105.263,18.321,24143,XREAL X4000_Android
105.276,16.703,24147,XREAL X4000_Android
105.292,15.428,24151,XREAL X4000_Android
105.310,16.525,24155,XREAL X4000_Android
105.349,19.920,24160,XREAL X4000_Android
105.366,37.410,24169,XREAL X4000_Android
105.380,12.374,24172,XREAL X4000_Android
105.400,19.589,24176,XREAL X4000_Android
105.421,18.862,24181,XREAL X4000_Android
105.439,20.236,24186,XREAL X4000_Android
105.458,16.737,24189,XREAL X4000_Android
105.472,18.975,24194,XREAL X4000_Android
105.491,13.723,24197,XREAL X4000_Android
105.514,24.130,24203,XREAL X4000_Android
105.550,21.658,24208,XREAL X4000_Android
105.578,33.880,24216,XREAL X4000_Android
105.613,28.886,24223,XREAL X4000_Android
105.648,34.382,24231,XREAL X4000_Android
105.681,35.083,24240,XREAL X4000_Android
105.698,32.063,24247,XREAL X4000_Android
105.722,17.577,24251,XREAL X4000_Android
105.735,22.592,24257,XREAL X4000_Android
105.752,12.538,24260,XREAL X4000_Android
105.769,19.208,24264,XREAL X4000_Android
105.786,13.292,24267,XREAL X4000_Android
105.803,20.729,24272,XREAL X4000_Android
105.824,16.527,24276,XREAL X4000_Android
105.843,23.384,24282,XREAL X4000_Android
105.877,17.979,24286,XREAL X4000_Android
105.934,33.769,24294,XREAL X4000_Android
105.985,70.474,24311,XREAL X4000_Android
106.028,36.791,24320,XREAL X4000_Android
106.063,41.661,24330,XREAL X4000_Android
106.090,32.316,24337,XREAL X4000_Android
106.127,28.750,24344,XREAL X4000_Android
106.159,38.577,24353,XREAL X4000_Android
106.189,30.728,24361,XREAL X4000_Android
106.221,28.910,24367,XREAL X4000_Android
106.257,35.180,24376,XREAL X4000_Android
106.286,32.821,24384,XREAL X4000_Android
106.327,31.828,24391,XREAL X4000_Android
106.360,39.696,24401,XREAL X4000_Android
106.389,32.360,24409,XREAL X4000_Android
106.428,30.272,24416,XREAL X4000_Android
106.458,37.765,24425,XREAL X4000_Android
106.485,29.997,24432,XREAL X4000_Android
106.527,30.590,24440,XREAL X4000_Android
106.560,39.300,24449,XREAL X4000_Android
106.590,30.842,24456,XREAL X4000_Android
106.631,32.497,24464,XREAL X4000_Android
106.660,38.527,24473,XREAL X4000_Android
106.673,28.607,24480,XREAL X4000_Android
106.711,16.539,24484,XREAL X4000_Android
106.746,38.436,24493,XREAL X4000_Android
106.775,34.842,24502,XREAL X4000_Android
106.814,26.628,24508,XREAL X4000_Android
106.847,42.939,24519,XREAL X4000_Android
106.876,30.350,24526,XREAL X4000_Android
106.910,29.678,24533,XREAL X4000_Android
106.947,36.258,24542,XREAL X4000_Android
106.981,35.639,24550,XREAL X4000_Android
107.020,34.231,24558,XREAL X4000_Android
107.050,37.915,24567,XREAL X4000_Android
107.083,29.506,24575,XREAL X4000_Android
107.122,34.165,24583,XREAL X4000_Android
107.155,36.960,24592,XREAL X4000_Android
107.182,33.317,24600,XREAL X4000_Android
107.221,29.002,24607,XREAL X4000_Android
107.253,37.668,24616,XREAL X4000_Android
107.283,30.835,24623,XREAL X4000_Android
107.322,32.816,24631,XREAL X4000_Android
107.352,36.998,24639,XREAL X4000_Android
107.381,29.769,24647,XREAL X4000_Android
107.415,29.367,24654,XREAL X4000_Android
107.450,38.002,24663,XREAL X4000_Android
107.464,29.254,24669,XREAL X4000_Android
107.479,13.767,24673,XREAL X4000_Android
107.495,17.434,24677,XREAL X4000_Android
107.536,15.437,24681,XREAL X4000_Android
107.566,38.260,24690,XREAL X4000_Android
107.601,31.933,24697,XREAL X4000_Android
107.639,36.951,24706,XREAL X4000_Android
107.671,35.919,24715,XREAL X4000_Android
107.688,32.959,24722,XREAL X4000_Android
107.705,19.046,24727,XREAL X4000_Android
107.724,14.958,24730,XREAL X4000_Android
107.742,18.925,24735,XREAL X4000_Android
107.761,19.030,24739,XREAL X4000_Android
107.772,15.992,24743,XREAL X4000_Android
107.789,14.216,24747,XREAL X4000_Android
107.807,16.563,24751,XREAL X4000_Android
107.831,20.216,24755,XREAL X4000_Android
107.863,20.051,24760,XREAL X4000_Android
107.880,31.680,24768,XREAL X4000_Android
107.896,19.250,24772,XREAL X4000_Android
107.913,14.175,24776,XREAL X4000_Android
107.931,19.930,24780,XREAL X4000_Android
107.945,14.797,24784,XREAL X4000_Android
107.961,15.764,24788,XREAL X4000_Android
107.978,15.317,24791,XREAL X4000_Android
107.997,19.333,24796,XREAL X4000_Android
108.015,16.750,24800,XREAL X4000_Android
108.049,20.240,24805,XREAL X4000_Android
108.063,31.193,24812,XREAL X4000_Android
108.078,13.353,24815,XREAL X4000_Android
108.097,14.956,24819,XREAL X4000_Android
108.119,19.767,24824,XREAL X4000_Android
108.136,24.397,24829,XREAL X4000_Android
108.154,15.267,24833,XREAL X4000_Android
108.167,16.914,24837,XREAL X4000_Android
108.181,11.760,24840,XREAL X4000_Android
108.198,17.118,24844,XREAL X4000_Android
108.239,17.012,24848,XREAL X4000_Android
108.256,38.144,24857,XREAL X4000_Android
108.270,19.194,24861,XREAL X4000_Android
108.288,13.822,24865,XREAL X4000_Android
108.304,19.161,24869,XREAL X4000_Android
108.323,16.271,24873,XREAL X4000_Android
108.338,18.116,24877,XREAL X4000_Android
108.372,15.428,24881,XREAL X4000_Android
108.389,34.592,24889,XREAL X4000_Android
108.429,16.262,24893,XREAL X4000_Android
108.458,37.377,24902,XREAL X4000_Android
108.490,29.784,24909,XREAL X4000_Android
108.529,32.896,24917,XREAL X4000_Android
108.561,37.943,24926,XREAL X4000_Android
108.594,31.169,24933,XREAL X4000_Android
108.631,34.626,24942,XREAL X4000_Android
108.660,34.874,24950,XREAL X4000_Android
108.689,29.000,24957,XREAL X4000_Android
108.729,32.164,24964,XREAL X4000_Android
108.763,38.189,24974,XREAL X4000_Android
108.794,33.869,24982,XREAL X4000_Android
108.833,31.878,24989,XREAL X4000_Android
108.863,37.490,24998,XREAL X4000_Android
108.897,29.527,25005,XREAL X4000_Android
108.936,34.755,25013,XREAL X4000_Android
108.968,38.727,25023,XREAL X4000_Android
109.003,30.466,25030,XREAL X4000_Android
109.023,40.057,25039,XREAL X4000_Android
109.037,17.816,25044,XREAL X4000_Android
109.053,14.516,25047,XREAL X4000_Android
109.070,19.053,25052,XREAL X4000_Android
109.113,14.022,25055,XREAL X4000_Android
109.150,44.601,25065,XREAL X4000_Android
109.189,42.350,25076,XREAL X4000_Android
109.224,31.834,25083,XREAL X4000_Android
109.254,34.799,25091,XREAL X4000_Android
109.285,30.104,25099,XREAL X4000_Android
109.326,32.799,25107,XREAL X4000_Android
109.357,38.923,25116,XREAL X4000_Android
109.385,30.716,25123,XREAL X4000_Android
109.423,29.784,25130,XREAL X4000_Android
109.454,36.952,25139,XREAL X4000_Android
109.484,30.089,25146,XREAL X4000_Android
109.524,32.207,25154,XREAL X4000_Android
109.559,38.937,25164,XREAL X4000_Android
109.595,34.324,25172,XREAL X4000_Android
109.632,34.384,25180,XREAL X4000_Android
109.665,37.849,25189,XREAL X4000_Android
109.701,32.745,25197,XREAL X4000_Android
109.739,37.944,25206,XREAL X4000_Android
109.771,39.427,25216,XREAL X4000_Android
109.806,27.304,25222,XREAL X4000_Android
109.846,40.517,25232,XREAL X4000_Android
109.876,38.068,25241,XREAL X4000_Android
109.909,30.400,25248,XREAL X4000_Android
109.945,32.981,25256,XREAL X4000_Android
109.975,35.306,25265,XREAL X4000_Android
110.011,31.062,25272,XREAL X4000_Android
110.048,36.603,25281,XREAL X4000_Android
110.077,34.803,25289,XREAL X4000_Android
110.120,31.963,25297,XREAL X4000_Android
110.153,40.223,25307,XREAL X4000_Android
110.178,31.603,25314,XREAL X4000_Android
110.198,28.129,25321,XREAL X4000_Android
110.217,17.263,25325,XREAL X4000_Android
110.253,22.583,25330,XREAL X4000_Android
110.282,33.493,25339,XREAL X4000_Android
110.320,28.423,25345,XREAL X4000_Android
110.353,38.216,25355,XREAL X4000_Android
110.382,31.706,25362,XREAL X4000_Android
110.420,30.066,25369,XREAL X4000_Android
110.453,39.286,25379,XREAL X4000_Android
110.480,30.956,25386,XREAL X4000_Android
110.517,29.895,25393,XREAL X4000_Android
110.553,36.334,25402,XREAL X4000_Android
110.581,33.462,25410,XREAL X4000_Android
110.618,29.168,25417,XREAL X4000_Android
110.651,38.795,25426,XREAL X4000_Android
110.680,32.742,25434,XREAL X4000_Android
110.723,28.734,25441,XREAL X4000_Android
110.752,40.185,25451,XREAL X4000_Android
110.781,30.832,25458,XREAL X4000_Android
110.823,29.750,25465,XREAL X4000_Android
110.858,42.319,25476,XREAL X4000_Android
110.886,31.806,25483,XREAL X4000_Android
110.925,30.517,25490,XREAL X4000_Android
110.958,40.435,25500,XREAL X4000_Android
110.985,30.902,25508,XREAL X4000_Android
111.025,28.573,25514,XREAL X4000_Android
111.057,39.089,25524,XREAL X4000_Android
111.088,31.732,25531,XREAL X4000_Android
111.125,29.891,25539,XREAL X4000_Android
111.158,38.754,25548,XREAL X4000_Android
111.189,32.099,25556,XREAL X4000_Android
111.229,31.936,25563,XREAL X4000_Android
111.260,38.844,25573,XREAL X4000_Android
111.273,30.298,25580,XREAL X4000_Android
111.293,14.045,25583,XREAL X4000_Android
111.313,20.502,25588,XREAL X4000_Android
111.336,24.358,25594,XREAL X4000_Android
111.356,17.699,25598,XREAL X4000_Android
111.371,21.184,25603,XREAL X4000_Android
111.407,14.276,25606,XREAL X4000_Android
111.429,41.762,25616,XREAL X4000_Android
111.446,17.020,25620,XREAL X4000_Android
111.476,17.483,25624,XREAL X4000_Android
111.512,29.429,25631,XREAL X4000_Android
111.549,37.779,25640,XREAL X4000_Android
111.580,35.919,25649,XREAL X4000_Android
111.611,30.478,25656,XREAL X4000_Android
111.646,33.122,25664,XREAL X4000_Android
111.677,32.349,25672,XREAL X4000_Android
111.696,32.996,25680,XREAL X4000_Android
111.714,15.360,25683,XREAL X4000_Android
111.736,22.740,25689,XREAL X4000_Android
111.750,16.775,25693,XREAL X4000_Android
111.765,16.414,25697,XREAL X4000_Android
111.780,12.387,25700,XREAL X4000_Android
111.800,18.168,25704,XREAL X4000_Android
111.818,18.522,25708,XREAL X4000_Android
111.838,21.023,25713,XREAL X4000_Android
111.872,17.504,25717,XREAL X4000_Android
111.905,31.481,25725,XREAL X4000_Android
111.943,36.488,25734,XREAL X4000_Android
111.976,37.930,25743,XREAL X4000_Android
112.014,33.367,25750,XREAL X4000_Android
112.048,36.576,25759,XREAL X4000_Android
112.080,34.303,25767,XREAL X4000_Android
112.116,31.774,25775,XREAL X4000_Android
112.150,36.709,25784,XREAL X4000_Android
112.166,32.529,25791,XREAL X4000_Android
112.185,14.804,25795,XREAL X4000_Android
112.204,21.682,25800,XREAL X4000_Android
112.226,19.115,25805,XREAL X4000_Android
112.244,21.891,25810,XREAL X4000_Android
112.263,19.650,25815,XREAL X4000_Android
112.279,16.098,25818,XREAL X4000_Android
112.297,17.306,25823,XREAL X4000_Android
112.313,16.655,25827,XREAL X4000_Android
112.349,21.093,25832,XREAL X4000_Android
112.366,31.649,25839,XREAL X4000_Android
112.380,15.387,25843,XREAL X4000_Android
112.400,17.941,25847,XREAL X4000_Android
112.436,15.492,25851,XREAL X4000_Android
112.470,37.835,25860,XREAL X4000_Android
112.507,33.935,25868,XREAL X4000_Android
112.547,42.008,25878,XREAL X4000_Android
112.578,36.965,25887,XREAL X4000_Android
112.615,27.276,25894,XREAL X4000_Android
112.652,40.617,25903,XREAL X4000_Android
112.678,33.929,25912,XREAL X4000_Android
112.718,30.353,25919,XREAL X4000_Android
112.751,39.628,25928,XREAL X4000_Android
112.766,30.288,25936,XREAL X4000_Android
112.782,14.177,25939,XREAL X4000_Android
112.805,18.462,25943,XREAL X4000_Android
112.830,24.298,25949,XREAL X4000_Android
112.844,21.295,25954,XREAL X4000_Android
112.862,16.138,25958,XREAL X4000_Android
112.877,16.056,25962,XREAL X4000_Android
112.899,17.412,25966,XREAL X4000_Android
112.922,20.463,25971,XREAL X4000_Android
112.957,23.339,25977,XREAL X4000_Android
112.993,35.623,25985,XREAL X4000_Android
113.032,34.574,25994,XREAL X4000_Android
113.066,39.520,26003,XREAL X4000_Android
113.100,32.003,26011,XREAL X4000_Android
113.138,35.804,26019,XREAL X4000_Android
113.169,37.932,26029,XREAL X4000_Android
113.205,30.826,26036,XREAL X4000_Android
113.244,38.349,26045,XREAL X4000_Android
113.275,37.285,26054,XREAL X4000_Android
113.313,30.753,26062,XREAL X4000_Android
113.348,40.831,26072,XREAL X4000_Android
113.379,31.737,26079,XREAL X4000_Android
113.415,30.700,26087,XREAL X4000_Android
113.433,37.781,26096,XREAL X4000_Android
113.449,14.263,26099,XREAL X4000_Android
113.466,20.405,26104,XREAL X4000_Android
113.484,14.061,26108,XREAL X4000_Android
113.502,19.953,26113,XREAL X4000_Android
113.523,18.831,26117,XREAL X4000_Android
113.538,18.336,26122,XREAL X4000_Android
113.570,17.362,26126,XREAL X4000_Android
113.602,27.476,26132,XREAL X4000_Android
113.640,34.977,26141,XREAL X4000_Android
113.672,36.923,26150,XREAL X4000_Android
113.708,32.003,26158,XREAL X4000_Android
113.747,39.063,26167,XREAL X4000_Android
113.775,37.855,26176,XREAL X4000_Android
113.813,27.806,26183,XREAL X4000_Android
113.848,42.034,26193,XREAL X4000_Android
113.875,31.867,26201,XREAL X4000_Android
113.914,26.337,26207,XREAL X4000_Android
113.949,40.183,26217,XREAL X4000_Android
113.977,32.061,26225,XREAL X4000_Android
114.011,27.960,26232,XREAL X4000_Android
114.048,40.353,26241,XREAL X4000_Android
114.079,33.645,26250,XREAL X4000_Android
114.115,30.106,26257,XREAL X4000_Android
114.134,37.521,26266,XREAL X4000_Android
114.151,14.554,26269,XREAL X4000_Android
114.167,18.870,26274,XREAL X4000_Android
114.203,15.054,26278,XREAL X4000_Android
114.240,39.119,26287,XREAL X4000_Android
114.273,34.269,26295,XREAL X4000_Android
114.306,33.357,26303,XREAL X4000_Android
114.344,36.988,26312,XREAL X4000_Android
114.374,34.441,26320,XREAL X4000_Android
114.414,29.720,26328,XREAL X4000_Android
114.452,44.541,26338,XREAL X4000_Android
114.484,34.486,26347,XREAL X4000_Android
114.526,31.007,26354,XREAL X4000_Android
114.558,40.302,26364,XREAL X4000_Android
114.588,32.521,26371,XREAL X4000_Android
114.623,30.722,26379,XREAL X4000_Android
114.654,34.520,26387,XREAL X4000_Android
114.682,31.045,26395,XREAL X4000_Android
114.722,30.955,26402,XREAL X4000_Android
114.754,38.062,26411,XREAL X4000_Android
114.783,31.776,26419,XREAL X4000_Android
114.825,30.728,26426,XREAL X4000_Android
114.862,40.092,26436,XREAL X4000_Android
114.893,34.998,26444,XREAL X4000_Android
114.930,32.762,26452,XREAL X4000_Android
114.963,36.834,26461,XREAL X4000_Android
114.993,32.287,26469,XREAL X4000_Android
115.032,30.415,26476,XREAL X4000_Android
115.063,38.276,26485,XREAL X4000_Android
115.097,33.816,26493,XREAL X4000_Android
115.142,41.541,26503,XREAL X4000_Android
115.173,37.360,26512,XREAL X4000_Android
115.209,28.704,26519,XREAL X4000_Android
115.247,38.132,26528,XREAL X4000_Android
115.278,38.045,26537,XREAL X4000_Android
115.317,28.751,26544,XREAL X4000_Android
115.352,41.772,26554,XREAL X4000_Android
115.382,33.423,26562,XREAL X4000_Android
115.417,29.578,26569,XREAL X4000_Android
115.451,35.803,26578,XREAL X4000_Android
115.483,33.107,26586,XREAL X4000_Android
115.520,31.509,26593,XREAL X4000_Android
115.553,38.947,26603,XREAL X4000_Android
115.585,33.685,26611,XREAL X4000_Android
115.627,31.476,26618,XREAL X4000_Android
115.660,40.294,26628,XREAL X4000_Android
115.690,31.574,26636,XREAL X4000_Android
115.730,32.003,26643,XREAL X4000_Android
115.761,38.390,26653,XREAL X4000_Android
115.791,30.561,26660,XREAL X4000_Android
115.830,30.710,26667,XREAL X4000_Android
115.862,39.531,26677,XREAL X4000_Android
115.895,31.920,26684,XREAL X4000_Android
115.936,33.849,26693,XREAL X4000_Android
115.964,37.522,26702,XREAL X4000_Android
115.998,28.928,26709,XREAL X4000_Android
116.038,36.235,26717,XREAL X4000_Android
116.075,39.741,26727,XREAL X4000_Android
116.122,38.337,26736,XREAL X4000_Android
116.159,47.680,26747,XREAL X4000_Android
116.188,33.578,26755,XREAL X4000_Android
116.230,31.463,26763,XREAL X4000_Android
116.263,39.902,26773,XREAL X4000_Android
116.299,32.655,26781,XREAL X4000_Android
116.337,36.652,26790,XREAL X4000_Android
116.369,38.563,26799,XREAL X4000_Android
116.399,29.496,26806,XREAL X4000_Android
116.437,32.083,26814,XREAL X4000_Android
116.467,36.565,26823,XREAL X4000_Android
116.499,29.668,26830,XREAL X4000_Android
116.538,33.466,26838,XREAL X4000_Android
116.570,39.852,26848,XREAL X4000_Android
116.604,29.580,26855,XREAL X4000_Android
116.641,39.247,26864,XREAL X4000_Android
116.672,35.479,26873,XREAL X4000_Android
116.705,28.661,26880,XREAL X4000_Android
116.742,40.409,26890,XREAL X4000_Android
116.773,31.938,26897,XREAL X4000_Android
116.809,30.107,26905,XREAL X4000_Android
116.843,38.104,26914,XREAL X4000_Android
116.873,32.158,26922,XREAL X4000_Android
116.908,29.827,26929,XREAL X4000_Android
116.958,43.704,26940,XREAL X4000_Android
117.001,42.185,26950,XREAL X4000_Android
117.047,41.691,26960,XREAL X4000_Android
117.080,46.600,26971,XREAL X4000_Android
117.131,33.987,26979,XREAL X4000_Android
117.172,53.807,26992,XREAL X4000_Android
117.208,36.030,27001,XREAL X4000_Android
117.244,40.058,27011,XREAL X4000_Android
117.273,34.088,27019,XREAL X4000_Android
117.306,25.841,27025,XREAL X4000_Android
117.344,38.942,27035,XREAL X4000_Android
117.377,33.961,27043,XREAL X4000_Android
117.417,33.282,27051,XREAL X4000_Android
117.457,41.443,27061,XREAL X4000_Android
117.485,37.309,27070,XREAL X4000_Android
117.520,28.092,27076,XREAL X4000_Android
117.536,36.698,27085,XREAL X4000_Android
117.553,13.288,27088,XREAL X4000_Android
117.568,18.581,27093,XREAL X4000_Android
117.581,13.183,27096,XREAL X4000_Android
117.601,15.491,27100,XREAL X4000_Android
117.622,18.764,27104,XREAL X4000_Android
117.638,22.116,27110,XREAL X4000_Android
117.654,14.401,27113,XREAL X4000_Android
117.668,16.913,27117,XREAL X4000_Android
117.700,12.039,27120,XREAL X4000_Android
117.720,34.109,27128,XREAL X4000_Android
117.736,21.861,27133,XREAL X4000_Android
117.751,12.390,27136,XREAL X4000_Android
117.766,16.923,27140,XREAL X4000_Android
117.778,12.246,27143,XREAL X4000_Android
117.813,15.574,27147,XREAL X4000_Android
117.857,39.636,27157,XREAL X4000_Android
117.890,38.153,27166,XREAL X4000_Android
117.936,32.741,27174,XREAL X4000_Android
117.977,48.767,27185,XREAL X4000_Android
118.018,41.568,27195,XREAL X4000_Android
118.059,42.859,27206,XREAL X4000_Android
118.085,34.320,27214,XREAL X4000_Android
118.124,27.120,27220,XREAL X4000_Android
118.157,38.468,27230,XREAL X4000_Android
118.184,32.859,27237,XREAL X4000_Android
118.220,28.114,27244,XREAL X4000_Android
118.255,36.462,27253,XREAL X4000_Android
118.285,33.759,27261,XREAL X4000_Android
118.326,32.088,27269,XREAL X4000_Android
118.362,40.648,27278,XREAL X4000_Android
118.394,34.755,27286,XREAL X4000_Android
118.429,31.961,27294,XREAL X4000_Android
118.463,36.546,27303,XREAL X4000_Android
118.491,31.451,27310,XREAL X4000_Android
118.530,28.169,27317,XREAL X4000_Android
118.560,39.307,27326,XREAL X4000_Android
118.589,29.536,27333,XREAL X4000_Android
118.625,29.583,27340,XREAL X4000_Android
118.661,39.310,27350,XREAL X4000_Android
118.694,34.333,27358,XREAL X4000_Android
118.736,32.986,27366,XREAL X4000_Android
118.768,41.402,27375,XREAL X4000_Android
118.797,30.282,27383,XREAL X4000_Android
118.834,30.459,27390,XREAL X4000_Android
118.863,35.390,27398,XREAL X4000_Android
118.890,29.121,27405,XREAL X4000_Android
118.925,27.438,27412,XREAL X4000_Android
118.955,34.940,27420,XREAL X4000_Android
118.979,30.351,27427,XREAL X4000_Android
119.012,26.086,27433,XREAL X4000_Android
119.047,35.541,27442,XREAL X4000_Android
119.076,32.058,27450,XREAL X4000_Android
119.112,28.635,27456,XREAL X4000_Android
119.148,40.854,27466,XREAL X4000_Android
119.177,31.701,27474,XREAL X4000_Android
119.192,28.139,27480,XREAL X4000_Android
119.206,13.797,27484,XREAL X4000_Android
119.226,17.007,27488,XREAL X4000_Android
119.240,17.989,27492,XREAL X4000_Android
119.256,13.186,27495,XREAL X4000_Android
119.283,15.763,27499,XREAL X4000_Android
119.323,29.453,27505,XREAL X4000_Android
119.357,39.572,27515,XREAL X4000_Android
119.387,33.347,27523,XREAL X4000_Android
119.401,28.938,27529,XREAL X4000_Android
119.421,14.605,27533,XREAL X4000_Android
119.437,20.084,27538,XREAL X4000_Android
119.455,16.516,27542,XREAL X4000_Android
119.469,17.533,27546,XREAL X4000_Android
119.481,11.958,27548,XREAL X4000_Android
119.497,16.231,27552,XREAL X4000_Android
119.513,13.386,27555,XREAL X4000_Android
119.529,17.381,27560,XREAL X4000_Android
119.556,14.312,27563,XREAL X4000_Android
119.570,27.337,27569,XREAL X4000_Android
119.585,12.249,27572,XREAL X4000_Android
119.601,18.260,27576,XREAL X4000_Android
119.624,16.970,27580,XREAL X4000_Android
119.638,21.458,27586,XREAL X4000_Android
119.655,15.013,27589,XREAL X4000_Android
119.672,17.119,27593,XREAL X4000_Android
119.690,17.272,27597,XREAL X4000_Android
119.707,17.772,27601,XREAL X4000_Android
119.745,21.145,27606,XREAL X4000_Android
119.764,36.669,27615,XREAL X4000_Android
119.778,15.296,27619,XREAL X4000_Android
119.797,13.921,27622,XREAL X4000_Android
119.815,19.505,27626,XREAL X4000_Android
119.832,19.411,27631,XREAL X4000_Android
119.849,14.781,27634,XREAL X4000_Android
119.867,18.241,27639,XREAL X4000_Android
119.887,16.159,27643,XREAL X4000_Android
119.903,21.063,27647,XREAL X4000_Android
119.943,16.394,27651,XREAL X4000_Android
119.960,38.980,27661,XREAL X4000_Android
119.971,15.485,27664,XREAL X4000_Android
120.010,14.263,27668,XREAL X4000_Android
120.048,42.440,27678,XREAL X4000_Android
120.079,33.572,27685,XREAL X4000_Android
120.123,32.222,27693,XREAL X4000_Android
120.139,41.788,27703,XREAL X4000_Android
120.158,17.425,27707,XREAL X4000_Android
120.172,18.780,27711,XREAL X4000_Android
120.193,13.834,27715,XREAL X4000_Android
120.212,21.809,27720,XREAL X4000_Android
120.249,23.036,27725,XREAL X4000_Android
120.281,33.125,27733,XREAL X4000_Android
120.315,31.712,27741,XREAL X4000_Android
120.351,36.113,27749,XREAL X4000_Android
120.381,32.388,27757,XREAL X4000_Android
120.417,32.655,27765,XREAL X4000_Android
120.453,37.251,27774,XREAL X4000_Android
120.483,32.665,27781,XREAL X4000_Android
120.521,29.183,27788,XREAL X4000_Android
120.553,38.858,27797,XREAL X4000_Android
120.584,32.610,27805,XREAL X4000_Android
120.624,32.121,27813,XREAL X4000_Android
120.657,38.201,27822,XREAL X4000_Android
120.686,30.890,27829,XREAL X4000_Android
120.723,30.806,27837,XREAL X4000_Android
120.755,36.590,27845,XREAL X4000_Android
120.784,31.795,27853,XREAL X4000_Android
120.826,31.276,27860,XREAL X4000_Android
120.858,40.531,27870,XREAL X4000_Android
120.888,30.119,27877,XREAL X4000_Android
120.926,32.019,27885,XREAL X4000_Android
120.957,38.398,27894,XREAL X4000_Android
120.984,30.275,27901,XREAL X4000_Android
121.021,27.954,27908,XREAL X4000_Android
121.056,36.817,27916,XREAL X4000_Android
121.083,33.306,27924,XREAL X4000_Android
121.121,31.441,27932,XREAL X4000_Android
121.153,38.557,27941,XREAL X4000_Android
121.181,27.755,27948,XREAL X4000_Android
121.217,29.315,27954,XREAL X4000_Android
121.253,38.674,27964,XREAL X4000_Android
121.282,32.220,27972,XREAL X4000_Android
121.317,28.610,27978,XREAL X4000_Android
121.353,38.921,27988,XREAL X4000_Android
121.382,32.057,27995,XREAL X4000_Android
121.415,29.562,28003,XREAL X4000_Android
121.450,35.535,28011,XREAL X4000_Android
121.477,32.676,28019,XREAL X4000_Android
121.511,27.047,28025,XREAL X4000_Android
121.547,36.847,28034,XREAL X4000_Android
121.579,33.499,28042,XREAL X4000_Android
121.615,33.373,28050,XREAL X4000_Android
121.652,36.373,28059,XREAL X4000_Android
121.680,36.220,28068,XREAL X4000_Android
121.716,26.315,28074,XREAL X4000_Android
121.754,39.185,28083,XREAL X4000_Android
121.785,34.431,28092,XREAL X4000_Android
121.826,33.588,28100,XREAL X4000_Android
121.859,38.027,28109,XREAL X4000_Android
121.889,33.152,28117,XREAL X4000_Android
121.927,30.689,28124,XREAL X4000_Android
121.958,36.910,28133,XREAL X4000_Android
121.991,31.454,28141,XREAL X4000_Android
122.032,34.389,28149,XREAL X4000_Android
122.064,39.387,28158,XREAL X4000_Android
122.096,30.453,28166,XREAL X4000_Android
122.135,33.001,28174,XREAL X4000_Android
122.162,37.594,28183,XREAL X4000_Android
122.195,30.061,28190,XREAL X4000_Android
122.233,32.667,28198,XREAL X4000_Android
122.264,36.273,28206,XREAL X4000_Android
122.299,31.151,28214,XREAL X4000_Android
122.340,35.729,28222,XREAL X4000_Android
122.372,42.309,28232,XREAL X4000_Android
122.406,31.688,28240,XREAL X4000_Android
122.445,34.993,28248,XREAL X4000_Android
122.476,38.732,28257,XREAL X4000_Android
122.517,31.120,28265,XREAL X4000_Android
122.552,40.181,28274,XREAL X4000_Android
122.583,36.093,28283,XREAL X4000_Android
122.618,29.319,28290,XREAL X4000_Android
122.657,38.677,28299,XREAL X4000_Android
122.686,34.067,28307,XREAL X4000_Android
122.726,32.128,28315,XREAL X4000_Android
122.760,39.555,28324,XREAL X4000_Android
122.786,30.832,28331,XREAL X4000_Android
122.830,30.965,28339,XREAL X4000_Android
122.864,41.316,28349,XREAL X4000_Android
122.895,32.893,28356,XREAL X4000_Android
122.933,29.843,28363,XREAL X4000_Android
122.967,38.747,28373,XREAL X4000_Android
122.997,31.979,28380,XREAL X4000_Android
123.033,32.948,28388,XREAL X4000_Android
123.064,34.111,28396,XREAL X4000_Android
123.095,31.148,28404,XREAL X4000_Android
123.133,31.896,28411,XREAL X4000_Android
123.164,37.667,28420,XREAL X4000_Android
123.196,31.791,28428,XREAL X4000_Android
123.233,32.113,28435,XREAL X4000_Android
123.267,37.213,28444,XREAL X4000_Android
123.298,31.755,28452,XREAL X4000_Android
123.337,33.279,28460,XREAL X4000_Android
123.369,38.388,28469,XREAL X4000_Android
123.403,31.575,28477,XREAL X4000_Android
123.441,39.277,28486,XREAL X4000_Android
123.476,35.468,28495,XREAL X4000_Android
123.513,34.771,28503,XREAL X4000_Android
123.552,39.112,28512,XREAL X4000_Android
123.582,37.469,28521,XREAL X4000_Android
123.619,27.474,28528,XREAL X4000_Android
123.654,40.269,28538,XREAL X4000_Android
123.687,33.085,28545,XREAL X4000_Android
123.730,35.865,28554,XREAL X4000_Android
123.764,39.634,28564,XREAL X4000_Android
123.794,32.588,28571,XREAL X4000_Android
123.835,31.905,28579,XREAL X4000_Android
123.864,37.616,28588,XREAL X4000_Android
123.901,31.638,28596,XREAL X4000_Android
123.942,38.701,28605,XREAL X4000_Android
123.973,40.588,28615,XREAL X4000_Android
123.992,32.540,28623,XREAL X4000_Android
124.006,15.575,28626,XREAL X4000_Android
124.026,15.806,28630,XREAL X4000_Android
124.044,20.845,28635,XREAL X4000_Android
124.077,18.145,28639,XREAL X4000_Android
124.122,33.325,28647,XREAL X4000_Android
124.157,43.947,28658,XREAL X4000_Android
124.186,34.266,28666,XREAL X4000_Android
124.226,29.734,28673,XREAL X4000_Android
124.260,39.418,28683,XREAL X4000_Android
124.294,33.048,28691,XREAL X4000_Android
124.334,33.840,28699,XREAL X4000_Android
124.367,38.784,28708,XREAL X4000_Android
124.401,33.243,28716,XREAL X4000_Android
124.438,35.367,28725,XREAL X4000_Android
124.471,38.382,28734,XREAL X4000_Android
124.507,31.966,28742,XREAL X4000_Android
124.546,39.335,28751,XREAL X4000_Android
124.572,34.727,28759,XREAL X4000_Android
124.608,28.910,28766,XREAL X4000_Android
124.645,39.944,28776,XREAL X4000_Android
124.674,31.018,28783,XREAL X4000_Android
124.708,29.705,28790,XREAL X4000_Android
124.750,33.914,28799,XREAL X4000_Android
124.776,40.654,28808,XREAL X4000_Android
124.816,28.484,28815,XREAL X4000_Android
124.853,40.727,28825,XREAL X4000_Android
124.884,35.101,28833,XREAL X4000_Android
124.925,31.877,28841,XREAL X4000_Android
124.962,41.818,28851,XREAL X4000_Android
124.996,33.008,28859,XREAL X4000_Android
125.037,35.134,28867,XREAL X4000_Android
125.070,42.164,28877,XREAL X4000_Android
125.105,32.576,28885,XREAL X4000_Android
125.126,36.424,28894,XREAL X4000_Android
125.145,20.473,28899,XREAL X4000_Android
125.162,19.798,28904,XREAL X4000_Android
125.181,16.086,28908,XREAL X4000_Android
125.200,18.559,28912,XREAL X4000_Android
125.241,19.160,28917,XREAL X4000_Android
125.275,42.214,28927,XREAL X4000_Android
125.291,30.807,28934,XREAL X4000_Android
125.306,16.976,28938,XREAL X4000_Android
125.330,20.671,28943,XREAL X4000_Android
125.363,18.899,28948,XREAL X4000_Android
125.394,31.829,28955,XREAL X4000_Android
125.435,32.886,28963,XREAL X4000_Android
125.469,38.766,28973,XREAL X4000_Android
125.501,31.999,28980,XREAL X4000_Android
125.542,36.941,28989,XREAL X4000_Android
125.574,39.741,28999,XREAL X4000_Android
125.609,32.213,29006,XREAL X4000_Android
125.645,36.641,29015,XREAL X4000_Android
125.677,35.795,29024,XREAL X4000_Android
125.713,31.444,29031,XREAL X4000_Android
125.752,38.106,29040,XREAL X4000_Android
125.785,36.155,29049,XREAL X4000_Android
125.826,32.047,29057,XREAL X4000_Android
