Timestamp,LatencyMs,Tick,Configuration
6.032,12.593,329,XREAL X4000_Android
6.530,221.548,382,XREAL X4000_Android
6.545,333.333,481,XREAL X4000_Android
6.558,16.755,485,XREAL X4000_Android
6.568,11.054,488,XREAL X4000_Android
6.582,12.273,491,XREAL X4000_Android
6.593,12.819,494,XREAL X4000_Android
6.624,29.843,501,XREAL X4000_Android
6.658,30.616,509,XREAL X4000_Android
6.678,22.345,514,XREAL X4000_Android
6.694,17.756,518,XREAL X4000_Android
6.710,13.372,521,XREAL X4000_Android
6.725,18.516,526,XREAL X4000_Android
6.738,12.084,529,XREAL X4000_Android
6.753,12.517,532,XREAL X4000_Android
6.765,13.693,535,XREAL X4000_Android
6.778,12.636,538,XREAL X4000_Android
6.795,15.190,542,XREAL X4000_Android
6.809,14.569,545,XREAL X4000_Android
6.824,15.521,549,XREAL X4000_Android
6.836,12.783,552,XREAL X4000_Android
6.850,14.923,556,XREAL X4000_Android
6.864,12.921,559,XREAL X4000_Android
6.876,11.089,561,XREAL X4000_Android
6.889,14.239,565,XREAL X4000_Android
6.902,12.920,568,XREAL X4000_Android
6.917,15.564,572,XREAL X4000_Android
6.931,13.965,575,XREAL X4000_Android
6.944,11.713,578,XREAL X4000_Android
6.958,15.619,582,XREAL X4000_Android
6.969,11.563,584,XREAL X4000_Android
6.982,12.593,587,XREAL X4000_Android
6.996,14.726,591,XREAL X4000_Android
7.011,12.347,594,XREAL X4000_Android
7.029,18.447,598,XREAL X4000_Android
7.038,11.781,601,XREAL X4000_Android
7.054,14.043,604,XREAL X4000_Android
7.065,12.854,608,XREAL X4000_Android
7.078,11.096,610,XREAL X4000_Android
7.094,16.864,614,XREAL X4000_Android
7.112,13.122,617,XREAL X4000_Android
7.128,19.164,622,XREAL X4000_Android
7.138,11.922,625,XREAL X4000_Android
7.153,13.869,628,XREAL X4000_Android
7.165,13.312,631,XREAL X4000_Android
7.177,10.701,634,XREAL X4000_Android
7.193,16.761,638,XREAL X4000_Android
7.211,13.948,641,XREAL X4000_Android
7.225,19.293,646,XREAL X4000_Android
7.237,10.337,648,XREAL X4000_Android
7.250,13.653,652,XREAL X4000_Android
7.264,12.287,655,XREAL X4000_Android
7.281,13.762,658,XREAL X4000_Android
7.294,17.286,662,XREAL X4000_Android
7.306,11.441,665,XREAL X4000_Android
7.322,15.242,669,XREAL X4000_Android
7.333,12.992,672,XREAL X4000_Android
7.348,13.290,675,XREAL X4000_Android
7.362,15.333,679,XREAL X4000_Android
7.382,13.510,682,XREAL X4000_Android
7.394,19.388,686,XREAL X4000_Android
7.406,10.285,689,XREAL X4000_Android
7.424,16.441,693,XREAL X4000_Android
7.435,13.524,696,XREAL X4000_Android
7.446,11.036,699,XREAL X4000_Android
7.459,12.580,702,XREAL X4000_Android
7.471,11.906,705,XREAL X4000_Android
7.488,18.409,709,XREAL X4000_Android
7.513,21.512,714,XREAL X4000_Android
7.531,16.044,718,XREAL X4000_Android
7.543,15.055,722,XREAL X4000_Android
7.557,15.163,725,XREAL X4000_Android
7.570,14.459,729,XREAL X4000_Android
7.581,10.120,731,XREAL X4000_Android
7.599,17.176,735,XREAL X4000_Android
7.623,22.409,741,XREAL X4000_Android
7.634,14.369,744,XREAL X4000_Android
7.650,10.850,747,XREAL X4000_Android
7.662,16.063,751,XREAL X4000_Android
7.675,12.283,754,XREAL X4000_Android
7.693,17.288,758,XREAL X4000_Android
7.704,13.105,761,XREAL X4000_Android
7.722,16.521,765,XREAL X4000_Android
7.732,10.794,767,XREAL X4000_Android
7.750,15.252,771,XREAL X4000_Android
7.765,16.290,775,XREAL X4000_Android
7.774,10.930,778,XREAL X4000_Android
7.791,15.336,781,XREAL X4000_Android
7.801,11.171,784,XREAL X4000_Android
7.830,29.517,791,XREAL X4000_Android
7.840,9.684,793,XREAL X4000_Android
7.872,27.966,800,XREAL X4000_Android
7.900,33.051,808,XREAL X4000_Android
7.912,10.293,810,XREAL X4000_Android
7.937,25.613,817,XREAL X4000_Android
7.957,18.730,821,XREAL X4000_Android
7.980,24.527,827,XREAL X4000_Android
8.020,39.976,837,XREAL X4000_Android
8.035,15.722,840,XREAL X4000_Android
8.055,16.956,844,XREAL X4000_Android
8.087,30.232,852,XREAL X4000_Android
8.116,27.917,858,XREAL X4000_Android
8.129,18.686,863,XREAL X4000_Android
8.148,18.266,867,XREAL X4000_Android
8.184,31.191,875,XREAL X4000_Android
8.199,17.863,879,XREAL X4000_Android
8.226,27.176,886,XREAL X4000_Android
8.253,28.878,892,XREAL X4000_Android
8.269,17.145,897,XREAL X4000_Android
8.288,18.372,901,XREAL X4000_Android
8.322,33.351,909,XREAL X4000_Android
8.333,11.347,912,XREAL X4000_Android
8.360,26.055,918,XREAL X4000_Android
8.396,33.864,926,XREAL X4000_Android
8.410,15.913,930,XREAL X4000_Android
8.431,20.989,935,XREAL X4000_Android
8.442,11.192,938,XREAL X4000_Android
8.469,24.496,944,XREAL X4000_Android
8.505,35.994,952,XREAL X4000_Android
8.528,23.774,958,XREAL X4000_Android
8.541,15.688,962,XREAL X4000_Android
8.557,14.118,965,XREAL X4000_Android
8.567,12.770,968,XREAL X4000_Android
8.577,8.077,970,XREAL X4000_Android
8.613,32.349,978,XREAL X4000_Android
8.631,21.768,983,XREAL X4000_Android
8.651,18.259,987,XREAL X4000_Android
8.679,27.767,994,XREAL X4000_Android
8.697,18.431,998,XREAL X4000_Android
8.725,29.554,1006,XREAL X4000_Android
8.736,11.739,1008,XREAL X4000_Android
8.762,23.992,1014,XREAL X4000_Android
8.774,13.689,1017,XREAL X4000_Android
8.803,27.200,1024,XREAL X4000_Android
8.831,29.426,1031,XREAL X4000_Android
8.843,11.254,1034,XREAL X4000_Android
8.868,26.637,1040,XREAL X4000_Android
8.906,34.992,1049,XREAL X4000_Android
8.929,23.404,1054,XREAL X4000_Android
8.943,14.892,1058,XREAL X4000_Android
8.965,23.264,1063,XREAL X4000_Android
9.000,34.312,1072,XREAL X4000_Android
9.024,17.751,1076,XREAL X4000_Android
9.036,19.932,1081,XREAL X4000_Android
9.066,28.362,1087,XREAL X4000_Android
9.101,32.127,1095,XREAL X4000_Android
9.130,31.678,1103,XREAL X4000_Android
9.143,13.620,1106,XREAL X4000_Android
9.162,19.070,1111,XREAL X4000_Android
9.197,33.613,1119,XREAL X4000_Android
9.229,30.870,1126,XREAL X4000_Android
9.239,12.788,1129,XREAL X4000_Android
9.260,21.147,1134,XREAL X4000_Android
9.297,33.958,1142,XREAL X4000_Android
9.325,28.780,1149,XREAL X4000_Android
9.340,15.357,1153,XREAL X4000_Android
9.359,19.946,1158,XREAL X4000_Android
9.396,34.284,1166,XREAL X4000_Android
9.424,23.178,1171,XREAL X4000_Android
9.438,22.140,1177,XREAL X4000_Android
9.455,19.075,1181,XREAL X4000_Android
9.493,34.144,1190,XREAL X4000_Android
9.519,22.206,1195,XREAL X4000_Android
9.535,21.119,1200,XREAL X4000_Android
9.554,18.203,1204,XREAL X4000_Android
9.585,31.508,1212,XREAL X4000_Android
9.600,13.753,1215,XREAL X4000_Android
9.627,27.564,1222,XREAL X4000_Android
9.652,23.584,1227,XREAL X4000_Android
9.663,14.188,1231,XREAL X4000_Android
9.701,34.490,1239,XREAL X4000_Android
9.726,27.323,1246,XREAL X4000_Android
9.747,20.851,1251,XREAL X4000_Android
9.759,13.027,1254,XREAL X4000_Android
9.799,38.449,1263,XREAL X4000_Android
9.826,27.586,1270,XREAL X4000_Android
9.851,22.045,1275,XREAL X4000_Android
9.862,15.935,1279,XREAL X4000_Android
9.890,22.931,1284,XREAL X4000_Android
9.919,27.788,1291,XREAL X4000_Android
9.937,23.406,1297,XREAL X4000_Android
9.953,17.454,1301,XREAL X4000_Android
9.997,38.727,1310,XREAL X4000_Android
10.024,22.692,1316,XREAL X4000_Android
10.042,25.321,1322,XREAL X4000_Android
10.052,12.716,1325,XREAL X4000_Android
10.085,26.844,1331,XREAL X4000_Android
10.113,26.052,1337,XREAL X4000_Android
10.133,26.130,1344,XREAL X4000_Android
10.147,14.809,1347,XREAL X4000_Android
10.181,29.028,1354,XREAL X4000_Android
10.213,32.193,1362,XREAL X4000_Android
10.230,20.280,1367,XREAL X4000_Android
10.247,15.713,1371,XREAL X4000_Android
10.272,27.394,1377,XREAL X4000_Android
10.300,27.613,1384,XREAL X4000_Android
10.330,31.533,1391,XREAL X4000_Android
10.343,11.442,1394,XREAL X4000_Android
10.369,25.911,1400,XREAL X4000_Android
10.408,31.529,1408,XREAL X4000_Android
10.436,34.479,1416,XREAL X4000_Android
10.459,22.572,1422,XREAL X4000_Android
10.487,26.569,1428,XREAL X4000_Android
10.500,15.188,1432,XREAL X4000_Android
10.527,27.888,1438,XREAL X4000_Android
10.553,25.825,1444,XREAL X4000_Android
10.587,29.197,1451,XREAL X4000_Android
10.599,16.974,1455,XREAL X4000_Android
10.626,26.003,1462,XREAL X4000_Android
10.650,22.857,1467,XREAL X4000_Android
10.662,14.957,1471,XREAL X4000_Android
10.695,30.708,1478,XREAL X4000_Android
10.725,27.753,1485,XREAL X4000_Android
10.746,23.946,1491,XREAL X4000_Android
10.776,26.879,1497,XREAL X4000_Android
10.792,19.358,1502,XREAL X4000_Android
10.822,25.439,1508,XREAL X4000_Android
10.851,27.725,1514,XREAL X4000_Android
10.868,23.683,1520,XREAL X4000_Android
10.896,28.487,1527,XREAL X4000_Android
10.915,16.862,1531,XREAL X4000_Android
10.948,28.275,1538,XREAL X4000_Android
10.965,24.111,1544,XREAL X4000_Android
10.997,30.059,1551,XREAL X4000_Android
11.033,35.073,1559,XREAL X4000_Android
11.066,31.481,1567,XREAL X4000_Android
11.083,17.696,1571,XREAL X4000_Android
11.108,24.940,1577,XREAL X4000_Android
11.131,26.268,1583,XREAL X4000_Android
11.149,15.418,1587,XREAL X4000_Android
11.178,31.795,1595,XREAL X4000_Android
11.205,25.134,1601,XREAL X4000_Android
11.229,26.393,1607,XREAL X4000_Android
11.271,40.326,1617,XREAL X4000_Android
11.306,32.055,1624,XREAL X4000_Android
11.325,23.320,1630,XREAL X4000_Android
11.340,14.167,1633,XREAL X4000_Android
11.367,27.988,1640,XREAL X4000_Android
11.387,16.988,1644,XREAL X4000_Android
11.413,27.730,1651,XREAL X4000_Android
11.434,23.289,1656,XREAL X4000_Android
11.464,29.418,1663,XREAL X4000_Android
11.508,34.550,1672,XREAL X4000_Android
11.524,24.088,1678,XREAL X4000_Android
11.555,31.533,1685,XREAL X4000_Android
11.592,21.227,1690,XREAL X4000_Android
11.614,30.896,1698,XREAL X4000_Android
11.633,24.991,1704,XREAL X4000_Android
11.670,35.865,1712,XREAL X4000_Android
11.704,31.006,1720,XREAL X4000_Android
11.725,18.811,1724,XREAL X4000_Android
11.756,23.525,1730,XREAL X4000_Android
11.783,36.067,1738,XREAL X4000_Android
11.808,23.905,1744,XREAL X4000_Android
11.836,34.110,1752,XREAL X4000_Android
11.862,17.179,1757,XREAL X4000_Android
11.893,33.448,1765,XREAL X4000_Android
11.905,18.465,1769,XREAL X4000_Android
11.938,26.741,1775,XREAL X4000_Android
11.969,24.323,1781,XREAL X4000_Android
11.990,31.846,1789,XREAL X4000_Android
12.007,13.742,1792,XREAL X4000_Android
12.030,25.303,1798,XREAL X4000_Android
12.039,13.392,1801,XREAL X4000_Android
12.055,12.567,1804,XREAL X4000_Android
12.070,17.205,1809,XREAL X4000_Android
12.095,23.224,1814,XREAL X4000_Android
12.113,13.583,1817,XREAL X4000_Android
12.149,37.647,1826,XREAL X4000_Android
12.164,18.323,1831,XREAL X4000_Android
12.193,15.986,1835,XREAL X4000_Android
12.210,27.926,1841,XREAL X4000_Android
12.223,15.179,1845,XREAL X4000_Android
12.233,11.383,1848,XREAL X4000_Android
12.244,9.377,1850,XREAL X4000_Android
12.261,17.397,1854,XREAL X4000_Android
12.300,37.226,1863,XREAL X4000_Android
12.315,16.660,1867,XREAL X4000_Android
12.329,15.823,1871,XREAL X4000_Android
12.338,9.667,1873,XREAL X4000_Android
12.385,34.296,1882,XREAL X4000_Android
12.411,31.802,1889,XREAL X4000_Android
12.426,20.611,1894,XREAL X4000_Android
12.436,10.063,1897,XREAL X4000_Android
12.449,11.771,1899,XREAL X4000_Android
12.462,14.573,1903,XREAL X4000_Android
12.474,12.830,1906,XREAL X4000_Android
12.501,24.667,1912,XREAL X4000_Android
12.527,21.765,1917,XREAL X4000_Android
12.537,15.507,1921,XREAL X4000_Android
12.554,15.716,1925,XREAL X4000_Android
12.568,13.370,1928,XREAL X4000_Android
12.600,29.044,1935,XREAL X4000_Android
12.613,15.575,1938,XREAL X4000_Android
12.628,16.072,1942,XREAL X4000_Android
12.639,10.921,1945,XREAL X4000_Android
12.657,17.320,1949,XREAL X4000_Android
12.672,16.522,1953,XREAL X4000_Android
12.693,18.576,1958,XREAL X4000_Android
12.706,15.178,1961,XREAL X4000_Android
12.720,13.844,1964,XREAL X4000_Android
12.731,11.767,1967,XREAL X4000_Android
12.743,11.103,1970,XREAL X4000_Android
12.765,16.068,1974,XREAL X4000_Android
12.786,22.839,1979,XREAL X4000_Android
12.809,24.407,1985,XREAL X4000_Android
12.825,18.194,1990,XREAL X4000_Android
12.839,15.004,1993,XREAL X4000_Android
12.861,15.756,1997,XREAL X4000_Android
12.875,17.213,2001,XREAL X4000_Android
12.892,17.386,2005,XREAL X4000_Android
12.914,22.485,2011,XREAL X4000_Android
12.944,27.838,2017,XREAL X4000_Android
12.957,16.716,2021,XREAL X4000_Android
12.985,26.263,2028,XREAL X4000_Android
13.012,25.414,2034,XREAL X4000_Android
13.027,17.012,2038,XREAL X4000_Android
13.064,35.556,2046,XREAL X4000_Android
13.078,13.299,2050,XREAL X4000_Android
13.101,23.108,2055,XREAL X4000_Android
13.138,40.628,2065,XREAL X4000_Android
13.162,19.469,2069,XREAL X4000_Android
13.201,41.613,2079,XREAL X4000_Android
13.220,17.700,2084,XREAL X4000_Android
13.237,20.729,2089,XREAL X4000_Android
13.264,18.697,2093,XREAL X4000_Android
13.277,18.829,2098,XREAL X4000_Android
13.298,19.541,2102,XREAL X4000_Android
13.315,19.145,2107,XREAL X4000_Android
13.330,17.196,2111,XREAL X4000_Android
13.339,9.099,2113,XREAL X4000_Android
13.350,11.157,2116,XREAL X4000_Android
13.364,12.210,2119,XREAL X4000_Android
13.379,15.631,2123,XREAL X4000_Android
13.399,18.941,2127,XREAL X4000_Android
13.410,11.307,2130,XREAL X4000_Android
13.434,23.124,2135,XREAL X4000_Android
13.453,16.907,2140,XREAL X4000_Android
13.467,17.199,2144,XREAL X4000_Android
13.494,18.194,2148,XREAL X4000_Android
13.512,22.777,2153,XREAL X4000_Android
13.529,19.237,2158,XREAL X4000_Android
13.547,13.403,2161,XREAL X4000_Android
13.576,32.039,2169,XREAL X4000_Android
13.592,18.151,2173,XREAL X4000_Android
13.605,13.576,2177,XREAL X4000_Android
13.629,19.912,2181,XREAL X4000_Android
13.650,20.104,2186,XREAL X4000_Android
13.668,23.243,2192,XREAL X4000_Android
13.684,15.007,2195,XREAL X4000_Android
13.698,17.324,2200,XREAL X4000_Android
13.709,8.979,2202,XREAL X4000_Android
13.728,14.420,2205,XREAL X4000_Android
13.738,15.263,2209,XREAL X4000_Android
13.757,20.283,2214,XREAL X4000_Android
13.771,11.512,2216,XREAL X4000_Android
13.788,16.744,2220,XREAL X4000_Android
13.803,17.016,2225,XREAL X4000_Android
13.822,14.250,2228,XREAL X4000_Android
13.839,18.473,2232,XREAL X4000_Android
13.861,18.872,2237,XREAL X4000_Android
13.892,29.421,2244,XREAL X4000_Android
13.904,19.279,2249,XREAL X4000_Android
13.918,12.815,2252,XREAL X4000_Android
13.938,16.672,2256,XREAL X4000_Android
13.966,30.903,2263,XREAL X4000_Android
13.980,13.832,2266,XREAL X4000_Android
13.991,13.188,2270,XREAL X4000_Android
14.002,11.331,2272,XREAL X4000_Android
14.017,13.575,2276,XREAL X4000_Android
14.031,13.174,2279,XREAL X4000_Android
14.044,13.021,2282,XREAL X4000_Android
14.061,15.939,2286,XREAL X4000_Android
14.071,13.215,2289,XREAL X4000_Android
14.087,13.887,2292,XREAL X4000_Android
14.098,13.860,2296,XREAL X4000_Android
14.107,8.926,2298,XREAL X4000_Android
14.123,13.767,2301,XREAL X4000_Android
14.135,14.056,2304,XREAL X4000_Android
14.151,13.213,2308,XREAL X4000_Android
14.166,16.094,2311,XREAL X4000_Android
14.176,9.391,2314,XREAL X4000_Android
14.192,16.959,2318,XREAL X4000_Android
14.203,11.632,2321,XREAL X4000_Android
14.222,18.151,2325,XREAL X4000_Android
14.236,12.831,2328,XREAL X4000_Android
14.255,20.787,2333,XREAL X4000_Android
14.274,18.867,2337,XREAL X4000_Android
14.290,15.967,2341,XREAL X4000_Android
14.302,12.844,2344,XREAL X4000_Android
14.317,11.468,2347,XREAL X4000_Android
14.332,13.928,2350,XREAL X4000_Android
14.363,31.896,2358,XREAL X4000_Android
14.373,13.847,2361,XREAL X4000_Android
14.386,11.086,2364,XREAL X4000_Android
14.399,13.278,2367,XREAL X4000_Android
14.409,11.148,2370,XREAL X4000_Android
14.448,33.656,2378,XREAL X4000_Android
14.467,22.050,2383,XREAL X4000_Android
14.476,12.208,2386,XREAL X4000_Android
14.489,12.310,2389,XREAL X4000_Android
14.501,12.254,2392,XREAL X4000_Android
14.531,25.560,2398,XREAL X4000_Android
14.545,16.429,2402,XREAL X4000_Android
14.565,17.943,2407,XREAL X4000_Android
14.574,12.570,2410,XREAL X4000_Android
14.590,13.705,2413,XREAL X4000_Android
14.609,17.607,2417,XREAL X4000_Android
14.625,18.146,2421,XREAL X4000_Android
14.637,13.942,2425,XREAL X4000_Android
14.656,16.565,2429,XREAL X4000_Android
14.674,19.947,2434,XREAL X4000_Android
14.692,17.316,2438,XREAL X4000_Android
14.703,12.682,2441,XREAL X4000_Android
14.722,16.149,2445,XREAL X4000_Android
14.735,14.289,2448,XREAL X4000_Android
14.762,26.167,2454,XREAL X4000_Android
14.773,12.974,2457,XREAL X4000_Android
14.790,15.969,2461,XREAL X4000_Android
14.802,11.984,2464,XREAL X4000_Android
14.818,14.247,2468,XREAL X4000_Android
14.834,14.376,2471,XREAL X4000_Android
14.863,30.555,2478,XREAL X4000_Android
14.872,11.218,2481,XREAL X4000_Android
14.886,14.972,2485,XREAL X4000_Android
14.898,10.145,2487,XREAL X4000_Android
14.912,13.548,2490,XREAL X4000_Android
14.927,16.008,2494,XREAL X4000_Android
14.959,31.034,2502,XREAL X4000_Android
14.968,11.680,2504,XREAL X4000_Android
14.983,11.969,2507,XREAL X4000_Android
14.996,15.129,2511,XREAL X4000_Android
15.006,10.035,2513,XREAL X4000_Android
15.026,19.358,2518,XREAL X4000_Android
15.055,28.211,2525,XREAL X4000_Android
15.066,12.967,2528,XREAL X4000_Android
15.078,10.848,2530,XREAL X4000_Android
15.094,16.330,2534,XREAL X4000_Android
15.104,9.331,2537,XREAL X4000_Android
15.141,35.834,2545,XREAL X4000_Android
15.164,21.030,2550,XREAL X4000_Android
15.180,17.868,2555,XREAL X4000_Android
15.194,15.414,2558,XREAL X4000_Android
15.201,8.544,2560,XREAL X4000_Android
15.221,15.557,2564,XREAL X4000_Android
15.232,15.045,2568,XREAL X4000_Android
15.251,14.121,2571,XREAL X4000_Android
15.263,16.377,2575,XREAL X4000_Android
15.271,7.756,2577,XREAL X4000_Android
15.290,17.134,2581,XREAL X4000_Android
15.300,11.745,2584,XREAL X4000_Android
15.315,14.307,2587,XREAL X4000_Android
15.344,28.481,2594,XREAL X4000_Android
15.362,18.206,2598,XREAL X4000_Android
15.372,10.856,2601,XREAL X4000_Android
15.387,14.577,2605,XREAL X4000_Android
15.397,10.554,2607,XREAL X4000_Android
15.413,14.007,2610,XREAL X4000_Android
15.444,30.870,2618,XREAL X4000_Android
15.461,18.331,2622,XREAL X4000_Android
15.470,10.052,2625,XREAL X4000_Android
15.482,11.415,2627,XREAL X4000_Android
15.495,13.952,2631,XREAL X4000_Android
15.507,10.437,2633,XREAL X4000_Android
15.527,19.342,2638,XREAL X4000_Android
15.556,28.199,2645,XREAL X4000_Android
15.568,15.668,2648,XREAL X4000_Android
15.582,10.652,2651,XREAL X4000_Android
15.595,14.938,2655,XREAL X4000_Android
15.606,10.108,2657,XREAL X4000_Android
15.623,17.397,2661,XREAL X4000_Android
15.652,27.472,2668,XREAL X4000_Android
15.665,14.281,2671,XREAL X4000_Android
15.676,10.742,2674,XREAL X4000_Android
15.693,16.634,2678,XREAL X4000_Android
15.703,11.907,2681,XREAL X4000_Android
15.720,15.517,2684,XREAL X4000_Android
15.746,27.172,2691,XREAL X4000_Android
15.763,15.963,2695,XREAL X4000_Android
15.775,12.830,2698,XREAL X4000_Android
15.790,15.065,2701,XREAL X4000_Android
15.802,10.884,2704,XREAL X4000_Android
15.816,13.627,2707,XREAL X4000_Android
15.849,28.866,2714,XREAL X4000_Android
15.864,19.721,2719,XREAL X4000_Android
15.874,11.046,2722,XREAL X4000_Android
15.888,13.801,2725,XREAL X4000_Android
15.899,11.916,2728,XREAL X4000_Android
15.911,10.336,2730,XREAL X4000_Android
15.930,18.281,2735,XREAL X4000_Android
15.960,28.754,2741,XREAL X4000_Android
15.969,12.407,2744,XREAL X4000_Android
15.984,11.785,2747,XREAL X4000_Android
15.996,14.976,2751,XREAL X4000_Android
16.007,10.108,2753,XREAL X4000_Android
16.025,17.448,2758,XREAL X4000_Android
16.054,28.681,2764,XREAL X4000_Android
16.066,13.759,2768,XREAL X4000_Android
16.079,11.849,2771,XREAL X4000_Android
16.094,15.260,2774,XREAL X4000_Android
16.103,10.547,2777,XREAL X4000_Android
16.123,17.490,2781,XREAL X4000_Android
16.151,29.201,2788,XREAL X4000_Android
16.164,11.503,2791,XREAL X4000_Android
16.174,10.862,2793,XREAL X4000_Android
16.216,36.106,2802,XREAL X4000_Android
16.232,21.303,2807,XREAL X4000_Android
16.247,16.079,2811,XREAL X4000_Android
16.262,16.962,2815,XREAL X4000_Android
16.292,27.582,2822,XREAL X4000_Android
16.305,12.534,2825,XREAL X4000_Android
16.331,27.334,2831,XREAL X4000_Android
16.363,30.702,2839,XREAL X4000_Android
16.391,26.716,2845,XREAL X4000_Android
16.402,12.971,2848,XREAL X4000_Android
16.433,29.045,2855,XREAL X4000_Android
16.460,27.902,2862,XREAL X4000_Android
16.468,10.699,2864,XREAL X4000_Android
16.499,27.902,2871,XREAL X4000_Android
16.517,16.629,2875,XREAL X4000_Android
16.540,25.198,2881,XREAL X4000_Android
16.564,25.690,2887,XREAL X4000_Android
16.598,33.366,2895,XREAL X4000_Android
16.613,11.630,2898,XREAL X4000_Android
16.637,25.097,2903,XREAL X4000_Android
16.665,30.579,2911,XREAL X4000_Android
16.675,10.110,2913,XREAL X4000_Android
16.709,31.680,2921,XREAL X4000_Android
16.740,28.899,2928,XREAL X4000_Android
16.763,25.062,2933,XREAL X4000_Android
16.776,14.161,2937,XREAL X4000_Android
16.800,23.972,2943,XREAL X4000_Android
16.841,35.682,2951,XREAL X4000_Android
16.864,28.025,2958,XREAL X4000_Android
16.876,11.628,2960,XREAL X4000_Android
16.898,23.712,2966,XREAL X4000_Android
16.934,34.066,2974,XREAL X4000_Android
16.963,29.076,2981,XREAL X4000_Android
16.982,19.221,2986,XREAL X4000_Android
16.996,15.561,2989,XREAL X4000_Android
17.031,33.189,2997,XREAL X4000_Android
17.060,29.792,3004,XREAL X4000_Android
17.077,17.395,3008,XREAL X4000_Android
17.112,31.756,3016,XREAL X4000_Android
17.143,29.930,3023,XREAL X4000_Android
17.165,26.469,3029,XREAL X4000_Android
17.196,29.299,3036,XREAL X4000_Android
17.229,31.970,3044,XREAL X4000_Android
17.244,15.370,3048,XREAL X4000_Android
17.264,21.166,3053,XREAL X4000_Android
17.293,26.539,3059,XREAL X4000_Android
17.303,15.264,3063,XREAL X4000_Android
17.334,29.301,3070,XREAL X4000_Android
17.351,15.744,3073,XREAL X4000_Android
17.368,18.408,3078,XREAL X4000_Android
17.404,33.965,3086,XREAL X4000_Android
17.425,19.147,3090,XREAL X4000_Android
17.445,20.472,3095,XREAL X4000_Android
17.466,24.246,3101,XREAL X4000_Android
17.502,34.563,3109,XREAL X4000_Android
17.517,13.517,3112,XREAL X4000_Android
17.542,24.130,3118,XREAL X4000_Android
17.566,26.229,3124,XREAL X4000_Android
17.601,34.665,3133,XREAL X4000_Android
17.631,29.242,3139,XREAL X4000_Android
17.654,20.307,3144,XREAL X4000_Android
17.666,19.109,3149,XREAL X4000_Android
17.697,27.792,3155,XREAL X4000_Android
17.723,25.673,3162,XREAL X4000_Android
17.740,15.292,3165,XREAL X4000_Android
17.761,25.628,3171,XREAL X4000_Android
17.798,32.628,3179,XREAL X4000_Android
17.815,17.629,3183,XREAL X4000_Android
17.830,17.706,3187,XREAL X4000_Android
17.841,12.191,3190,XREAL X4000_Android
17.855,13.304,3193,XREAL X4000_Android
17.868,14.071,3197,XREAL X4000_Android
17.890,16.775,3201,XREAL X4000_Android
17.900,14.630,3204,XREAL X4000_Android
17.913,11.584,3207,XREAL X4000_Android
17.926,14.266,3210,XREAL X4000_Android
17.939,12.516,3213,XREAL X4000_Android
17.966,27.642,3220,XREAL X4000_Android
17.985,16.792,3224,XREAL X4000_Android
17.996,14.135,3227,XREAL X4000_Android
18.010,11.087,3230,XREAL X4000_Android
18.026,17.412,3234,XREAL X4000_Android
18.038,10.491,3237,XREAL X4000_Android
18.054,16.211,3240,XREAL X4000_Android
18.083,27.446,3247,XREAL X4000_Android
18.096,16.062,3251,XREAL X4000_Android
18.107,9.799,3253,XREAL X4000_Android
18.121,15.735,3257,XREAL X4000_Android
18.134,12.081,3260,XREAL X4000_Android
18.151,16.119,3264,XREAL X4000_Android
18.177,26.020,3270,XREAL X4000_Android
18.193,17.654,3274,XREAL X4000_Android
18.202,9.400,3276,XREAL X4000_Android
18.221,16.361,3280,XREAL X4000_Android
18.233,13.437,3283,XREAL X4000_Android
18.247,12.779,3286,XREAL X4000_Android
18.261,15.573,3290,XREAL X4000_Android
18.292,29.758,3297,XREAL X4000_Android
18.306,13.528,3300,XREAL X4000_Android
18.322,16.251,3304,XREAL X4000_Android
18.335,12.949,3307,XREAL X4000_Android
18.350,15.514,3311,XREAL X4000_Android
18.364,15.497,3315,XREAL X4000_Android
18.386,20.775,3320,XREAL X4000_Android
18.398,13.295,3323,XREAL X4000_Android
18.412,13.301,3326,XREAL X4000_Android
18.428,16.130,3330,XREAL X4000_Android
18.442,11.840,3332,XREAL X4000_Android
18.460,18.193,3337,XREAL X4000_Android
18.486,25.875,3343,XREAL X4000_Android
18.498,14.117,3346,XREAL X4000_Android
18.512,12.716,3349,XREAL X4000_Android
18.524,15.017,3353,XREAL X4000_Android
18.536,10.215,3355,XREAL X4000_Android
18.555,17.030,3359,XREAL X4000_Android
18.582,25.420,3365,XREAL X4000_Android
18.595,17.428,3370,XREAL X4000_Android
18.605,9.646,3372,XREAL X4000_Android
18.625,16.937,3376,XREAL X4000_Android
18.637,14.197,3379,XREAL X4000_Android
18.653,14.003,3383,XREAL X4000_Android
18.664,13.990,3386,XREAL X4000_Android
18.695,29.150,3393,XREAL X4000_Android
18.704,11.465,3396,XREAL X4000_Android
18.724,16.318,3399,XREAL X4000_Android
18.738,14.253,3403,XREAL X4000_Android
18.758,18.099,3407,XREAL X4000_Android
18.772,18.193,3411,XREAL X4000_Android
18.790,16.631,3415,XREAL X4000_Android
18.799,10.507,3418,XREAL X4000_Android
18.816,16.620,3422,XREAL X4000_Android
18.831,13.266,3425,XREAL X4000_Android
18.854,19.894,3430,XREAL X4000_Android
18.875,25.049,3436,XREAL X4000_Android
18.888,14.166,3439,XREAL X4000_Android
18.898,10.829,3442,XREAL X4000_Android
18.936,34.479,3450,XREAL X4000_Android
18.962,24.488,3456,XREAL X4000_Android
18.974,14.783,3459,XREAL X4000_Android
18.996,14.599,3463,XREAL X4000_Android
19.015,22.032,3468,XREAL X4000_Android
19.031,21.154,3473,XREAL X4000_Android
19.046,14.072,3476,XREAL X4000_Android
19.061,16.124,3480,XREAL X4000_Android
19.073,11.754,3483,XREAL X4000_Android
19.094,21.244,3488,XREAL X4000_Android
19.107,12.689,3491,XREAL X4000_Android
19.124,16.784,3495,XREAL X4000_Android
19.135,12.830,3498,XREAL X4000_Android
19.153,14.727,3501,XREAL X4000_Android
19.178,23.999,3507,XREAL X4000_Android
19.194,17.136,3511,XREAL X4000_Android
19.205,12.483,3514,XREAL X4000_Android
19.219,13.868,3517,XREAL X4000_Android
19.252,31.235,3525,XREAL X4000_Android
19.264,15.125,3528,XREAL X4000_Android
19.275,9.473,3531,XREAL X4000_Android
19.303,27.441,3537,XREAL X4000_Android
19.318,13.708,3540,XREAL X4000_Android
19.354,32.286,3548,XREAL X4000_Android
19.367,17.982,3552,XREAL X4000_Android
19.390,21.655,3558,XREAL X4000_Android
19.419,26.500,3564,XREAL X4000_Android
19.435,19.413,3568,XREAL X4000_Android
19.460,26.646,3575,XREAL X4000_Android
19.489,26.177,3581,XREAL X4000_Android
19.499,14.190,3584,XREAL X4000_Android
19.529,24.841,3590,XREAL X4000_Android
19.555,28.666,3597,XREAL X4000_Android
19.582,26.486,3603,XREAL X4000_Android
19.596,14.688,3607,XREAL X4000_Android
19.625,27.209,3613,XREAL X4000_Android
19.659,34.812,3622,XREAL X4000_Android
19.669,13.310,3625,XREAL X4000_Android
19.693,21.680,3630,XREAL X4000_Android
19.727,30.715,3637,XREAL X4000_Android
19.741,15.932,3641,XREAL X4000_Android
19.761,21.289,3646,XREAL X4000_Android
19.798,33.564,3654,XREAL X4000_Android
19.816,20.025,3659,XREAL X4000_Android
19.833,16.957,3663,XREAL X4000_Android
19.861,28.903,3670,XREAL X4000_Android
19.872,12.350,3673,XREAL X4000_Android
19.904,30.634,3680,XREAL X4000_Android
19.919,14.956,3684,XREAL X4000_Android
19.940,22.850,3689,XREAL X4000_Android
19.968,26.977,3695,XREAL X4000_Android
19.984,15.277,3699,XREAL X4000_Android
20.014,28.370,3706,XREAL X4000_Android
20.040,27.466,3712,XREAL X4000_Android
20.059,17.966,3717,XREAL X4000_Android
20.080,20.658,3721,XREAL X4000_Android
20.111,31.062,3729,XREAL X4000_Android
20.130,19.770,3734,XREAL X4000_Android
20.154,25.243,3740,XREAL X4000_Android
20.176,20.933,3744,XREAL X4000_Android
20.191,18.038,3749,XREAL X4000_Android
20.230,33.759,3757,XREAL X4000_Android
20.254,20.980,3762,XREAL X4000_Android
20.266,20.087,3767,XREAL X4000_Android
20.290,21.991,3772,XREAL X4000_Android
20.300,11.969,3775,XREAL X4000_Android
20.333,31.273,3782,XREAL X4000_Android
20.359,28.274,3789,XREAL X4000_Android
20.368,7.073,3790,XREAL X4000_Android
20.403,34.910,3799,XREAL X4000_Android
20.423,18.508,3803,XREAL X4000_Android
20.443,18.715,3808,XREAL X4000_Android
20.463,22.949,3813,XREAL X4000_Android
20.486,21.380,3818,XREAL X4000_Android
20.515,27.570,3825,XREAL X4000_Android
20.531,19.005,3829,XREAL X4000_Android
20.555,24.907,3835,XREAL X4000_Android
20.566,10.138,3838,XREAL X4000_Android
20.600,32.165,3846,XREAL X4000_Android
20.627,27.546,3852,XREAL X4000_Android
20.642,13.716,3856,XREAL X4000_Android
20.663,23.787,3861,XREAL X4000_Android
20.672,10.952,3864,XREAL X4000_Android
20.715,35.455,3872,XREAL X4000_Android
20.738,27.439,3879,XREAL X4000_Android
20.755,17.668,3883,XREAL X4000_Android
20.769,15.526,3887,XREAL X4000_Android
20.806,34.209,3895,XREAL X4000_Android
20.825,21.561,3900,XREAL X4000_Android
20.850,20.835,3905,XREAL X4000_Android
20.870,22.414,3911,XREAL X4000_Android
20.886,15.880,3915,XREAL X4000_Android
20.921,29.289,3922,XREAL X4000_Android
20.948,27.543,3928,XREAL X4000_Android
20.961,20.206,3933,XREAL X4000_Android
20.985,20.853,3938,XREAL X4000_Android
21.019,30.094,3945,XREAL X4000_Android
21.036,21.445,3950,XREAL X4000_Android
21.055,18.984,3955,XREAL X4000_Android
21.086,28.397,3962,XREAL X4000_Android
21.107,23.500,3967,XREAL X4000_Android
21.124,18.865,3972,XREAL X4000_Android
21.154,27.210,3978,XREAL X4000_Android
21.183,26.925,3985,XREAL X4000_Android
21.198,18.267,3989,XREAL X4000_Android
21.225,26.005,3996,XREAL X4000_Android
21.249,24.251,4001,XREAL X4000_Android
21.260,14.085,4005,XREAL X4000_Android
21.296,33.607,4013,XREAL X4000_Android
21.323,27.661,4019,XREAL X4000_Android
21.348,24.116,4025,XREAL X4000_Android
21.361,16.207,4029,XREAL X4000_Android
21.394,27.717,4036,XREAL X4000_Android
21.416,24.602,4042,XREAL X4000_Android
21.428,14.581,4045,XREAL X4000_Android
21.455,26.280,4051,XREAL X4000_Android
21.493,33.301,4059,XREAL X4000_Android
21.504,15.899,4063,XREAL X4000_Android
21.528,20.730,4068,XREAL X4000_Android
21.558,31.939,4076,XREAL X4000_Android
21.568,11.746,4079,XREAL X4000_Android
21.602,28.327,4086,XREAL X4000_Android
21.628,28.398,4092,XREAL X4000_Android
21.645,15.038,4096,XREAL X4000_Android
21.663,23.363,4102,XREAL X4000_Android
21.702,33.356,4110,XREAL X4000_Android
21.720,21.714,4115,XREAL X4000_Android
21.735,14.607,4118,XREAL X4000_Android
21.751,16.165,4122,XREAL X4000_Android
21.764,13.011,4125,XREAL X4000_Android
21.800,33.778,4133,XREAL X4000_Android
21.818,18.314,4138,XREAL X4000_Android
21.834,17.206,4142,XREAL X4000_Android
21.848,15.792,4146,XREAL X4000_Android
21.865,15.758,4149,XREAL X4000_Android
21.890,24.708,4155,XREAL X4000_Android
21.902,13.527,4159,XREAL X4000_Android
21.918,12.172,4162,XREAL X4000_Android
21.947,28.908,4169,XREAL X4000_Android
21.962,18.304,4173,XREAL X4000_Android
21.985,22.895,4178,XREAL X4000_Android
21.996,12.384,4181,XREAL X4000_Android
22.012,11.383,4184,XREAL X4000_Android
22.043,32.009,4192,XREAL X4000_Android
22.059,17.872,4196,XREAL X4000_Android
22.082,21.982,4201,XREAL X4000_Android
22.095,14.122,4205,XREAL X4000_Android
22.131,32.662,4213,XREAL X4000_Android
22.158,23.438,4218,XREAL X4000_Android
22.170,20.125,4223,XREAL X4000_Android
22.186,13.179,4226,XREAL X4000_Android
22.205,20.908,4231,XREAL X4000_Android
22.219,14.524,4235,XREAL X4000_Android
22.247,27.375,4241,XREAL X4000_Android
22.261,14.623,4245,XREAL X4000_Android
22.295,32.309,4253,XREAL X4000_Android
22.312,16.107,4256,XREAL X4000_Android
22.334,22.715,4262,XREAL X4000_Android
22.355,16.530,4266,XREAL X4000_Android
22.368,19.937,4271,XREAL X4000_Android
22.388,17.259,4275,XREAL X4000_Android
22.419,32.317,4283,XREAL X4000_Android
22.435,15.430,4286,XREAL X4000_Android
22.460,26.332,4293,XREAL X4000_Android
22.471,11.072,4295,XREAL X4000_Android
22.497,25.527,4301,XREAL X4000_Android
22.509,10.895,4304,XREAL X4000_Android
22.541,32.540,4312,XREAL X4000_Android
22.566,25.124,4318,XREAL X4000_Android
22.578,12.496,4321,XREAL X4000_Android
22.612,32.027,4328,XREAL X4000_Android
22.630,18.676,4333,XREAL X4000_Android
22.654,21.190,4338,XREAL X4000_Android
22.680,27.381,4345,XREAL X4000_Android
22.695,19.209,4349,XREAL X4000_Android
22.723,23.537,4355,XREAL X4000_Android
22.737,15.888,4359,XREAL X4000_Android
22.761,25.831,4365,XREAL X4000_Android
22.771,9.837,4367,XREAL X4000_Android
22.805,31.826,4375,XREAL X4000_Android
22.824,20.205,4380,XREAL X4000_Android
22.853,23.845,4385,XREAL X4000_Android
22.870,22.466,4391,XREAL X4000_Android
22.887,16.811,4395,XREAL X4000_Android
22.921,28.571,4402,XREAL X4000_Android
22.933,18.902,4406,XREAL X4000_Android
22.961,25.740,4412,XREAL X4000_Android
22.990,26.693,4419,XREAL X4000_Android
23.002,14.592,4422,XREAL X4000_Android
23.029,26.780,4429,XREAL X4000_Android
23.056,27.184,4435,XREAL X4000_Android
23.066,11.587,4438,XREAL X4000_Android
23.097,29.108,4445,XREAL X4000_Android
23.131,33.107,4453,XREAL X4000_Android
23.153,18.531,4457,XREAL X4000_Android
23.166,19.102,4462,XREAL X4000_Android
23.195,27.928,4469,XREAL X4000_Android
23.209,13.667,4472,XREAL X4000_Android
23.234,24.459,4478,XREAL X4000_Android
23.250,15.020,4482,XREAL X4000_Android
23.273,24.083,4487,XREAL X4000_Android
23.301,28.942,4494,XREAL X4000_Android
23.322,17.825,4499,XREAL X4000_Android
23.351,29.247,4506,XREAL X4000_Android
23.361,15.103,4509,XREAL X4000_Android
23.392,26.662,4516,XREAL X4000_Android
23.418,24.366,4521,XREAL X4000_Android
23.434,18.842,4526,XREAL X4000_Android
23.460,26.127,4532,XREAL X4000_Android
23.489,26.945,4539,XREAL X4000_Android
23.501,14.536,4542,XREAL X4000_Android
23.531,28.268,4549,XREAL X4000_Android
23.552,18.178,4553,XREAL X4000_Android
23.565,18.890,4558,XREAL X4000_Android
23.599,32.310,4566,XREAL X4000_Android
23.617,15.888,4569,XREAL X4000_Android
23.633,19.717,4574,XREAL X4000_Android
23.662,30.136,4581,XREAL X4000_Android
23.676,10.619,4584,XREAL X4000_Android
23.714,32.692,4592,XREAL X4000_Android
23.733,25.206,4598,XREAL X4000_Android
23.752,17.112,4602,XREAL X4000_Android
23.763,14.344,4605,XREAL X4000_Android
23.794,29.046,4612,XREAL X4000_Android
23.806,13.487,4616,XREAL X4000_Android
23.830,23.330,4621,XREAL X4000_Android
23.862,32.313,4629,XREAL X4000_Android
23.872,10.865,4632,XREAL X4000_Android
23.897,24.625,4637,XREAL X4000_Android
23.910,13.091,4641,XREAL X4000_Android
23.952,29.631,4648,XREAL X4000_Android
23.972,30.936,4655,XREAL X4000_Android
23.990,18.593,4660,XREAL X4000_Android
24.006,17.674,4664,XREAL X4000_Android
24.045,33.606,4672,XREAL X4000_Android
24.070,29.126,4679,XREAL X4000_Android
24.091,17.810,4683,XREAL X4000_Android
24.103,16.541,4687,XREAL X4000_Android
24.123,19.358,4692,XREAL X4000_Android
24.151,25.934,4698,XREAL X4000_Android
24.177,24.468,4704,XREAL X4000_Android
24.192,18.242,4708,XREAL X4000_Android
24.229,35.506,4717,XREAL X4000_Android
24.246,16.865,4721,XREAL X4000_Android
24.261,17.798,4725,XREAL X4000_Android
24.292,30.188,4732,XREAL X4000_Android
24.303,10.234,4735,XREAL X4000_Android
24.333,29.634,4742,XREAL X4000_Android
24.354,16.313,4746,XREAL X4000_Android
24.368,19.817,4751,XREAL X4000_Android
24.387,17.450,4755,XREAL X4000_Android
24.424,34.345,4763,XREAL X4000_Android
24.438,18.426,4767,XREAL X4000_Android
24.459,19.298,4772,XREAL X4000_Android
24.486,27.172,4779,XREAL X4000_Android
24.498,13.100,4782,XREAL X4000_Android
24.533,32.898,4790,XREAL X4000_Android
24.555,17.160,4794,XREAL X4000_Android
24.567,18.782,4798,XREAL X4000_Android
24.601,33.618,4806,XREAL X4000_Android
24.617,13.026,4809,XREAL X4000_Android
24.635,20.417,4814,XREAL X4000_Android
24.663,29.253,4821,XREAL X4000_Android
24.674,10.550,4824,XREAL X4000_Android
24.709,30.606,4831,XREAL X4000_Android
24.728,22.025,4837,XREAL X4000_Android
24.752,22.282,4842,XREAL X4000_Android
24.772,22.127,4847,XREAL X4000_Android
24.790,19.528,4852,XREAL X4000_Android
24.823,28.962,4859,XREAL X4000_Android
24.834,14.774,4862,XREAL X4000_Android
24.860,26.370,4869,XREAL X4000_Android
24.890,29.015,4876,XREAL X4000_Android
24.902,12.921,4879,XREAL X4000_Android
24.934,28.967,4886,XREAL X4000_Android
24.955,19.764,4890,XREAL X4000_Android
24.966,14.953,4894,XREAL X4000_Android
25.001,32.774,4902,XREAL X4000_Android
25.018,15.945,4906,XREAL X4000_Android
25.041,22.581,4911,XREAL X4000_Android
25.065,27.590,4918,XREAL X4000_Android
25.076,11.274,4920,XREAL X4000_Android
25.115,33.835,4929,XREAL X4000_Android
25.130,19.393,4933,XREAL X4000_Android
25.153,20.118,4938,XREAL X4000_Android
25.182,28.970,4945,XREAL X4000_Android
25.196,17.590,4949,XREAL X4000_Android
25.220,23.114,4955,XREAL X4000_Android
25.231,12.649,4958,XREAL X4000_Android
25.260,28.886,4965,XREAL X4000_Android
25.296,31.604,4972,XREAL X4000_Android
25.308,13.596,4976,XREAL X4000_Android
25.333,25.434,4982,XREAL X4000_Android
25.350,16.688,4986,XREAL X4000_Android
25.367,19.998,4991,XREAL X4000_Android
25.389,18.274,4995,XREAL X4000_Android
25.415,23.837,5001,XREAL X4000_Android
25.429,19.410,5005,XREAL X4000_Android
25.458,27.734,5012,XREAL X4000_Android
25.469,11.915,5015,XREAL X4000_Android
25.501,29.456,5022,XREAL X4000_Android
25.521,17.285,5026,XREAL X4000_Android
25.539,21.826,5031,XREAL X4000_Android
25.565,27.673,5038,XREAL X4000_Android
25.580,12.550,5041,XREAL X4000_Android
25.611,27.734,5048,XREAL X4000_Android
25.631,23.410,5053,XREAL X4000_Android
25.656,24.271,5059,XREAL X4000_Android
25.666,13.090,5062,XREAL X4000_Android
25.696,26.539,5069,XREAL X4000_Android
25.725,29.619,5076,XREAL X4000_Android
25.740,15.891,5079,XREAL X4000_Android
25.764,23.967,5085,XREAL X4000_Android
25.771,9.386,5087,XREAL X4000_Android
25.807,30.034,5095,XREAL X4000_Android
25.823,21.260,5100,XREAL X4000_Android
25.845,18.565,5104,XREAL X4000_Android
25.868,26.480,5111,XREAL X4000_Android
25.888,18.129,5115,XREAL X4000_Android
25.919,27.923,5122,XREAL X4000_Android
25.933,18.601,5126,XREAL X4000_Android
25.957,23.971,5132,XREAL X4000_Android
25.970,12.348,5135,XREAL X4000_Android
26.002,30.648,5142,XREAL X4000_Android
26.017,14.762,5146,XREAL X4000_Android
26.036,21.662,5151,XREAL X4000_Android
26.055,17.612,5155,XREAL X4000_Android
26.081,26.834,5162,XREAL X4000_Android
26.113,26.468,5168,XREAL X4000_Android
26.128,21.636,5173,XREAL X4000_Android
26.138,9.424,5175,XREAL X4000_Android
26.163,25.192,5181,XREAL X4000_Android
26.197,32.277,5189,XREAL X4000_Android
26.215,17.568,5193,XREAL X4000_Android
26.234,20.936,5198,XREAL X4000_Android
26.251,15.024,5202,XREAL X4000_Android
26.271,21.201,5207,XREAL X4000_Android
26.292,19.199,5212,XREAL X4000_Android
26.324,31.797,5219,XREAL X4000_Android
26.337,14.796,5223,XREAL X4000_Android
26.360,21.546,5228,XREAL X4000_Android
26.389,28.991,5235,XREAL X4000_Android
26.401,14.564,5239,XREAL X4000_Android
26.432,31.183,5246,XREAL X4000_Android
26.448,12.728,5249,XREAL X4000_Android
26.467,21.396,5254,XREAL X4000_Android
26.502,34.205,5262,XREAL X4000_Android
26.522,19.213,5267,XREAL X4000_Android
26.537,17.577,5271,XREAL X4000_Android
26.557,17.373,5275,XREAL X4000_Android
26.584,25.834,5281,XREAL X4000_Android
26.609,27.125,5288,XREAL X4000_Android
26.625,14.483,5291,XREAL X4000_Android
26.654,28.806,5298,XREAL X4000_Android
26.677,23.532,5303,XREAL X4000_Android
26.695,18.359,5308,XREAL X4000_Android
26.728,33.130,5316,XREAL X4000_Android
26.747,14.494,5319,XREAL X4000_Android
26.761,20.316,5324,XREAL X4000_Android
26.794,30.184,5331,XREAL X4000_Android
26.808,15.096,5335,XREAL X4000_Android
26.833,24.971,5341,XREAL X4000_Android
26.861,28.605,5347,XREAL X4000_Android
26.870,11.310,5350,XREAL X4000_Android
26.901,27.991,5357,XREAL X4000_Android
26.915,12.869,5360,XREAL X4000_Android
26.946,28.563,5367,XREAL X4000_Android
26.967,26.753,5373,XREAL X4000_Android
26.985,15.964,5377,XREAL X4000_Android
27.010,25.006,5383,XREAL X4000_Android
27.026,18.224,5387,XREAL X4000_Android
27.055,28.023,5394,XREAL X4000_Android
27.087,24.775,5400,XREAL X4000_Android
27.100,20.286,5404,XREAL X4000_Android
27.128,24.599,5410,XREAL X4000_Android
27.159,32.551,5418,XREAL X4000_Android
27.170,13.340,5421,XREAL X4000_Android
27.195,22.034,5426,XREAL X4000_Android
27.227,32.243,5434,XREAL X4000_Android
27.240,14.571,5438,XREAL X4000_Android
27.261,22.079,5443,XREAL X4000_Android
27.297,32.590,5451,XREAL X4000_Android
27.322,25.133,5457,XREAL X4000_Android
27.345,26.514,5463,XREAL X4000_Android
27.362,16.567,5467,XREAL X4000_Android
27.391,25.752,5473,XREAL X4000_Android
27.417,25.137,5479,XREAL X4000_Android
27.449,28.366,5486,XREAL X4000_Android
27.466,25.802,5492,XREAL X4000_Android
27.504,33.421,5500,XREAL X4000_Android
27.524,20.437,5505,XREAL X4000_Android
27.538,15.426,5508,XREAL X4000_Android
27.565,28.151,5515,XREAL X4000_Android
27.602,34.420,5523,XREAL X4000_Android
27.619,17.486,5527,XREAL X4000_Android
27.633,17.734,5531,XREAL X4000_Android
27.662,28.681,5538,XREAL X4000_Android
27.699,34.080,5546,XREAL X4000_Android
27.724,24.606,5552,XREAL X4000_Android
27.755,30.774,5560,XREAL X4000_Android
27.770,18.280,5564,XREAL X4000_Android
27.789,18.676,5568,XREAL X4000_Android
27.824,30.189,5575,XREAL X4000_Android
27.853,25.752,5582,XREAL X4000_Android
27.868,23.258,5587,XREAL X4000_Android
27.904,32.484,5595,XREAL X4000_Android
27.933,30.376,5602,XREAL X4000_Android
27.954,18.432,5606,XREAL X4000_Android
27.966,17.063,5610,XREAL X4000_Android
28.005,35.752,5619,XREAL X4000_Android
28.029,23.522,5625,XREAL X4000_Android
28.059,31.287,5632,XREAL X4000_Android
28.081,19.276,5637,XREAL X4000_Android
28.118,33.611,5645,XREAL X4000_Android
28.134,21.475,5650,XREAL X4000_Android
28.151,20.641,5655,XREAL X4000_Android
28.177,22.046,5660,XREAL X4000_Android
28.218,37.558,5669,XREAL X4000_Android
28.237,23.539,5674,XREAL X4000_Android
28.264,28.654,5681,XREAL X4000_Android
28.273,8.783,5683,XREAL X4000_Android
28.311,32.353,5691,XREAL X4000_Android
28.335,27.932,5698,XREAL X4000_Android
28.364,28.042,5704,XREAL X4000_Android
28.387,23.998,5710,XREAL X4000_Android
28.422,33.162,5718,XREAL X4000_Android
28.435,15.750,5722,XREAL X4000_Android
28.456,22.397,5727,XREAL X4000_Android
28.486,25.767,5733,XREAL X4000_Android
28.516,29.604,5740,XREAL X4000_Android
28.542,27.288,5747,XREAL X4000_Android
28.560,19.955,5751,XREAL X4000_Android
28.578,17.978,5756,XREAL X4000_Android
28.614,31.494,5763,XREAL X4000_Android
28.637,29.450,5770,XREAL X4000_Android
28.661,22.210,5775,XREAL X4000_Android
28.675,13.066,5778,XREAL X4000_Android
28.709,33.295,5786,XREAL X4000_Android
28.738,29.393,5793,XREAL X4000_Android
28.766,27.933,5800,XREAL X4000_Android
28.777,12.129,5803,XREAL X4000_Android
28.799,22.739,5808,XREAL X4000_Android
28.840,36.458,5817,XREAL X4000_Android
28.864,29.148,5824,XREAL X4000_Android
28.875,9.740,5826,XREAL X4000_Android
28.898,23.804,5832,XREAL X4000_Android
28.934,34.694,5840,XREAL X4000_Android
28.964,28.845,5847,XREAL X4000_Android
28.985,19.856,5852,XREAL X4000_Android
28.997,16.394,5855,XREAL X4000_Android
29.029,29.468,5862,XREAL X4000_Android
29.061,32.711,5870,XREAL X4000_Android
29.079,17.546,5874,XREAL X4000_Android
29.093,15.699,5878,XREAL X4000_Android
29.130,34.479,5886,XREAL X4000_Android
29.158,24.639,5892,XREAL X4000_Android
29.177,22.272,5897,XREAL X4000_Android
29.203,28.343,5904,XREAL X4000_Android
29.222,17.617,5908,XREAL X4000_Android
29.253,25.105,5914,XREAL X4000_Android
29.271,24.963,5920,XREAL X4000_Android
29.301,31.091,5928,XREAL X4000_Android
29.322,15.398,5931,XREAL X4000_Android
29.342,24.450,5937,XREAL X4000_Android
29.367,26.124,5943,XREAL X4000_Android
29.384,16.414,5947,XREAL X4000_Android
29.412,26.887,5954,XREAL X4000_Android
29.441,28.321,5960,XREAL X4000_Android
29.459,20.652,5965,XREAL X4000_Android
29.479,19.618,5970,XREAL X4000_Android
29.509,27.912,5977,XREAL X4000_Android
29.539,29.716,5984,XREAL X4000_Android
29.557,17.720,5988,XREAL X4000_Android
29.579,22.263,5993,XREAL X4000_Android
29.611,30.725,6000,XREAL X4000_Android
29.631,18.367,6005,XREAL X4000_Android
29.653,24.116,6011,XREAL X4000_Android
29.679,27.977,6017,XREAL X4000_Android
29.708,26.260,6023,XREAL X4000_Android
29.725,19.830,6028,XREAL X4000_Android
29.749,22.354,6033,XREAL X4000_Android
29.772,24.268,6039,XREAL X4000_Android
29.792,18.893,6044,XREAL X4000_Android
29.823,28.791,6051,XREAL X4000_Android
29.848,25.885,6057,XREAL X4000_Android
29.869,23.903,6062,XREAL X4000_Android
29.890,17.738,6067,XREAL X4000_Android
29.915,23.715,6072,XREAL X4000_Android
29.947,31.454,6080,XREAL X4000_Android
29.961,19.568,6084,XREAL X4000_Android
29.983,22.101,6090,XREAL X4000_Android
30.019,30.204,6097,XREAL X4000_Android
30.040,24.332,6103,XREAL X4000_Android
30.060,21.325,6108,XREAL X4000_Android
30.079,17.489,6112,XREAL X4000_Android
30.115,33.559,6120,XREAL X4000_Android
30.131,19.857,6125,XREAL X4000_Android
30.156,23.204,6130,XREAL X4000_Android
30.172,19.936,6135,XREAL X4000_Android
30.214,36.110,6143,XREAL X4000_Android
30.233,22.145,6149,XREAL X4000_Android
30.253,17.875,6153,XREAL X4000_Android
30.271,21.938,6158,XREAL X4000_Android
30.314,36.843,6167,XREAL X4000_Android
30.331,22.366,6172,XREAL X4000_Android
30.349,17.023,6176,XREAL X4000_Android
30.368,20.650,6181,XREAL X4000_Android
30.389,17.464,6185,XREAL X4000_Android
30.422,29.747,6192,XREAL X4000_Android
30.445,24.718,6198,XREAL X4000_Android
30.467,26.534,6204,XREAL X4000_Android
30.483,15.226,6208,XREAL X4000_Android
30.514,29.101,6215,XREAL X4000_Android
30.542,26.421,6221,XREAL X4000_Android
30.562,23.973,6227,XREAL X4000_Android
30.579,15.915,6231,XREAL X4000_Android
30.611,29.943,6238,XREAL X4000_Android
30.628,18.670,6242,XREAL X4000_Android
30.654,24.785,6248,XREAL X4000_Android
30.677,23.119,6254,XREAL X4000_Android
30.710,33.233,6262,XREAL X4000_Android
30.727,19.588,6266,XREAL X4000_Android
30.756,22.688,6272,XREAL X4000_Android
30.774,22.545,6277,XREAL X4000_Android
30.790,16.682,6281,XREAL X4000_Android
30.819,28.625,6288,XREAL X4000_Android
30.847,26.609,6294,XREAL X4000_Android
30.870,24.619,6300,XREAL X4000_Android
30.889,17.672,6304,XREAL X4000_Android
30.917,27.641,6311,XREAL X4000_Android
30.950,29.814,6318,XREAL X4000_Android
30.962,19.319,6322,XREAL X4000_Android
30.985,18.568,6327,XREAL X4000_Android
31.012,27.788,6333,XREAL X4000_Android
31.026,18.623,6338,XREAL X4000_Android
31.056,25.149,6344,XREAL X4000_Android
31.084,27.196,6350,XREAL X4000_Android
31.109,27.995,6357,XREAL X4000_Android
31.126,16.479,6361,XREAL X4000_Android
31.149,23.907,6367,XREAL X4000_Android
31.181,29.297,6373,XREAL X4000_Android
31.198,19.751,6378,XREAL X4000_Android
31.223,22.008,6383,XREAL X4000_Android
31.252,30.724,6391,XREAL X4000_Android
31.263,13.468,6394,XREAL X4000_Android
31.294,26.447,6400,XREAL X4000_Android
31.326,31.408,6408,XREAL X4000_Android
31.344,18.706,6412,XREAL X4000_Android
31.363,20.737,6417,XREAL X4000_Android
31.387,24.343,6423,XREAL X4000_Android
31.411,25.026,6429,XREAL X4000_Android
31.428,18.017,6433,XREAL X4000_Android
31.458,27.699,6440,XREAL X4000_Android
31.490,30.303,6447,XREAL X4000_Android
31.515,25.082,6453,XREAL X4000_Android
31.529,17.894,6457,XREAL X4000_Android
31.555,24.776,6463,XREAL X4000_Android
31.579,23.788,6469,XREAL X4000_Android
31.595,17.533,6473,XREAL X4000_Android
31.625,26.022,6479,XREAL X4000_Android
31.657,32.731,6487,XREAL X4000_Android
31.670,16.719,6491,XREAL X4000_Android
31.694,21.838,6497,XREAL X4000_Android
31.727,28.897,6504,XREAL X4000_Android
31.738,16.332,6507,XREAL X4000_Android
31.761,24.108,6513,XREAL X4000_Android
31.801,35.372,6522,XREAL X4000_Android
31.825,22.848,6527,XREAL X4000_Android
31.835,14.678,6531,XREAL X4000_Android
31.857,23.384,6536,XREAL X4000_Android
31.897,34.898,6545,XREAL X4000_Android
31.912,16.817,6549,XREAL X4000_Android
31.931,20.250,6554,XREAL X4000_Android
31.948,15.917,6557,XREAL X4000_Android
31.966,19.644,6562,XREAL X4000_Android
31.983,15.313,6566,XREAL X4000_Android
32.014,28.323,6573,XREAL X4000_Android
32.029,18.125,6577,XREAL X4000_Android
32.057,27.058,6583,XREAL X4000_Android
32.067,12.892,6587,XREAL X4000_Android
32.099,28.804,6593,XREAL X4000_Android
32.116,16.954,6598,XREAL X4000_Android
32.136,21.617,6603,XREAL X4000_Android
32.148,13.333,6606,XREAL X4000_Android
32.176,25.891,6612,XREAL X4000_Android
32.192,16.702,6616,XREAL X4000_Android
32.233,37.548,6625,XREAL X4000_Android
32.257,21.473,6630,XREAL X4000_Android
32.269,19.344,6635,XREAL X4000_Android
32.281,9.459,6637,XREAL X4000_Android
32.301,21.345,6642,XREAL X4000_Android
32.339,34.673,6651,XREAL X4000_Android
32.357,23.489,6656,XREAL X4000_Android
32.372,15.192,6660,XREAL X4000_Android
32.393,19.662,6665,XREAL X4000_Android
32.413,17.829,6669,XREAL X4000_Android
32.427,17.317,6673,XREAL X4000_Android
32.459,28.875,6680,XREAL X4000_Android
32.468,11.800,6683,XREAL X4000_Android
32.503,32.169,6691,XREAL X4000_Android
32.524,19.036,6695,XREAL X4000_Android
32.541,16.951,6699,XREAL X4000_Android
32.557,16.995,6703,XREAL X4000_Android
32.581,25.806,6709,XREAL X4000_Android
32.613,29.391,6717,XREAL X4000_Android
32.630,19.742,6721,XREAL X4000_Android
32.645,12.096,6724,XREAL X4000_Android
32.663,22.557,6730,XREAL X4000_Android
32.695,30.460,6737,XREAL X4000_Android
32.707,12.459,6740,XREAL X4000_Android
32.741,29.587,6747,XREAL X4000_Android
32.757,21.204,6752,XREAL X4000_Android
32.772,14.028,6755,XREAL X4000_Android
32.789,16.846,6760,XREAL X4000_Android
32.823,31.606,6767,XREAL X4000_Android
32.836,14.788,6771,XREAL X4000_Android
32.861,24.018,6776,XREAL X4000_Android
32.869,10.888,6779,XREAL X4000_Android
32.904,32.414,6787,XREAL X4000_Android
32.924,19.308,6791,XREAL X4000_Android
32.944,18.327,6796,XREAL X4000_Android
32.959,18.749,6800,XREAL X4000_Android
32.988,25.705,6806,XREAL X4000_Android
33.014,27.309,6813,XREAL X4000_Android
33.030,18.420,6817,XREAL X4000_Android
33.053,22.827,6823,XREAL X4000_Android
33.062,11.434,6826,XREAL X4000_Android
33.097,32.472,6833,XREAL X4000_Android
33.114,15.742,6837,XREAL X4000_Android
33.137,23.986,6843,XREAL X4000_Android
33.154,14.976,6847,XREAL X4000_Android
33.175,23.065,6852,XREAL X4000_Android
33.194,18.132,6857,XREAL X4000_Android
33.223,28.813,6863,XREAL X4000_Android
33.234,12.920,6867,XREAL X4000_Android
33.262,27.249,6873,XREAL X4000_Android
33.272,10.021,6875,XREAL X4000_Android
33.304,30.889,6883,XREAL X4000_Android
33.323,17.835,6887,XREAL X4000_Android
33.345,23.164,6893,XREAL X4000_Android
33.360,17.138,6897,XREAL X4000_Android
33.393,29.891,6904,XREAL X4000_Android
33.404,12.351,6907,XREAL X4000_Android
33.430,26.958,6913,XREAL X4000_Android
33.443,11.017,6916,XREAL X4000_Android
33.467,26.062,6922,XREAL X4000_Android
33.484,15.848,6926,XREAL X4000_Android
33.509,25.641,6932,XREAL X4000_Android
33.529,19.127,6937,XREAL X4000_Android
33.560,29.754,6944,XREAL X4000_Android
33.569,12.447,6947,XREAL X4000_Android
33.600,27.197,6954,XREAL X4000_Android
33.617,18.667,6958,XREAL X4000_Android
33.633,18.209,6962,XREAL X4000_Android
33.653,17.484,6967,XREAL X4000_Android
33.676,24.414,6972,XREAL X4000_Android
33.689,13.503,6976,XREAL X4000_Android
33.729,34.237,6984,XREAL X4000_Android
33.741,17.155,6988,XREAL X4000_Android
33.757,14.577,6992,XREAL X4000_Android
33.770,15.900,6995,XREAL X4000_Android
33.791,17.487,7000,XREAL X4000_Android
33.821,30.322,7007,XREAL X4000_Android
33.831,13.893,7010,XREAL X4000_Android
33.863,31.052,7018,XREAL X4000_Android
33.871,8.772,7020,XREAL X4000_Android
33.898,27.100,7026,XREAL X4000_Android
33.908,9.609,7029,XREAL X4000_Android
33.940,30.527,7036,XREAL X4000_Android
33.958,19.493,7041,XREAL X4000_Android
33.982,22.770,7046,XREAL X4000_Android
33.994,12.599,7049,XREAL X4000_Android
34.026,31.476,7057,XREAL X4000_Android
34.036,10.485,7059,XREAL X4000_Android
34.065,29.664,7066,XREAL X4000_Android
34.079,10.787,7069,XREAL X4000_Android
34.119,35.348,7077,XREAL X4000_Android
34.133,20.618,7082,XREAL X4000_Android
34.148,14.593,7086,XREAL X4000_Android
34.163,15.836,7090,XREAL X4000_Android
34.198,30.995,7097,XREAL X4000_Android
34.215,16.210,7101,XREAL X4000_Android
34.233,23.488,7106,XREAL X4000_Android
34.248,13.281,7110,XREAL X4000_Android
34.272,23.695,7115,XREAL X4000_Android
34.290,17.989,7120,XREAL X4000_Android
34.324,31.389,7127,XREAL X4000_Android
34.337,16.942,7131,XREAL X4000_Android
34.361,22.105,7137,XREAL X4000_Android
34.388,28.286,7143,XREAL X4000_Android
34.399,11.947,7146,XREAL X4000_Android
34.436,34.051,7154,XREAL X4000_Android
34.459,22.700,7160,XREAL X4000_Android
34.472,15.550,7164,XREAL X4000_Android
34.487,13.540,7167,XREAL X4000_Android
34.515,23.890,7173,XREAL X4000_Android
34.528,18.872,7177,XREAL X4000_Android
34.554,24.457,7183,XREAL X4000_Android
34.579,25.446,7189,XREAL X4000_Android
34.615,30.381,7196,XREAL X4000_Android
34.634,23.675,7202,XREAL X4000_Android
34.656,22.915,7208,XREAL X4000_Android
34.679,21.844,7213,XREAL X4000_Android
34.710,30.728,7220,XREAL X4000_Android
34.729,21.208,7225,XREAL X4000_Android
34.748,19.629,7230,XREAL X4000_Android
34.771,22.586,7235,XREAL X4000_Android
34.790,18.372,7240,XREAL X4000_Android
34.823,31.798,7247,XREAL X4000_Android
34.851,25.069,7253,XREAL X4000_Android
34.867,20.244,7258,XREAL X4000_Android
34.889,21.806,7264,XREAL X4000_Android
34.899,11.030,7266,XREAL X4000_Android
34.910,10.317,7269,XREAL X4000_Android
34.948,33.198,7277,XREAL X4000_Android
34.965,21.285,7282,XREAL X4000_Android
34.976,11.209,7284,XREAL X4000_Android
34.991,14.618,7288,XREAL X4000_Android
35.001,11.536,7291,XREAL X4000_Android
35.027,24.174,7297,XREAL X4000_Android
35.043,13.872,7300,XREAL X4000_Android
35.064,20.995,7305,XREAL X4000_Android
35.073,12.720,7308,XREAL X4000_Android
35.089,14.152,7311,XREAL X4000_Android
35.103,16.492,7315,XREAL X4000_Android
35.124,19.261,7320,XREAL X4000_Android
35.135,12.368,7323,XREAL X4000_Android
35.155,16.914,7327,XREAL X4000_Android
35.167,15.124,7331,XREAL X4000_Android
35.177,9.993,7333,XREAL X4000_Android
35.204,26.606,7339,XREAL X4000_Android
35.223,17.331,7344,XREAL X4000_Android
35.235,13.998,7347,XREAL X4000_Android
35.251,16.296,7351,XREAL X4000_Android
35.265,11.725,7354,XREAL X4000_Android
35.276,10.548,7356,XREAL X4000_Android
35.302,27.303,7363,XREAL X4000_Android
35.319,17.518,7367,XREAL X4000_Android
35.333,13.778,7370,XREAL X4000_Android
35.346,14.523,7374,XREAL X4000_Android
35.365,15.446,7377,XREAL X4000_Android
35.390,24.961,7383,XREAL X4000_Android
35.403,14.492,7387,XREAL X4000_Android
35.419,14.963,7390,XREAL X4000_Android
35.430,14.158,7394,XREAL X4000_Android
35.450,13.722,7397,XREAL X4000_Android
35.462,18.133,7401,XREAL X4000_Android
35.471,9.247,7404,XREAL X4000_Android
35.501,26.181,7410,XREAL X4000_Android
35.519,16.873,7414,XREAL X4000_Android
35.533,16.473,7418,XREAL X4000_Android
35.550,13.875,7421,XREAL X4000_Android
35.562,17.142,7425,XREAL X4000_Android
35.572,9.185,7428,XREAL X4000_Android
35.585,13.380,7431,XREAL X4000_Android
35.608,21.082,7436,XREAL X4000_Android
35.623,16.645,7440,XREAL X4000_Android
35.634,11.207,7443,XREAL X4000_Android
35.655,17.014,7447,XREAL X4000_Android
35.672,21.254,7452,XREAL X4000_Android
35.694,20.363,7457,XREAL X4000_Android
35.704,11.886,7460,XREAL X4000_Android
35.720,15.558,7463,XREAL X4000_Android
35.731,10.992,7466,XREAL X4000_Android
35.746,13.435,7469,XREAL X4000_Android
35.763,18.271,7473,XREAL X4000_Android
35.792,27.422,7480,XREAL X4000_Android
35.804,13.990,7483,XREAL X4000_Android
35.820,13.992,7487,XREAL X4000_Android
35.831,13.632,7490,XREAL X4000_Android
35.847,12.042,7493,XREAL X4000_Android
35.869,24.366,7499,XREAL X4000_Android
35.890,19.653,7504,XREAL X4000_Android
35.900,12.231,7506,XREAL X4000_Android
35.913,11.089,7509,XREAL X4000_Android
35.927,15.000,7513,XREAL X4000_Android
35.957,29.268,7520,XREAL X4000_Android
35.967,13.029,7523,XREAL X4000_Android
35.984,14.268,7526,XREAL X4000_Android
35.996,13.161,7529,XREAL X4000_Android
36.008,11.834,7532,XREAL X4000_Android
36.025,16.585,7536,XREAL X4000_Android
36.037,12.340,7539,XREAL X4000_Android
36.065,28.231,7546,XREAL X4000_Android
36.079,13.249,7549,XREAL X4000_Android
36.094,15.040,7553,XREAL X4000_Android
36.104,10.193,7555,XREAL X4000_Android
36.124,17.908,7560,XREAL X4000_Android
36.136,13.998,7563,XREAL X4000_Android
36.163,27.860,7570,XREAL X4000_Android
36.178,11.542,7572,XREAL X4000_Android
36.193,17.411,7577,XREAL X4000_Android
36.205,10.980,7579,XREAL X4000_Android
36.221,17.168,7583,XREAL X4000_Android
36.232,12.266,7586,XREAL X4000_Android
36.260,28.156,7593,XREAL X4000_Android
36.272,10.364,7595,XREAL X4000_Android
36.289,18.606,7600,XREAL X4000_Android
36.301,9.932,7602,XREAL X4000_Android
36.318,16.191,7606,XREAL X4000_Android
36.329,13.477,7609,XREAL X4000_Android
36.360,30.371,7617,XREAL X4000_Android
36.370,10.871,7619,XREAL X4000_Android
36.388,16.781,7623,XREAL X4000_Android
36.399,11.649,7626,XREAL X4000_Android
36.412,11.157,7629,XREAL X4000_Android
36.427,17.471,7633,XREAL X4000_Android
36.456,28.283,7640,XREAL X4000_Android
36.467,12.392,7643,XREAL X4000_Android
36.485,13.972,7646,XREAL X4000_Android
36.497,14.905,7649,XREAL X4000_Android
36.507,8.930,7652,XREAL X4000_Android
36.526,19.373,7656,XREAL X4000_Android
36.556,27.275,7663,XREAL X4000_Android
36.567,14.111,7666,XREAL X4000_Android
36.578,11.116,7669,XREAL X4000_Android
36.596,17.266,7673,XREAL X4000_Android
36.606,10.307,7675,XREAL X4000_Android
36.624,17.089,7679,XREAL X4000_Android
36.652,27.735,7686,XREAL X4000_Android
36.663,13.032,7689,XREAL X4000_Android
36.675,11.059,7692,XREAL X4000_Android
36.692,17.933,7696,XREAL X4000_Android
36.702,9.155,7698,XREAL X4000_Android
36.720,16.529,7702,XREAL X4000_Android
36.750,28.709,7709,XREAL X4000_Android
36.762,15.461,7712,XREAL X4000_Android
36.770,8.585,7714,XREAL X4000_Android
36.792,20.064,7719,XREAL X4000_Android
36.802,11.489,7722,XREAL X4000_Android
36.815,9.743,7724,XREAL X4000_Android
36.845,31.401,7732,XREAL X4000_Android
36.861,16.485,7736,XREAL X4000_Android
36.871,11.607,7738,XREAL X4000_Android
36.885,13.646,7742,XREAL X4000_Android
36.897,12.099,7745,XREAL X4000_Android
36.912,13.041,7748,XREAL X4000_Android
36.928,16.651,7752,XREAL X4000_Android
36.957,29.024,7759,XREAL X4000_Android
36.969,12.941,7762,XREAL X4000_Android
36.982,12.782,7765,XREAL X4000_Android
36.994,11.990,7767,XREAL X4000_Android
37.007,13.076,7771,XREAL X4000_Android
37.027,19.367,7775,XREAL X4000_Android
37.055,27.648,7782,XREAL X4000_Android
37.066,11.650,7785,XREAL X4000_Android
37.080,12.187,7787,XREAL X4000_Android
37.095,16.571,7791,XREAL X4000_Android
37.104,9.667,7794,XREAL X4000_Android
37.125,18.530,7798,XREAL X4000_Android
37.150,27.464,7805,XREAL X4000_Android
37.164,14.112,7808,XREAL X4000_Android
37.175,9.169,7810,XREAL X4000_Android
37.192,18.719,7815,XREAL X4000_Android
37.202,8.988,7817,XREAL X4000_Android
37.220,17.178,7821,XREAL X4000_Android
37.247,28.519,7828,XREAL X4000_Android
37.262,15.247,7831,XREAL X4000_Android
37.274,11.069,7834,XREAL X4000_Android
37.291,16.935,7838,XREAL X4000_Android
37.301,10.364,7840,XREAL X4000_Android
37.316,13.265,7843,XREAL X4000_Android
37.348,31.272,7851,XREAL X4000_Android
37.361,17.087,7855,XREAL X4000_Android
37.370,9.699,7857,XREAL X4000_Android
37.389,14.722,7861,XREAL X4000_Android
37.398,11.814,7864,XREAL X4000_Android
37.412,12.770,7867,XREAL X4000_Android
37.427,16.070,7870,XREAL X4000_Android
37.457,29.619,7877,XREAL X4000_Android
37.468,11.056,7880,XREAL X4000_Android
37.484,14.192,7883,XREAL X4000_Android
37.496,15.196,7887,XREAL X4000_Android
37.509,10.938,7890,XREAL X4000_Android
37.526,15.811,7893,XREAL X4000_Android
37.552,28.614,7900,XREAL X4000_Android
37.567,13.958,7904,XREAL X4000_Android
37.579,12.309,7906,XREAL X4000_Android
37.593,15.302,7910,XREAL X4000_Android
37.605,10.367,7913,XREAL X4000_Android
37.619,14.865,7916,XREAL X4000_Android
37.633,13.928,7919,XREAL X4000_Android
37.663,29.902,7926,XREAL X4000_Android
37.674,11.337,7929,XREAL X4000_Android
37.694,19.287,7934,XREAL X4000_Android
37.706,12.155,7937,XREAL X4000_Android
37.719,12.238,7940,XREAL X4000_Android
37.731,12.734,7943,XREAL X4000_Android
37.762,30.407,7950,XREAL X4000_Android
37.774,11.151,7952,XREAL X4000_Android
37.792,17.859,7957,XREAL X4000_Android
37.802,11.368,7959,XREAL X4000_Android
37.835,30.427,7967,XREAL X4000_Android
37.854,20.106,7971,XREAL X4000_Android
37.866,15.185,7975,XREAL X4000_Android
37.888,18.668,7979,XREAL X4000_Android
37.896,12.068,7982,XREAL X4000_Android
37.911,12.602,7985,XREAL X4000_Android
37.946,30.946,7993,XREAL X4000_Android
37.962,19.141,7997,XREAL X4000_Android
37.987,21.273,8002,XREAL X4000_Android
38.016,28.846,8009,XREAL X4000_Android
38.030,18.856,8014,XREAL X4000_Android
38.054,23.017,8019,XREAL X4000_Android
38.080,26.501,8025,XREAL X4000_Android
38.094,14.668,8029,XREAL X4000_Android
38.128,33.213,8037,XREAL X4000_Android
38.155,25.423,8043,XREAL X4000_Android
38.175,22.401,8048,XREAL X4000_Android
38.192,16.203,8052,XREAL X4000_Android
38.228,31.140,8059,XREAL X4000_Android
38.241,17.687,8064,XREAL X4000_Android
38.263,23.123,8069,XREAL X4000_Android
38.271,8.976,8071,XREAL X4000_Android
38.308,31.316,8079,XREAL X4000_Android
38.340,32.757,8086,XREAL X4000_Android
38.366,28.969,8093,XREAL X4000_Android
38.380,12.724,8096,XREAL X4000_Android
38.397,19.487,8101,XREAL X4000_Android
38.435,35.076,8109,XREAL X4000_Android
38.464,30.912,8117,XREAL X4000_Android
38.473,10.971,8119,XREAL X4000_Android
38.496,21.473,8124,XREAL X4000_Android
38.536,36.378,8133,XREAL X4000_Android
38.562,28.554,8140,XREAL X4000_Android
38.580,17.447,8144,XREAL X4000_Android
38.593,15.151,8148,XREAL X4000_Android
38.631,35.775,8156,XREAL X4000_Android
38.656,23.940,8162,XREAL X4000_Android
38.676,21.460,8167,XREAL X4000_Android
38.707,29.760,8174,XREAL X4000_Android
38.746,33.670,8182,XREAL X4000_Android
38.767,26.814,8188,XREAL X4000_Android
38.784,15.208,8192,XREAL X4000_Android
38.798,18.941,8196,XREAL X4000_Android
38.836,34.969,8205,XREAL X4000_Android
38.865,31.150,8212,XREAL X4000_Android
38.888,20.118,8217,XREAL X4000_Android
38.913,27.474,8223,XREAL X4000_Android
38.946,28.170,8230,XREAL X4000_Android
38.969,26.274,8236,XREAL X4000_Android
38.982,13.354,8240,XREAL X4000_Android
39.013,29.181,8246,XREAL X4000_Android
39.043,27.551,8253,XREAL X4000_Android
39.066,29.548,8260,XREAL X4000_Android
39.079,10.542,8263,XREAL X4000_Android
39.111,30.008,8270,XREAL X4000_Android
39.128,20.462,8275,XREAL X4000_Android
39.157,23.327,8280,XREAL X4000_Android
39.176,21.478,8285,XREAL X4000_Android
39.192,19.282,8290,XREAL X4000_Android
39.226,29.630,8297,XREAL X4000_Android
39.252,28.075,8303,XREAL X4000_Android
39.264,14.108,8307,XREAL X4000_Android
39.293,26.227,8313,XREAL X4000_Android
39.322,28.902,8320,XREAL X4000_Android
39.351,30.135,8327,XREAL X4000_Android
39.366,17.311,8331,XREAL X4000_Android
39.385,18.948,8336,XREAL X4000_Android
39.416,27.915,8342,XREAL X4000_Android
39.445,28.893,8349,XREAL X4000_Android
39.465,21.307,8354,XREAL X4000_Android
39.484,18.522,8359,XREAL X4000_Android
39.516,28.657,8365,XREAL X4000_Android
39.530,20.039,8370,XREAL X4000_Android
39.554,22.646,8376,XREAL X4000_Android
39.584,28.169,8382,XREAL X4000_Android
39.613,24.910,8388,XREAL X4000_Android
39.630,22.229,8393,XREAL X4000_Android
39.654,23.685,8399,XREAL X4000_Android
39.666,14.188,8402,XREAL X4000_Android
39.695,27.306,8409,XREAL X4000_Android
39.708,12.830,8412,XREAL X4000_Android
39.723,15.106,8416,XREAL X4000_Android
39.734,12.230,8419,XREAL X4000_Android
39.761,26.198,8425,XREAL X4000_Android
39.770,10.833,8427,XREAL X4000_Android
39.791,19.823,8432,XREAL X4000_Android
39.801,10.665,8435,XREAL X4000_Android
39.816,14.466,8438,XREAL X4000_Android
39.846,27.099,8444,XREAL X4000_Android
39.861,16.696,8448,XREAL X4000_Android
39.870,10.974,8451,XREAL X4000_Android
39.887,15.396,8455,XREAL X4000_Android
39.898,12.515,8458,XREAL X4000_Android
39.913,12.108,8461,XREAL X4000_Android
39.929,17.554,8465,XREAL X4000_Android
39.958,27.623,8471,XREAL X4000_Android
39.968,13.901,8475,XREAL X4000_Android
39.985,13.138,8478,XREAL X4000_Android
39.998,15.332,8481,XREAL X4000_Android
40.009,9.546,8484,XREAL X4000_Android
40.026,16.543,8488,XREAL X4000_Android
40.055,30.021,8495,XREAL X4000_Android
40.068,13.855,8498,XREAL X4000_Android
40.080,10.812,8501,XREAL X4000_Android
40.093,12.357,8503,XREAL X4000_Android
40.103,12.811,8507,XREAL X4000_Android
40.137,31.957,8514,XREAL X4000_Android
40.159,20.752,8519,XREAL X4000_Android
40.169,13.212,8522,XREAL X4000_Android
40.183,12.172,8525,XREAL X4000_Android
40.197,14.367,8528,XREAL X4000_Android
40.223,23.678,8534,XREAL X4000_Android
40.233,13.625,8537,XREAL X4000_Android
40.249,13.841,8541,XREAL X4000_Android
40.263,14.567,8544,XREAL X4000_Android
40.290,26.671,8550,XREAL X4000_Android
40.299,12.012,8553,XREAL X4000_Android
40.317,16.259,8557,XREAL X4000_Android
40.331,14.216,8561,XREAL X4000_Android
40.343,11.101,8563,XREAL X4000_Android
40.362,18.620,8568,XREAL X4000_Android
40.390,27.240,8574,XREAL X4000_Android
40.401,12.636,8577,XREAL X4000_Android
40.416,11.794,8580,XREAL X4000_Android
40.429,14.856,8583,XREAL X4000_Android
40.458,28.401,8590,XREAL X4000_Android
40.466,10.811,8593,XREAL X4000_Android
40.482,14.589,8596,XREAL X4000_Android
40.497,14.738,8600,XREAL X4000_Android
40.507,9.989,8602,XREAL X4000_Android
40.547,32.824,8610,XREAL X4000_Android
40.563,22.362,8615,XREAL X4000_Android
40.573,11.597,8618,XREAL X4000_Android
40.587,13.213,8621,XREAL X4000_Android
40.605,19.283,8626,XREAL X4000_Android
40.627,17.903,8630,XREAL X4000_Android
40.638,14.237,8633,XREAL X4000_Android
40.664,26.815,8640,XREAL X4000_Android
40.674,9.017,8642,XREAL X4000_Android
40.691,17.179,8646,XREAL X4000_Android
40.728,35.236,8654,XREAL X4000_Android
40.740,14.255,8658,XREAL X4000_Android
40.757,17.849,8662,XREAL X4000_Android
40.770,13.294,8665,XREAL X4000_Android
40.793,19.370,8670,XREAL X4000_Android
40.802,11.785,8672,XREAL X4000_Android
40.837,31.787,8680,XREAL X4000_Android
40.857,20.191,8685,XREAL X4000_Android
40.868,13.690,8688,XREAL X4000_Android
40.880,10.490,8691,XREAL X4000_Android
40.900,21.293,8696,XREAL X4000_Android
40.914,11.962,8698,XREAL X4000_Android
40.946,29.335,8705,XREAL X4000_Android
40.962,19.361,8710,XREAL X4000_Android
40.988,24.828,8716,XREAL X4000_Android
41.000,14.706,8719,XREAL X4000_Android
41.029,27.664,8726,XREAL X4000_Android
41.051,15.595,8730,XREAL X4000_Android
41.065,21.933,8735,XREAL X4000_Android
41.097,29.285,8742,XREAL X4000_Android
41.130,32.046,8749,XREAL X4000_Android
41.148,15.313,8753,XREAL X4000_Android
41.161,20.437,8758,XREAL X4000_Android
41.194,30.211,8765,XREAL X4000_Android
41.230,33.828,8773,XREAL X4000_Android
41.245,15.155,8777,XREAL X4000_Android
41.262,19.404,8781,XREAL X4000_Android
41.295,30.103,8789,XREAL X4000_Android
41.322,29.431,8796,XREAL X4000_Android
41.334,14.047,8799,XREAL X4000_Android
41.359,23.373,8804,XREAL X4000_Android
41.391,30.528,8812,XREAL X4000_Android
41.421,26.401,8818,XREAL X4000_Android
41.438,20.818,8823,XREAL X4000_Android
41.457,20.698,8828,XREAL X4000_Android
41.484,25.938,8834,XREAL X4000_Android
41.513,28.074,8841,XREAL X4000_Android
41.529,17.015,8845,XREAL X4000_Android
41.555,26.696,8851,XREAL X4000_Android
41.579,23.031,8857,XREAL X4000_Android
41.609,28.359,8864,XREAL X4000_Android
41.630,20.733,8869,XREAL X4000_Android
41.652,25.184,8875,XREAL X4000_Android
41.673,21.743,8880,XREAL X4000_Android
41.690,16.257,8884,XREAL X4000_Android
41.730,35.063,8892,XREAL X4000_Android
41.746,19.848,8897,XREAL X4000_Android
41.761,16.106,8901,XREAL X4000_Android
41.792,30.093,8908,XREAL X4000_Android
41.804,12.903,8911,XREAL X4000_Android
41.832,27.647,8918,XREAL X4000_Android
41.853,16.482,8922,XREAL X4000_Android
41.869,21.748,8927,XREAL X4000_Android
41.888,17.176,8931,XREAL X4000_Android
41.924,30.235,8938,XREAL X4000_Android
41.938,20.021,8943,XREAL X4000_Android
41.962,23.222,8949,XREAL X4000_Android
41.970,11.436,8952,XREAL X4000_Android
42.000,27.188,8958,XREAL X4000_Android
42.016,14.023,8961,XREAL X4000_Android
42.037,23.430,8967,XREAL X4000_Android
42.056,17.542,8971,XREAL X4000_Android
42.080,22.907,8977,XREAL X4000_Android
42.113,32.959,8985,XREAL X4000_Android
42.132,20.839,8990,XREAL X4000_Android
42.147,15.716,8994,XREAL X4000_Android
42.161,15.257,8997,XREAL X4000_Android
42.196,33.005,9005,XREAL X4000_Android
42.210,13.438,9008,XREAL X4000_Android
42.236,26.258,9015,XREAL X4000_Android
42.258,21.365,9020,XREAL X4000_Android
42.269,14.862,9023,XREAL X4000_Android
42.290,19.314,9028,XREAL X4000_Android
42.327,33.358,9036,XREAL X4000_Android
42.349,20.803,9041,XREAL X4000_Android
42.362,18.049,9045,XREAL X4000_Android
42.388,24.501,9051,XREAL X4000_Android
42.421,30.512,9058,XREAL X4000_Android
42.435,18.136,9063,XREAL X4000_Android
42.459,21.633,9068,XREAL X4000_Android
42.486,26.499,9074,XREAL X4000_Android
42.499,15.474,9078,XREAL X4000_Android
42.530,31.087,9086,XREAL X4000_Android
42.557,27.365,9092,XREAL X4000_Android
42.566,10.248,9095,XREAL X4000_Android
42.595,27.397,9101,XREAL X4000_Android
42.634,35.500,9110,XREAL X4000_Android
42.651,18.542,9114,XREAL X4000_Android
42.667,19.601,9119,XREAL X4000_Android
42.694,24.908,9125,XREAL X4000_Android
42.704,10.413,9127,XREAL X4000_Android
42.736,31.410,9135,XREAL X4000_Android
42.752,15.691,9139,XREAL X4000_Android
42.770,19.975,9143,XREAL X4000_Android
42.805,32.775,9151,XREAL X4000_Android
42.825,18.933,9156,XREAL X4000_Android
42.848,21.849,9161,XREAL X4000_Android
42.869,24.542,9167,XREAL X4000_Android
42.887,17.503,9171,XREAL X4000_Android
42.917,27.486,9178,XREAL X4000_Android
42.950,28.216,9185,XREAL X4000_Android
42.963,20.335,9189,XREAL X4000_Android
42.985,20.021,9194,XREAL X4000_Android
43.014,26.595,9201,XREAL X4000_Android
43.029,19.323,9205,XREAL X4000_Android
43.055,25.896,9211,XREAL X4000_Android
43.088,26.843,9218,XREAL X4000_Android
43.108,26.182,9224,XREAL X4000_Android
43.127,17.487,9228,XREAL X4000_Android
43.154,25.844,9235,XREAL X4000_Android
43.174,24.052,9240,XREAL X4000_Android
43.213,34.680,9249,XREAL X4000_Android
43.230,20.290,9254,XREAL X4000_Android
43.247,17.115,9258,XREAL X4000_Android
43.272,24.724,9264,XREAL X4000_Android
43.303,30.440,9271,XREAL X4000_Android
43.321,18.468,9275,XREAL X4000_Android
43.344,22.459,9281,XREAL X4000_Android
43.368,25.772,9287,XREAL X4000_Android
43.401,30.482,9294,XREAL X4000_Android
43.415,14.898,9298,XREAL X4000_Android
43.441,26.223,9304,XREAL X4000_Android
43.467,26.490,9310,XREAL X4000_Android
43.485,15.658,9314,XREAL X4000_Android
43.508,23.693,9320,XREAL X4000_Android
43.544,33.989,9328,XREAL X4000_Android
43.563,22.220,9333,XREAL X4000_Android
43.577,15.274,9337,XREAL X4000_Android
43.611,29.432,9344,XREAL X4000_Android
43.627,20.341,9349,XREAL X4000_Android
43.657,24.992,9355,XREAL X4000_Android
43.674,21.476,9360,XREAL X4000_Android
43.712,32.769,9368,XREAL X4000_Android
43.734,24.141,9374,XREAL X4000_Android
43.749,17.573,9378,XREAL X4000_Android
43.770,22.201,9383,XREAL X4000_Android
43.791,20.288,9388,XREAL X4000_Android
43.824,26.174,9394,XREAL X4000_Android
43.857,31.891,9402,XREAL X4000_Android
43.869,19.429,9407,XREAL X4000_Android
43.889,19.219,9411,XREAL X4000_Android
43.915,22.844,9417,XREAL X4000_Android
43.946,31.014,9424,XREAL X4000_Android
43.960,18.535,9429,XREAL X4000_Android
43.987,23.171,9434,XREAL X4000_Android
44.016,29.128,9441,XREAL X4000_Android
44.030,17.990,9446,XREAL X4000_Android
44.058,25.780,9452,XREAL X4000_Android
44.081,23.235,9457,XREAL X4000_Android
44.094,14.947,9461,XREAL X4000_Android
44.131,34.147,9469,XREAL X4000_Android
44.152,18.031,9474,XREAL X4000_Android
44.164,17.743,9478,XREAL X4000_Android
44.205,37.493,9487,XREAL X4000_Android
44.227,25.260,9493,XREAL X4000_Android
44.239,11.955,9496,XREAL X4000_Android
44.263,24.132,9502,XREAL X4000_Android
44.293,29.542,9509,XREAL X4000_Android
44.305,12.335,9512,XREAL X4000_Android
44.336,27.834,9518,XREAL X4000_Android
44.353,18.811,9523,XREAL X4000_Android
44.368,17.079,9527,XREAL X4000_Android
44.405,34.290,9535,XREAL X4000_Android
44.426,21.270,9540,XREAL X4000_Android
44.443,16.085,9544,XREAL X4000_Android
44.466,26.277,9550,XREAL X4000_Android
44.480,13.885,9554,XREAL X4000_Android
44.522,37.101,9563,XREAL X4000_Android
44.542,23.126,9568,XREAL X4000_Android
44.561,19.788,9573,XREAL X4000_Android
44.576,16.422,9577,XREAL X4000_Android
44.616,34.171,9585,XREAL X4000_Android
44.630,19.870,9590,XREAL X4000_Android
44.655,22.625,9595,XREAL X4000_Android
44.675,22.319,9601,XREAL X4000_Android
44.694,16.499,9605,XREAL X4000_Android
44.726,32.017,9612,XREAL X4000_Android
44.736,13.268,9615,XREAL X4000_Android
44.761,24.153,9621,XREAL X4000_Android
44.792,28.125,9628,XREAL X4000_Android
44.823,30.262,9635,XREAL X4000_Android
44.834,15.194,9639,XREAL X4000_Android
44.862,26.449,9645,XREAL X4000_Android
44.892,26.655,9652,XREAL X4000_Android
44.904,14.305,9655,XREAL X4000_Android
44.931,27.857,9662,XREAL X4000_Android
44.959,29.421,9669,XREAL X4000_Android
44.967,9.375,9671,XREAL X4000_Android
45.001,29.522,9678,XREAL X4000_Android
45.020,14.647,9682,XREAL X4000_Android
45.037,23.073,9687,XREAL X4000_Android
45.065,28.978,9694,XREAL X4000_Android
45.079,12.782,9697,XREAL X4000_Android
45.106,27.930,9704,XREAL X4000_Android
45.145,34.832,9712,XREAL X4000_Android
45.167,23.324,9718,XREAL X4000_Android
45.179,14.171,9721,XREAL X4000_Android
45.202,22.766,9727,XREAL X4000_Android
45.222,20.735,9732,XREAL X4000_Android
45.253,27.289,9738,XREAL X4000_Android
45.271,22.335,9744,XREAL X4000_Android
45.291,16.875,9748,XREAL X4000_Android
45.320,29.338,9755,XREAL X4000_Android
45.348,29.421,9762,XREAL X4000_Android
45.363,16.927,9766,XREAL X4000_Android
45.387,22.220,9771,XREAL X4000_Android
45.410,23.398,9777,XREAL X4000_Android
45.427,17.912,9781,XREAL X4000_Android
45.460,32.732,9789,XREAL X4000_Android
45.480,19.412,9794,XREAL X4000_Android
45.495,15.978,9797,XREAL X4000_Android
45.526,29.500,9805,XREAL X4000_Android
45.560,35.255,9813,XREAL X4000_Android
45.570,9.588,9815,XREAL X4000_Android
45.595,24.030,9821,XREAL X4000_Android
45.624,28.257,9828,XREAL X4000_Android
45.639,14.557,9831,XREAL X4000_Android
45.663,26.076,9838,XREAL X4000_Android
45.698,33.183,9846,XREAL X4000_Android
45.714,14.518,9849,XREAL X4000_Android
45.732,21.616,9854,XREAL X4000_Android
45.761,30.131,9861,XREAL X4000_Android
45.770,7.936,9863,XREAL X4000_Android
45.807,31.338,9871,XREAL X4000_Android
45.834,31.169,9878,XREAL X4000_Android
45.855,16.790,9882,XREAL X4000_Android
45.869,18.833,9887,XREAL X4000_Android
45.903,31.633,9894,XREAL X4000_Android
45.918,16.355,9898,XREAL X4000_Android
45.941,22.924,9904,XREAL X4000_Android
45.966,27.207,9910,XREAL X4000_Android
45.983,15.243,9914,XREAL X4000_Android
46.018,31.517,9922,XREAL X4000_Android
46.043,25.782,9928,XREAL X4000_Android
46.062,21.536,9933,XREAL X4000_Android
46.079,15.519,9937,XREAL X4000_Android
46.120,37.370,9946,XREAL X4000_Android
46.137,21.481,9951,XREAL X4000_Android
46.156,17.155,9955,XREAL X4000_Android
46.175,21.791,9960,XREAL X4000_Android
46.192,16.875,9964,XREAL X4000_Android
46.230,34.571,9973,XREAL X4000_Android
46.253,25.706,9979,XREAL X4000_Android
46.267,15.265,9982,XREAL X4000_Android
46.292,21.702,9988,XREAL X4000_Android
46.325,32.888,9996,XREAL X4000_Android
46.336,15.167,9999,XREAL X4000_Android
46.361,23.903,10005,XREAL X4000_Android
46.390,27.616,10012,XREAL X4000_Android
46.400,12.956,10015,XREAL X4000_Android
46.435,32.270,10022,XREAL X4000_Android
46.462,27.675,10029,XREAL X4000_Android
46.471,10.597,10031,XREAL X4000_Android
46.497,25.926,10038,XREAL X4000_Android
46.535,36.057,10046,XREAL X4000_Android
46.560,19.923,10051,XREAL X4000_Android
46.571,17.619,10055,XREAL X4000_Android
46.583,11.553,10058,XREAL X4000_Android
46.604,21.137,10063,XREAL X4000_Android
46.625,20.486,10068,XREAL X4000_Android
46.653,26.360,10074,XREAL X4000_Android
46.673,23.438,10079,XREAL X4000_Android
46.696,20.763,10084,XREAL X4000_Android
46.725,29.176,10091,XREAL X4000_Android
46.763,38.039,10100,XREAL X4000_Android
46.778,14.092,10104,XREAL X4000_Android
46.790,14.361,10107,XREAL X4000_Android
46.821,27.918,10114,XREAL X4000_Android
46.833,14.751,10117,XREAL X4000_Android
46.858,25.475,10123,XREAL X4000_Android
46.889,29.263,10130,XREAL X4000_Android
46.901,13.816,10134,XREAL X4000_Android
46.934,30.972,10141,XREAL X4000_Android
46.962,30.973,10148,XREAL X4000_Android
46.974,9.087,10150,XREAL X4000_Android
46.997,22.983,10156,XREAL X4000_Android
47.030,32.769,10164,XREAL X4000_Android
47.050,17.168,10168,XREAL X4000_Android
47.064,20.200,10173,XREAL X4000_Android
47.097,28.167,10179,XREAL X4000_Android
47.111,14.048,10183,XREAL X4000_Android
47.139,27.966,10189,XREAL X4000_Android
47.155,18.003,10194,XREAL X4000_Android
47.176,20.202,10198,XREAL X4000_Android
47.204,28.322,10205,XREAL X4000_Android
47.226,19.944,10210,XREAL X4000_Android
47.250,23.984,10215,XREAL X4000_Android
47.269,23.464,10221,XREAL X4000_Android
47.292,19.656,10226,XREAL X4000_Android
47.321,28.618,10233,XREAL X4000_Android
47.349,28.260,10239,XREAL X4000_Android
47.363,17.579,10243,XREAL X4000_Android
47.388,22.587,10249,XREAL X4000_Android
47.414,24.972,10255,XREAL X4000_Android
47.430,18.264,10259,XREAL X4000_Android
47.460,26.828,10265,XREAL X4000_Android
47.486,26.711,10272,XREAL X4000_Android
47.498,14.571,10275,XREAL X4000_Android
47.527,28.308,10282,XREAL X4000_Android
47.560,33.371,10290,XREAL X4000_Android
47.569,10.553,10292,XREAL X4000_Android
47.600,27.498,10299,XREAL X4000_Android
47.630,28.758,10306,XREAL X4000_Android
47.652,18.437,10310,XREAL X4000_Android
47.665,21.129,10315,XREAL X4000_Android
47.695,27.452,10322,XREAL X4000_Android
47.704,11.301,10324,XREAL X4000_Android
47.735,28.717,10331,XREAL X4000_Android
47.763,27.720,10338,XREAL X4000_Android
47.774,13.666,10341,XREAL X4000_Android
47.804,27.987,10348,XREAL X4000_Android
47.836,32.320,10355,XREAL X4000_Android
47.857,22.388,10361,XREAL X4000_Android
47.871,14.280,10364,XREAL X4000_Android
47.902,29.147,10371,XREAL X4000_Android
47.922,19.068,10376,XREAL X4000_Android
47.944,19.696,10380,XREAL X4000_Android
47.964,26.239,10386,XREAL X4000_Android
47.983,17.532,10391,XREAL X4000_Android
48.017,27.936,10397,XREAL X4000_Android
48.039,26.915,10404,XREAL X4000_Android
48.068,29.138,10411,XREAL X4000_Android
48.081,14.245,10414,XREAL X4000_Android
48.114,26.874,10420,XREAL X4000_Android
48.138,27.794,10427,XREAL X4000_Android
48.157,18.937,10431,XREAL X4000_Android
48.172,17.636,10436,XREAL X4000_Android
48.213,35.652,10444,XREAL X4000_Android
48.233,21.956,10449,XREAL X4000_Android
48.247,16.593,10453,XREAL X4000_Android
48.271,23.748,10459,XREAL X4000_Android
48.311,37.093,10468,XREAL X4000_Android
48.330,18.688,10472,XREAL X4000_Android
48.345,17.637,10476,XREAL X4000_Android
48.369,25.355,10482,XREAL X4000_Android
48.385,14.614,10486,XREAL X4000_Android
48.426,38.033,10495,XREAL X4000_Android
48.442,17.961,10499,XREAL X4000_Android
48.459,18.872,10504,XREAL X4000_Android
48.482,21.483,10509,XREAL X4000_Android
48.518,34.065,10517,XREAL X4000_Android
48.533,17.687,10521,XREAL X4000_Android
48.561,28.217,10528,XREAL X4000_Android
48.580,17.193,10532,XREAL X4000_Android
48.613,30.026,10539,XREAL X4000_Android
48.633,21.573,10544,XREAL X4000_Android
48.658,23.345,10550,XREAL X4000_Android
48.674,21.273,10555,XREAL X4000_Android
48.705,29.830,10562,XREAL X4000_Android
48.727,19.401,10566,XREAL X4000_Android
48.755,31.528,10574,XREAL X4000_Android
48.770,16.176,10578,XREAL X4000_Android
48.807,32.578,10586,XREAL X4000_Android
48.830,21.020,10591,XREAL X4000_Android
48.851,20.126,10595,XREAL X4000_Android
48.868,23.455,10601,XREAL X4000_Android
48.903,33.741,10609,XREAL X4000_Android
48.922,16.517,10613,XREAL X4000_Android
48.947,22.318,10618,XREAL X4000_Android
48.966,25.350,10624,XREAL X4000_Android
48.985,17.232,10628,XREAL X4000_Android
49.009,24.442,10634,XREAL X4000_Android
49.050,36.192,10643,XREAL X4000_Android
49.071,26.743,10649,XREAL X4000_Android
49.084,13.889,10652,XREAL X4000_Android
49.104,20.208,10657,XREAL X4000_Android
49.143,33.968,10665,XREAL X4000_Android
49.169,28.165,10672,XREAL X4000_Android
49.196,23.332,10677,XREAL X4000_Android
49.226,33.115,10685,XREAL X4000_Android
49.255,33.197,10693,XREAL X4000_Android
49.269,13.895,10696,XREAL X4000_Android
49.289,19.026,10701,XREAL X4000_Android
49.323,30.424,10708,XREAL X4000_Android
49.349,26.417,10714,XREAL X4000_Android
49.365,18.372,10719,XREAL X4000_Android
49.386,21.758,10724,XREAL X4000_Android
49.418,26.881,10730,XREAL X4000_Android
49.445,28.068,10737,XREAL X4000_Android
49.466,25.244,10743,XREAL X4000_Android
49.499,30.818,10750,XREAL X4000_Android
49.531,30.498,10758,XREAL X4000_Android
49.550,14.895,10761,XREAL X4000_Android
49.581,34.717,10769,XREAL X4000_Android
49.591,14.692,10773,XREAL X4000_Android
49.628,32.869,10781,XREAL X4000_Android
49.656,28.813,10788,XREAL X4000_Android
49.674,20.461,10792,XREAL X4000_Android
49.706,30.534,10800,XREAL X4000_Android
49.740,31.746,10807,XREAL X4000_Android
49.764,27.304,10814,XREAL X4000_Android
49.779,13.087,10817,XREAL X4000_Android
49.801,24.204,10823,XREAL X4000_Android
49.835,30.898,10830,XREAL X4000_Android
49.862,29.213,10837,XREAL X4000_Android
49.887,25.071,10843,XREAL X4000_Android
49.913,25.253,10849,XREAL X4000_Android
49.932,18.103,10853,XREAL X4000_Android
49.960,29.312,10860,XREAL X4000_Android
49.984,23.242,10866,XREAL X4000_Android
50.018,31.573,10873,XREAL X4000_Android
50.045,25.726,10879,XREAL X4000_Android
50.070,28.503,10886,XREAL X4000_Android
50.084,14.651,10889,XREAL X4000_Android
50.110,25.162,10895,XREAL X4000_Android
50.140,28.283,10902,XREAL X4000_Android
50.165,28.034,10909,XREAL X4000_Android
50.193,27.589,10915,XREAL X4000_Android
50.230,35.535,10924,XREAL X4000_Android
50.255,26.475,10930,XREAL X4000_Android
50.271,17.683,10934,XREAL X4000_Android
50.289,17.314,10938,XREAL X4000_Android
50.323,31.731,10946,XREAL X4000_Android
50.344,22.401,10951,XREAL X4000_Android
50.368,25.475,10957,XREAL X4000_Android
50.402,32.979,10965,XREAL X4000_Android
50.437,33.236,10973,XREAL X4000_Android
50.465,28.856,10980,XREAL X4000_Android
50.487,19.145,10985,XREAL X4000_Android
50.512,27.036,10991,XREAL X4000_Android
50.526,16.430,10995,XREAL X4000_Android
50.556,27.957,11001,XREAL X4000_Android
50.580,24.763,11007,XREAL X4000_Android
50.611,28.250,11014,XREAL X4000_Android
50.642,31.018,11021,XREAL X4000_Android
50.664,26.592,11028,XREAL X4000_Android
50.694,28.980,11035,XREAL X4000_Android
50.706,12.085,11038,XREAL X4000_Android
50.737,29.145,11044,XREAL X4000_Android
50.764,28.000,11051,XREAL X4000_Android
50.788,25.397,11057,XREAL X4000_Android
50.824,31.499,11065,XREAL X4000_Android
50.849,24.309,11070,XREAL X4000_Android
50.868,24.375,11076,XREAL X4000_Android
50.889,18.260,11081,XREAL X4000_Android
50.916,27.181,11087,XREAL X4000_Android
50.951,30.554,11094,XREAL X4000_Android
50.966,22.252,11100,XREAL X4000_Android
51.000,30.543,11107,XREAL X4000_Android
51.029,30.572,11114,XREAL X4000_Android
51.056,26.065,11120,XREAL X4000_Android
51.079,23.342,11126,XREAL X4000_Android
51.092,16.506,11130,XREAL X4000_Android
51.128,32.945,11138,XREAL X4000_Android
51.154,24.756,11143,XREAL X4000_Android
51.173,21.823,11149,XREAL X4000_Android
51.193,19.206,11153,XREAL X4000_Android
51.224,30.697,11160,XREAL X4000_Android
51.257,26.077,11167,XREAL X4000_Android
51.268,18.153,11171,XREAL X4000_Android
51.290,21.928,11176,XREAL X4000_Android
51.317,25.193,11182,XREAL X4000_Android
51.330,16.135,11186,XREAL X4000_Android
51.359,27.926,11193,XREAL X4000_Android
51.391,29.534,11200,XREAL X4000_Android
51.402,13.313,11203,XREAL X4000_Android
51.429,27.633,11209,XREAL X4000_Android
51.459,27.774,11216,XREAL X4000_Android
51.469,12.806,11219,XREAL X4000_Android
51.499,28.033,11226,XREAL X4000_Android
51.528,30.035,11233,XREAL X4000_Android
51.542,13.209,11236,XREAL X4000_Android
51.565,24.537,11242,XREAL X4000_Android
51.602,33.037,11250,XREAL X4000_Android
51.619,18.986,11254,XREAL X4000_Android
51.635,16.739,11258,XREAL X4000_Android
51.662,28.751,11265,XREAL X4000_Android
51.698,33.706,11273,XREAL X4000_Android
51.713,12.113,11276,XREAL X4000_Android
51.733,23.657,11282,XREAL X4000_Android
51.761,29.637,11289,XREAL X4000_Android
51.769,7.932,11290,XREAL X4000_Android
51.811,34.988,11299,XREAL X4000_Android
51.832,27.498,11305,XREAL X4000_Android
51.851,13.163,11308,XREAL X4000_Android
51.868,22.777,11314,XREAL X4000_Android
51.904,33.606,11322,XREAL X4000_Android
51.924,18.728,11326,XREAL X4000_Android
51.939,18.689,11331,XREAL X4000_Android
51.959,16.911,11335,XREAL X4000_Android
51.984,25.252,11341,XREAL X4000_Android
51.995,13.905,11344,XREAL X4000_Android
52.029,33.176,11352,XREAL X4000_Android
52.046,13.604,11355,XREAL X4000_Android
52.064,22.512,11360,XREAL X4000_Android
52.101,33.829,11369,XREAL X4000_Android
52.118,16.208,11372,XREAL X4000_Android
52.130,15.464,11376,XREAL X4000_Android
52.151,20.248,11381,XREAL X4000_Android
52.178,26.324,11387,XREAL X4000_Android
52.194,15.169,11391,XREAL X4000_Android
52.228,32.687,11398,XREAL X4000_Android
52.243,18.516,11403,XREAL X4000_Android
52.261,16.784,11407,XREAL X4000_Android
52.275,13.494,11410,XREAL X4000_Android
52.302,27.688,11417,XREAL X4000_Android
52.315,12.489,11420,XREAL X4000_Android
52.350,32.325,11427,XREAL X4000_Android
52.365,18.362,11432,XREAL X4000_Android
52.387,23.041,11437,XREAL X4000_Android
52.396,9.854,11440,XREAL X4000_Android
52.435,35.357,11448,XREAL X4000_Android
52.454,19.516,11453,XREAL X4000_Android
52.466,13.324,11456,XREAL X4000_Android
52.482,15.487,11460,XREAL X4000_Android
52.515,31.544,11467,XREAL X4000_Android
52.532,18.853,11472,XREAL X4000_Android
52.551,14.822,11475,XREAL X4000_Android
52.566,19.243,11480,XREAL X4000_Android
52.597,31.214,11487,XREAL X4000_Android
52.609,11.250,11490,XREAL X4000_Android
52.621,14.035,11493,XREAL X4000_Android
52.652,27.883,11500,XREAL X4000_Android
52.678,26.713,11507,XREAL X4000_Android
52.692,16.245,11510,XREAL X4000_Android
52.729,33.256,11518,XREAL X4000_Android
52.751,19.570,11523,XREAL X4000_Android
52.765,20.019,11528,XREAL X4000_Android
52.777,11.128,11531,XREAL X4000_Android
52.800,23.599,11536,XREAL X4000_Android
52.817,15.422,11540,XREAL X4000_Android
52.847,28.831,11547,XREAL X4000_Android
52.863,17.792,11551,XREAL X4000_Android
52.888,23.019,11557,XREAL X4000_Android
52.916,27.349,11563,XREAL X4000_Android
52.929,15.859,11567,XREAL X4000_Android
52.957,28.916,11574,XREAL X4000_Android
52.966,8.486,11576,XREAL X4000_Android
53.004,33.756,11584,XREAL X4000_Android
53.024,21.516,11589,XREAL X4000_Android
53.034,13.980,11593,XREAL X4000_Android
53.065,30.012,11600,XREAL X4000_Android
53.080,12.302,11603,XREAL X4000_Android
53.111,29.389,11610,XREAL X4000_Android
53.131,22.024,11615,XREAL X4000_Android
53.155,23.534,11621,XREAL X4000_Android
53.176,22.772,11626,XREAL X4000_Android
53.191,15.281,11630,XREAL X4000_Android
53.227,33.195,11638,XREAL X4000_Android
53.241,16.029,11642,XREAL X4000_Android
53.263,22.872,11647,XREAL X4000_Android
53.291,26.884,11654,XREAL X4000_Android
53.301,11.902,11657,XREAL X4000_Android
53.335,31.320,11664,XREAL X4000_Android
53.356,18.758,11669,XREAL X4000_Android
53.371,18.379,11673,XREAL X4000_Android
53.402,30.567,11680,XREAL X4000_Android
53.421,17.526,11684,XREAL X4000_Android
53.443,22.935,11690,XREAL X4000_Android
53.467,26.577,11696,XREAL X4000_Android
53.481,14.062,11700,XREAL X4000_Android
53.510,25.242,11706,XREAL X4000_Android
53.530,20.545,11711,XREAL X4000_Android
53.556,28.490,11718,XREAL X4000_Android
53.581,24.687,11724,XREAL X4000_Android
53.594,13.076,11727,XREAL X4000_Android
53.627,30.747,11734,XREAL X4000_Android
53.639,15.083,11738,XREAL X4000_Android
53.663,24.274,11743,XREAL X4000_Android
53.675,10.215,11746,XREAL X4000_Android
53.708,31.430,11753,XREAL X4000_Android
53.728,22.390,11759,XREAL X4000_Android
53.751,22.015,11764,XREAL X4000_Android
53.765,15.080,11768,XREAL X4000_Android
53.790,22.981,11773,XREAL X4000_Android
53.800,13.183,11776,XREAL X4000_Android
53.833,30.248,11784,XREAL X4000_Android
53.856,17.458,11788,XREAL X4000_Android
53.869,19.881,11793,XREAL X4000_Android
53.900,31.720,11800,XREAL X4000_Android
53.914,12.637,11803,XREAL X4000_Android
53.940,26.797,11810,XREAL X4000_Android
53.959,17.793,11814,XREAL X4000_Android
53.981,24.251,11820,XREAL X4000_Android
53.994,12.867,11823,XREAL X4000_Android
54.025,30.842,11830,XREAL X4000_Android
54.041,12.183,11833,XREAL X4000_Android
54.067,28.476,11840,XREAL X4000_Android
54.083,16.681,11844,XREAL X4000_Android
54.111,23.092,11850,XREAL X4000_Android
54.129,19.676,11854,XREAL X4000_Android
54.155,24.778,11860,XREAL X4000_Android
54.173,23.138,11866,XREAL X4000_Android
54.194,18.167,11870,XREAL X4000_Android
54.228,34.181,11878,XREAL X4000_Android
54.244,15.046,11882,XREAL X4000_Android
54.262,21.926,11887,XREAL X4000_Android
54.290,27.163,11894,XREAL X4000_Android
54.300,9.738,11896,XREAL X4000_Android
54.336,33.417,11904,XREAL X4000_Android
54.357,24.220,11910,XREAL X4000_Android
54.369,12.193,11913,XREAL X4000_Android
54.386,16.315,11917,XREAL X4000_Android
54.421,32.007,11924,XREAL X4000_Android
54.434,15.576,11928,XREAL X4000_Android
54.457,23.072,11934,XREAL X4000_Android
54.485,27.256,11940,XREAL X4000_Android
54.497,13.402,11944,XREAL X4000_Android
54.533,35.235,11952,XREAL X4000_Android
54.553,16.118,11956,XREAL X4000_Android
54.566,18.608,11960,XREAL X4000_Android
54.578,9.116,11962,XREAL X4000_Android
54.619,34.714,11971,XREAL X4000_Android
54.638,24.694,11977,XREAL X4000_Android
54.658,20.986,11982,XREAL X4000_Android
54.668,12.670,11985,XREAL X4000_Android
54.693,22.951,11990,XREAL X4000_Android
54.704,11.150,11993,XREAL X4000_Android
54.736,32.479,12001,XREAL X4000_Android
54.768,31.402,12008,XREAL X4000_Android
54.785,14.476,12012,XREAL X4000_Android
54.799,17.639,12016,XREAL X4000_Android
54.819,16.291,12020,XREAL X4000_Android
54.849,27.751,12027,XREAL X4000_Android
54.864,20.873,12032,XREAL X4000_Android
54.889,23.975,12037,XREAL X4000_Android
54.900,12.196,12040,XREAL X4000_Android
54.932,31.002,12048,XREAL X4000_Android
54.953,15.732,12052,XREAL X4000_Android
54.966,19.519,12056,XREAL X4000_Android
54.999,31.898,12064,XREAL X4000_Android
55.012,12.252,12067,XREAL X4000_Android
55.040,27.662,12073,XREAL X4000_Android
55.061,21.102,12079,XREAL X4000_Android
55.082,18.834,12083,XREAL X4000_Android
55.095,15.227,12087,XREAL X4000_Android
55.125,31.257,12094,XREAL X4000_Android
55.141,12.157,12097,XREAL X4000_Android
55.162,25.423,12103,XREAL X4000_Android
55.175,11.623,12106,XREAL X4000_Android
55.204,28.386,12113,XREAL X4000_Android
55.224,19.034,12117,XREAL X4000_Android
55.256,31.567,12125,XREAL X4000_Android
55.267,14.423,12128,XREAL X4000_Android
55.290,22.141,12134,XREAL X4000_Android
55.301,10.891,12136,XREAL X4000_Android
55.333,31.297,12144,XREAL X4000_Android
55.348,13.843,12147,XREAL X4000_Android
55.367,22.439,12153,XREAL X4000_Android
55.387,18.531,12157,XREAL X4000_Android
55.416,26.426,12163,XREAL X4000_Android
55.433,18.391,12168,XREAL X4000_Android
55.459,27.800,12174,XREAL X4000_Android
55.468,9.623,12177,XREAL X4000_Android
55.501,30.210,12184,XREAL X4000_Android
55.518,15.686,12188,XREAL X4000_Android
55.539,22.831,12193,XREAL X4000_Android
55.556,16.057,12197,XREAL X4000_Android
55.577,22.717,12203,XREAL X4000_Android
55.595,17.877,12207,XREAL X4000_Android
55.627,30.565,12214,XREAL X4000_Android
55.639,14.882,12218,XREAL X4000_Android
55.656,14.927,12221,XREAL X4000_Android
55.675,19.092,12226,XREAL X4000_Android
55.691,17.464,12230,XREAL X4000_Android
55.724,30.500,12237,XREAL X4000_Android
55.737,14.928,12241,XREAL X4000_Android
55.764,26.121,12247,XREAL X4000_Android
55.773,9.456,12250,XREAL X4000_Android
55.804,29.435,12257,XREAL X4000_Android
55.824,20.005,12261,XREAL X4000_Android
55.845,21.874,12267,XREAL X4000_Android
55.864,18.070,12271,XREAL X4000_Android
55.887,25.830,12277,XREAL X4000_Android
55.898,10.492,12280,XREAL X4000_Android
55.930,30.396,12287,XREAL X4000_Android
55.946,14.301,12290,XREAL X4000_Android
55.968,25.488,12297,XREAL X4000_Android
56.004,33.816,12305,XREAL X4000_Android
56.024,18.784,12309,XREAL X4000_Android
56.038,17.323,12313,XREAL X4000_Android
56.057,17.527,12318,XREAL X4000_Android
56.079,21.342,12323,XREAL X4000_Android
56.094,17.210,12327,XREAL X4000_Android
56.129,32.573,12335,XREAL X4000_Android
56.150,19.606,12339,XREAL X4000_Android
56.164,16.478,12343,XREAL X4000_Android
56.191,28.993,12350,XREAL X4000_Android
56.200,9.040,12352,XREAL X4000_Android
56.237,34.709,12361,XREAL X4000_Android
56.261,22.011,12366,XREAL X4000_Android
56.271,13.392,12369,XREAL X4000_Android
56.289,17.907,12374,XREAL X4000_Android
56.325,33.949,12382,XREAL X4000_Android
56.346,21.746,12387,XREAL X4000_Android
56.362,16.621,12391,XREAL X4000_Android
56.387,24.502,12397,XREAL X4000_Android
56.424,35.010,12405,XREAL X4000_Android
56.438,17.684,12409,XREAL X4000_Android
56.460,20.862,12414,XREAL X4000_Android
56.483,22.446,12420,XREAL X4000_Android
56.523,34.130,12428,XREAL X4000_Android
56.540,22.198,12433,XREAL X4000_Android
56.559,19.741,12438,XREAL X4000_Android
56.576,18.328,12442,XREAL X4000_Android
56.621,38.612,12452,XREAL X4000_Android
56.639,22.157,12457,XREAL X4000_Android
56.656,17.987,12461,XREAL X4000_Android
56.673,18.560,12466,XREAL X4000_Android
56.708,32.230,12474,XREAL X4000_Android
56.726,20.261,12478,XREAL X4000_Android
56.750,23.688,12484,XREAL X4000_Android
56.763,12.940,12487,XREAL X4000_Android
56.793,29.369,12494,XREAL X4000_Android
56.804,12.423,12497,XREAL X4000_Android
56.814,9.642,12500,XREAL X4000_Android
56.844,28.328,12506,XREAL X4000_Android
56.860,18.218,12511,XREAL X4000_Android
56.870,10.164,12513,XREAL X4000_Android
56.889,17.219,12517,XREAL X4000_Android
56.901,11.917,12520,XREAL X4000_Android
56.910,10.447,12523,XREAL X4000_Android
56.941,29.422,12530,XREAL X4000_Android
56.959,17.947,12534,XREAL X4000_Android
56.969,12.064,12537,XREAL X4000_Android
56.981,11.034,12540,XREAL X4000_Android
56.996,15.479,12543,XREAL X4000_Android
57.009,10.599,12546,XREAL X4000_Android
57.025,17.143,12550,XREAL X4000_Android
57.055,29.814,12557,XREAL X4000_Android
57.066,12.457,12560,XREAL X4000_Android
57.076,9.360,12562,XREAL X4000_Android
57.095,19.031,12567,XREAL X4000_Android
57.105,10.206,12569,XREAL X4000_Android
57.141,32.975,12577,XREAL X4000_Android
57.161,22.472,12583,XREAL X4000_Android
57.174,12.282,12586,XREAL X4000_Android
57.189,14.421,12589,XREAL X4000_Android
57.199,11.962,12592,XREAL X4000_Android
57.212,12.445,12595,XREAL X4000_Android
57.233,20.396,12600,XREAL X4000_Android
57.252,15.593,12604,XREAL X4000_Android
57.263,16.894,12608,XREAL X4000_Android
57.272,8.867,12610,XREAL X4000_Android
57.291,16.250,12614,XREAL X4000_Android
57.299,9.971,12616,XREAL X4000_Android
57.338,34.396,12624,XREAL X4000_Android
57.363,26.393,12631,XREAL X4000_Android
57.374,14.160,12634,XREAL X4000_Android
57.387,12.343,12637,XREAL X4000_Android
57.400,12.695,12640,XREAL X4000_Android
57.410,10.594,12643,XREAL X4000_Android
57.427,17.760,12647,XREAL X4000_Android
57.440,11.002,12649,XREAL X4000_Android
57.460,20.230,12654,XREAL X4000_Android
57.471,12.277,12657,XREAL X4000_Android
57.487,15.590,12661,XREAL X4000_Android
57.499,11.552,12664,XREAL X4000_Android
57.508,9.818,12666,XREAL X4000_Android
57.525,17.046,12670,XREAL X4000_Android
57.553,28.221,12677,XREAL X4000_Android
57.566,13.288,12680,XREAL X4000_Android
57.577,8.693,12682,XREAL X4000_Android
57.597,20.896,12687,XREAL X4000_Android
57.607,10.899,12689,XREAL X4000_Android
57.623,15.267,12693,XREAL X4000_Android
57.653,28.893,12700,XREAL X4000_Android
57.663,13.477,12703,XREAL X4000_Android
57.673,8.442,12705,XREAL X4000_Android
57.693,18.414,12709,XREAL X4000_Android
57.703,11.921,12712,XREAL X4000_Android
57.721,15.996,12716,XREAL X4000_Android
57.749,28.006,12723,XREAL X4000_Android
57.764,15.199,12726,XREAL X4000_Android
57.774,10.594,12729,XREAL X4000_Android
57.790,15.170,12732,XREAL X4000_Android
57.801,11.763,12735,XREAL X4000_Android
57.816,14.643,12739,XREAL X4000_Android
57.848,29.550,12746,XREAL X4000_Android
57.863,17.264,12750,XREAL X4000_Android
57.871,11.475,12753,XREAL X4000_Android
57.886,12.744,12756,XREAL X4000_Android
57.898,11.708,12758,XREAL X4000_Android
57.911,11.637,12761,XREAL X4000_Android
57.927,18.455,12766,XREAL X4000_Android
57.958,29.303,12773,XREAL X4000_Android
57.969,13.074,12776,XREAL X4000_Android
57.983,11.999,12778,XREAL X4000_Android
57.994,13.196,12782,XREAL X4000_Android
58.009,12.348,12785,XREAL X4000_Android
58.040,29.678,12792,XREAL X4000_Android
58.057,18.025,12796,XREAL X4000_Android
58.069,14.197,12799,XREAL X4000_Android
58.081,11.074,12802,XREAL X4000_Android
58.093,13.270,12805,XREAL X4000_Android
58.104,10.030,12807,XREAL X4000_Android
58.123,16.477,12811,XREAL X4000_Android
58.153,29.357,12818,XREAL X4000_Android
58.167,16.058,12822,XREAL X4000_Android
58.176,10.227,12825,XREAL X4000_Android
58.191,16.163,12828,XREAL X4000_Android
58.201,9.719,12831,XREAL X4000_Android
58.221,17.861,12835,XREAL X4000_Android
58.252,27.291,12841,XREAL X4000_Android
58.264,17.427,12846,XREAL X4000_Android
58.276,10.579,12848,XREAL X4000_Android
58.292,16.331,12852,XREAL X4000_Android
58.304,11.965,12855,XREAL X4000_Android
58.319,12.810,12858,XREAL X4000_Android
58.348,28.088,12865,XREAL X4000_Android
58.360,16.118,12868,XREAL X4000_Android
58.371,11.168,12871,XREAL X4000_Android
58.384,12.024,12874,XREAL X4000_Android
58.396,12.691,12877,XREAL X4000_Android
58.412,14.426,12880,XREAL X4000_Android
58.427,16.959,12884,XREAL X4000_Android
58.457,29.307,12891,XREAL X4000_Android
58.468,11.037,12894,XREAL X4000_Android
58.484,14.211,12897,XREAL X4000_Android
58.495,14.621,12901,XREAL X4000_Android
58.509,9.978,12903,XREAL X4000_Android
58.526,19.000,12908,XREAL X4000_Android
58.556,26.777,12914,XREAL X4000_Android
58.569,16.963,12918,XREAL X4000_Android
58.579,11.009,12921,XREAL X4000_Android
58.594,13.282,12924,XREAL X4000_Android
58.607,11.300,12927,XREAL X4000_Android
58.620,15.502,12930,XREAL X4000_Android
58.633,12.461,12933,XREAL X4000_Android
58.663,29.644,12940,XREAL X4000_Android
58.675,11.250,12943,XREAL X4000_Android
58.692,18.387,12947,XREAL X4000_Android
58.701,9.294,12949,XREAL X4000_Android
58.721,18.193,12954,XREAL X4000_Android
58.734,12.309,12957,XREAL X4000_Android
58.748,14.465,12960,XREAL X4000_Android
58.772,24.952,12966,XREAL X4000_Android
58.791,17.845,12970,XREAL X4000_Android
58.800,10.950,12973,XREAL X4000_Android
58.816,13.922,12976,XREAL X4000_Android
58.827,14.363,12980,XREAL X4000_Android
58.843,13.819,12983,XREAL X4000_Android
58.860,15.975,12987,XREAL X4000_Android
58.889,27.234,12993,XREAL X4000_Android
58.901,14.705,12997,XREAL X4000_Android
58.913,12.251,13000,XREAL X4000_Android
58.928,15.181,13003,XREAL X4000_Android
58.940,11.905,13006,XREAL X4000_Android
58.966,26.894,13012,XREAL X4000_Android
58.983,15.153,13016,XREAL X4000_Android
58.995,15.453,13020,XREAL X4000_Android
59.009,10.881,13022,XREAL X4000_Android
59.026,17.468,13026,XREAL X4000_Android
59.037,11.108,13029,XREAL X4000_Android
59.065,28.390,13036,XREAL X4000_Android
59.080,12.546,13039,XREAL X4000_Android
59.095,17.417,13043,XREAL X4000_Android
59.105,10.121,13045,XREAL X4000_Android
59.124,18.650,13050,XREAL X4000_Android
59.135,10.701,13052,XREAL X4000_Android
59.164,29.593,13059,XREAL X4000_Android
59.175,9.992,13062,XREAL X4000_Android
59.194,18.773,13066,XREAL X4000_Android
59.206,12.312,13069,XREAL X4000_Android
59.222,14.907,13073,XREAL X4000_Android
59.235,13.738,13076,XREAL X4000_Android
59.253,16.965,13080,XREAL X4000_Android
59.270,20.962,13085,XREAL X4000_Android
59.292,18.654,13089,XREAL X4000_Android
59.301,11.881,13092,XREAL X4000_Android
59.318,15.439,13096,XREAL X4000_Android
59.331,12.735,13099,XREAL X4000_Android
59.342,12.549,13102,XREAL X4000_Android
59.368,26.241,13108,XREAL X4000_Android
59.387,16.635,13112,XREAL X4000_Android
59.400,14.672,13116,XREAL X4000_Android
59.413,10.229,13118,XREAL X4000_Android
59.427,16.202,13122,XREAL X4000_Android
59.459,28.680,13129,XREAL X4000_Android
59.469,14.021,13132,XREAL X4000_Android
59.484,12.621,13135,XREAL X4000_Android
59.497,15.047,13139,XREAL X4000_Android
59.507,9.184,13141,XREAL X4000_Android
59.526,18.630,13145,XREAL X4000_Android
59.555,28.115,13152,XREAL X4000_Android
59.567,13.473,13155,XREAL X4000_Android
59.578,10.550,13158,XREAL X4000_Android
59.594,16.969,13162,XREAL X4000_Android
59.625,28.375,13168,XREAL X4000_Android
59.638,14.589,13172,XREAL X4000_Android
59.655,17.041,13176,XREAL X4000_Android
59.669,14.868,13179,XREAL X4000_Android
59.693,23.165,13185,XREAL X4000_Android
59.705,12.512,13188,XREAL X4000_Android
59.720,12.414,13191,XREAL X4000_Android
59.732,14.600,13194,XREAL X4000_Android
59.761,30.021,13201,XREAL X4000_Android
59.771,10.811,13204,XREAL X4000_Android
59.787,15.602,13208,XREAL X4000_Android
59.825,30.278,13215,XREAL X4000_Android
59.838,19.381,13219,XREAL X4000_Android
59.860,16.575,13223,XREAL X4000_Android
59.869,14.468,13227,XREAL X4000_Android
59.904,33.304,13235,XREAL X4000_Android
59.921,16.317,13239,XREAL X4000_Android
59.939,20.094,13243,XREAL X4000_Android
59.965,27.114,13250,XREAL X4000_Android
60.005,35.433,13258,XREAL X4000_Android
60.025,21.333,13263,XREAL X4000_Android
60.036,13.740,13267,XREAL X4000_Android
60.066,29.715,13274,XREAL X4000_Android
60.079,11.951,13277,XREAL X4000_Android
60.112,28.689,13283,XREAL X4000_Android
60.136,28.666,13290,XREAL X4000_Android
60.166,29.416,13297,XREAL X4000_Android
60.195,29.982,13304,XREAL X4000_Android
60.205,9.943,13307,XREAL X4000_Android
60.235,28.321,13313,XREAL X4000_Android
60.264,31.128,13321,XREAL X4000_Android
60.290,26.309,13327,XREAL X4000_Android
60.300,10.566,13330,XREAL X4000_Android
60.339,34.036,13338,XREAL X4000_Android
60.363,25.865,13344,XREAL X4000_Android
60.387,25.560,13350,XREAL X4000_Android
60.396,10.936,13352,XREAL X4000_Android
60.434,33.286,13360,XREAL X4000_Android
60.462,30.248,13368,XREAL X4000_Android
60.483,20.538,13372,XREAL X4000_Android
60.496,15.316,13376,XREAL X4000_Android
60.533,36.317,13385,XREAL X4000_Android
60.559,20.725,13390,XREAL X4000_Android
60.575,22.182,13395,XREAL X4000_Android
60.591,16.437,13399,XREAL X4000_Android
60.631,34.697,13407,XREAL X4000_Android
60.661,29.861,13414,XREAL X4000_Android
60.676,17.428,13418,XREAL X4000_Android
60.703,26.910,13425,XREAL X4000_Android
60.720,18.086,13429,XREAL X4000_Android
60.749,27.906,13436,XREAL X4000_Android
60.772,23.514,13441,XREAL X4000_Android
60.808,33.395,13449,XREAL X4000_Android
60.825,18.502,13454,XREAL X4000_Android
60.850,22.375,13459,XREAL X4000_Android
60.868,23.432,13464,XREAL X4000_Android
60.900,32.048,13472,XREAL X4000_Android
60.917,13.218,13475,XREAL X4000_Android
60.944,27.033,13482,XREAL X4000_Android
60.966,25.531,13488,XREAL X4000_Android
60.998,31.174,13495,XREAL X4000_Android
61.012,14.200,13498,XREAL X4000_Android
61.043,26.555,13505,XREAL X4000_Android
61.066,27.333,13511,XREAL X4000_Android
61.097,29.780,13518,XREAL X4000_Android
61.128,31.214,13526,XREAL X4000_Android
61.147,15.123,13529,XREAL X4000_Android
61.165,22.707,13535,XREAL X4000_Android
61.198,30.292,13542,XREAL X4000_Android
61.213,14.906,13545,XREAL X4000_Android
61.233,23.209,13551,XREAL X4000_Android
61.262,29.799,13558,XREAL X4000_Android
61.273,9.676,13560,XREAL X4000_Android
61.303,28.627,13567,XREAL X4000_Android
61.322,18.063,13571,XREAL X4000_Android
61.348,23.593,13577,XREAL X4000_Android
61.368,25.624,13583,XREAL X4000_Android
61.389,18.464,13588,XREAL X4000_Android
61.419,28.083,13594,XREAL X4000_Android
61.443,25.029,13600,XREAL X4000_Android
61.458,18.589,13605,XREAL X4000_Android
61.469,10.698,13607,XREAL X4000_Android
61.500,29.292,13614,XREAL X4000_Android
61.514,13.964,13618,XREAL X4000_Android
61.526,14.677,13621,XREAL X4000_Android
61.538,9.804,13623,XREAL X4000_Android
61.565,29.145,13630,XREAL X4000_Android
61.579,12.885,13634,XREAL X4000_Android
61.596,16.097,13637,XREAL X4000_Android
61.604,9.164,13640,XREAL X4000_Android
61.623,17.016,13644,XREAL X4000_Android
61.635,13.568,13647,XREAL X4000_Android
61.663,29.055,13654,XREAL X4000_Android
61.674,11.036,13657,XREAL X4000_Android
61.693,17.210,13661,XREAL X4000_Android
61.702,10.605,13663,XREAL X4000_Android
61.719,15.960,13667,XREAL X4000_Android
61.750,29.356,13674,XREAL X4000_Android
61.762,14.168,13678,XREAL X4000_Android
61.772,9.687,13680,XREAL X4000_Android
61.787,16.422,13684,XREAL X4000_Android
61.799,11.902,13687,XREAL X4000_Android
61.836,32.181,13694,XREAL X4000_Android
61.860,23.322,13700,XREAL X4000_Android
61.871,15.599,13704,XREAL X4000_Android
61.886,15.319,13707,XREAL X4000_Android
61.897,11.818,13710,XREAL X4000_Android
61.910,12.374,13713,XREAL X4000_Android
61.928,15.358,13717,XREAL X4000_Android
61.940,12.446,13720,XREAL X4000_Android
61.959,18.997,13724,XREAL X4000_Android
61.966,10.150,13727,XREAL X4000_Android
61.985,14.977,13730,XREAL X4000_Android
61.997,14.739,13734,XREAL X4000_Android
62.030,30.426,13741,XREAL X4000_Android
62.043,13.815,13745,XREAL X4000_Android
62.062,17.222,13749,XREAL X4000_Android
62.072,14.027,13752,XREAL X4000_Android
62.086,13.844,13755,XREAL X4000_Android
62.099,12.219,13758,XREAL X4000_Android
62.128,26.435,13765,XREAL X4000_Android
62.138,12.770,13768,XREAL X4000_Android
62.156,15.708,13772,XREAL X4000_Android
62.168,14.484,13775,XREAL X4000_Android
62.181,10.872,13778,XREAL X4000_Android
62.201,22.312,13783,XREAL X4000_Android
62.224,20.117,13788,XREAL X4000_Android
62.234,14.149,13791,XREAL X4000_Android
62.252,13.411,13794,XREAL X4000_Android
62.265,17.131,13799,XREAL X4000_Android
62.291,23.491,13804,XREAL X4000_Android
62.302,12.687,13807,XREAL X4000_Android
62.317,13.014,13810,XREAL X4000_Android
62.329,14.006,13814,XREAL X4000_Android
62.357,29.604,13821,XREAL X4000_Android
62.368,9.117,13823,XREAL X4000_Android
62.386,17.530,13827,XREAL X4000_Android
62.425,35.138,13836,XREAL X4000_Android
62.438,17.986,13840,XREAL X4000_Android
62.455,17.266,13844,XREAL X4000_Android
62.469,12.511,13847,XREAL X4000_Android
62.483,14.949,13851,XREAL X4000_Android
62.496,12.764,13854,XREAL X4000_Android
62.507,11.041,13856,XREAL X4000_Android
62.524,16.493,13860,XREAL X4000_Android
62.537,12.453,13863,XREAL X4000_Android
62.556,17.959,13868,XREAL X4000_Android
62.582,24.662,13874,XREAL X4000_Android
62.597,16.740,13878,XREAL X4000_Android
62.607,11.528,13880,XREAL X4000_Android
62.622,13.888,13884,XREAL X4000_Android
62.633,12.646,13887,XREAL X4000_Android
62.663,29.722,13894,XREAL X4000_Android
62.674,10.430,13896,XREAL X4000_Android
62.692,16.739,13900,XREAL X4000_Android
62.702,10.879,13903,XREAL X4000_Android
62.720,17.517,13907,XREAL X4000_Android
62.748,28.268,13914,XREAL X4000_Android
62.763,15.492,13918,XREAL X4000_Android
62.776,11.621,13921,XREAL X4000_Android
62.789,13.728,13924,XREAL X4000_Android
62.822,31.963,13931,XREAL X4000_Android
62.834,13.791,13935,XREAL X4000_Android
62.850,15.381,13938,XREAL X4000_Android
62.870,21.014,13944,XREAL X4000_Android
62.886,15.015,13947,XREAL X4000_Android
62.917,29.930,13954,XREAL X4000_Android
62.930,15.101,13958,XREAL X4000_Android
62.958,26.979,13964,XREAL X4000_Android
62.968,11.457,13967,XREAL X4000_Android
62.997,27.565,13974,XREAL X4000_Android
63.029,31.274,13981,XREAL X4000_Android
63.045,13.911,13985,XREAL X4000_Android
63.066,24.328,13990,XREAL X4000_Android
63.097,29.235,13997,XREAL X4000_Android
63.129,31.283,14005,XREAL X4000_Android
63.146,15.571,14009,XREAL X4000_Android
63.165,21.888,14014,XREAL X4000_Android
63.194,27.851,14021,XREAL X4000_Android
63.225,32.220,14028,XREAL X4000_Android
63.240,13.649,14032,XREAL X4000_Android
63.262,23.054,14037,XREAL X4000_Android
63.292,30.485,14045,XREAL X4000_Android
63.302,12.245,14047,XREAL X4000_Android
63.333,28.377,14054,XREAL X4000_Android
63.355,18.418,14059,XREAL X4000_Android
63.372,20.230,14064,XREAL X4000_Android
63.399,30.000,14071,XREAL X4000_Android
63.412,11.352,14073,XREAL X4000_Android
63.450,31.175,14081,XREAL X4000_Android
63.463,20.656,14086,XREAL X4000_Android
63.487,24.093,14092,XREAL X4000_Android
63.499,10.004,14094,XREAL X4000_Android
63.530,30.014,14101,XREAL X4000_Android
63.550,16.644,14105,XREAL X4000_Android
63.565,20.359,14110,XREAL X4000_Android
63.577,11.370,14113,XREAL X4000_Android
63.610,28.655,14120,XREAL X4000_Android
63.626,21.573,14125,XREAL X4000_Android
63.656,27.381,14132,XREAL X4000_Android
63.669,14.282,14135,XREAL X4000_Android
63.694,23.695,14141,XREAL X4000_Android
63.703,12.277,14144,XREAL X4000_Android
63.734,29.383,14151,XREAL X4000_Android
63.764,29.138,14158,XREAL X4000_Android
63.775,11.528,14160,XREAL X4000_Android
63.806,28.817,14167,XREAL X4000_Android
63.824,20.603,14172,XREAL X4000_Android
63.848,20.235,14177,XREAL X4000_Android
63.863,17.883,14181,XREAL X4000_Android
63.887,25.469,14188,XREAL X4000_Android
63.897,10.390,14190,XREAL X4000_Android
63.934,32.941,14198,XREAL X4000_Android
63.953,18.867,14202,XREAL X4000_Android
63.968,18.601,14207,XREAL X4000_Android
63.996,27.920,14214,XREAL X4000_Android
64.005,10.044,14216,XREAL X4000_Android
64.043,34.168,14224,XREAL X4000_Android
64.065,22.672,14230,XREAL X4000_Android
64.078,15.649,14233,XREAL X4000_Android
64.093,15.466,14237,XREAL X4000_Android
64.130,32.638,14245,XREAL X4000_Android
64.146,15.924,14249,XREAL X4000_Android
64.164,22.080,14254,XREAL X4000_Android
64.194,28.504,14261,XREAL X4000_Android
64.203,10.864,14264,XREAL X4000_Android
64.238,29.142,14271,XREAL X4000_Android
64.260,25.711,14277,XREAL X4000_Android
64.272,13.154,14280,XREAL X4000_Android
64.306,31.922,14288,XREAL X4000_Android
64.324,17.739,14292,XREAL X4000_Android
64.342,19.610,14296,XREAL X4000_Android
64.369,28.065,14303,XREAL X4000_Android
64.389,16.344,14307,XREAL X4000_Android
64.420,29.423,14314,XREAL X4000_Android
64.434,16.617,14318,XREAL X4000_Android
64.458,25.939,14324,XREAL X4000_Android
64.487,25.386,14331,XREAL X4000_Android
64.497,15.109,14334,XREAL X4000_Android
64.534,33.697,14342,XREAL X4000_Android
64.560,27.657,14349,XREAL X4000_Android
64.572,12.161,14352,XREAL X4000_Android
64.594,22.701,14357,XREAL X4000_Android
64.634,36.223,14366,XREAL X4000_Android
64.652,20.878,14371,XREAL X4000_Android
64.666,14.002,14374,XREAL X4000_Android
64.694,28.063,14381,XREAL X4000_Android
64.706,12.151,14384,XREAL X4000_Android
64.735,29.446,14391,XREAL X4000_Android
64.756,18.233,14395,XREAL X4000_Android
64.774,19.265,14400,XREAL X4000_Android
64.800,27.176,14407,XREAL X4000_Android
64.816,16.333,14410,XREAL X4000_Android
64.848,25.909,14417,XREAL X4000_Android
64.868,26.454,14423,XREAL X4000_Android
64.884,16.442,14427,XREAL X4000_Android
64.918,30.459,14434,XREAL X4000_Android
64.947,26.546,14441,XREAL X4000_Android
64.966,25.239,14447,XREAL X4000_Android
64.984,15.288,14450,XREAL X4000_Android
65.010,25.631,14457,XREAL X4000_Android
65.050,36.599,14465,XREAL X4000_Android
65.066,20.804,14470,XREAL X4000_Android
65.080,13.724,14474,XREAL X4000_Android
65.107,25.764,14480,XREAL X4000_Android
65.139,31.553,14487,XREAL X4000_Android
65.167,28.532,14494,XREAL X4000_Android
65.181,16.141,14498,XREAL X4000_Android
65.201,19.800,14503,XREAL X4000_Android
65.244,37.128,14512,XREAL X4000_Android
65.266,25.550,14518,XREAL X4000_Android
65.277,14.439,14521,XREAL X4000_Android
65.301,21.275,14526,XREAL X4000_Android
65.318,16.689,14530,XREAL X4000_Android
65.348,28.294,14537,XREAL X4000_Android
65.371,27.541,14544,XREAL X4000_Android
65.385,13.824,14547,XREAL X4000_Android
65.418,27.060,14554,XREAL X4000_Android
65.449,30.372,14561,XREAL X4000_Android
65.467,21.929,14566,XREAL X4000_Android
65.482,15.891,14570,XREAL X4000_Android
65.518,30.629,14577,XREAL X4000_Android
65.533,20.750,14582,XREAL X4000_Android
65.557,23.267,14588,XREAL X4000_Android
65.582,23.467,14594,XREAL X4000_Android
65.596,15.989,14597,XREAL X4000_Android
65.627,29.271,14604,XREAL X4000_Android
65.654,30.411,14612,XREAL X4000_Android
65.666,12.176,14615,XREAL X4000_Android
65.695,26.981,14621,XREAL X4000_Android
65.728,30.402,14628,XREAL X4000_Android
65.745,18.418,14633,XREAL X4000_Android
65.764,18.862,14637,XREAL X4000_Android
65.795,31.008,14645,XREAL X4000_Android
65.805,12.024,14648,XREAL X4000_Android
65.835,28.007,14654,XREAL X4000_Android
65.849,15.323,14658,XREAL X4000_Android
65.868,20.881,14663,XREAL X4000_Android
65.902,33.306,14671,XREAL X4000_Android
65.925,18.176,14675,XREAL X4000_Android
65.940,19.038,14680,XREAL X4000_Android
65.967,27.677,14687,XREAL X4000_Android
65.983,14.495,14690,XREAL X4000_Android
66.018,30.892,14698,XREAL X4000_Android
66.034,20.403,14702,XREAL X4000_Android
66.059,26.374,14709,XREAL X4000_Android
66.080,19.478,14713,XREAL X4000_Android
66.093,15.870,14717,XREAL X4000_Android
66.128,29.960,14724,XREAL X4000_Android
66.145,17.390,14729,XREAL X4000_Android
66.164,23.060,14734,XREAL X4000_Android
66.195,29.124,14741,XREAL X4000_Android
66.206,11.312,14744,XREAL X4000_Android
66.235,28.326,14751,XREAL X4000_Android
66.260,18.827,14755,XREAL X4000_Android
66.270,18.809,14760,XREAL X4000_Android
66.308,33.763,14768,XREAL X4000_Android
66.328,22.299,14773,XREAL X4000_Android
66.346,18.468,14778,XREAL X4000_Android
66.371,23.940,14783,XREAL X4000_Android
66.386,15.493,14787,XREAL X4000_Android
66.418,31.148,14795,XREAL X4000_Android
66.432,15.420,14798,XREAL X4000_Android
66.459,25.221,14804,XREAL X4000_Android
66.484,25.726,14810,XREAL X4000_Android
66.495,14.226,14814,XREAL X4000_Android
66.534,34.445,14822,XREAL X4000_Android
66.555,19.536,14827,XREAL X4000_Android
66.570,18.067,14831,XREAL X4000_Android
66.595,25.893,14837,XREAL X4000_Android
66.607,10.363,14840,XREAL X4000_Android
66.641,32.768,14848,XREAL X4000_Android
66.662,21.706,14853,XREAL X4000_Android
66.677,15.093,14857,XREAL X4000_Android
66.703,28.870,14864,XREAL X4000_Android
66.720,16.353,14867,XREAL X4000_Android
66.751,28.183,14874,XREAL X4000_Android
66.771,23.667,14880,XREAL X4000_Android
66.790,16.651,14884,XREAL X4000_Android
66.824,31.408,14891,XREAL X4000_Android
66.836,15.479,14895,XREAL X4000_Android
66.859,24.957,14901,XREAL X4000_Android
66.889,26.088,14907,XREAL X4000_Android
66.900,13.541,14911,XREAL X4000_Android
66.934,31.874,14918,XREAL X4000_Android
66.951,17.045,14922,XREAL X4000_Android
66.966,16.757,14926,XREAL X4000_Android
66.998,32.035,14934,XREAL X4000_Android
67.011,11.181,14937,XREAL X4000_Android
67.043,31.053,14944,XREAL X4000_Android
67.063,22.042,14950,XREAL X4000_Android
67.081,16.443,14953,XREAL X4000_Android
67.107,26.472,14960,XREAL X4000_Android
67.124,18.901,14964,XREAL X4000_Android
67.157,32.723,14972,XREAL X4000_Android
67.168,12.869,14975,XREAL X4000_Android
67.192,21.686,14980,XREAL X4000_Android
67.228,31.483,14988,XREAL X4000_Android
67.243,16.976,14992,XREAL X4000_Android
67.265,24.397,14998,XREAL X4000_Android
67.293,25.957,15004,XREAL X4000_Android
67.304,13.870,15008,XREAL X4000_Android
67.331,28.303,15014,XREAL X4000_Android
67.345,9.377,15017,XREAL X4000_Android
67.368,27.012,15023,XREAL X4000_Android
67.405,33.271,15031,XREAL X4000_Android
67.427,20.493,15036,XREAL X4000_Android
67.445,18.479,15040,XREAL X4000_Android
67.459,17.332,15045,XREAL X4000_Android
67.483,23.739,15050,XREAL X4000_Android
67.515,27.488,15057,XREAL X4000_Android
67.532,23.143,15062,XREAL X4000_Android
67.558,23.335,15068,XREAL X4000_Android
67.569,13.061,15071,XREAL X4000_Android
67.596,27.180,15078,XREAL X4000_Android
67.628,29.831,15085,XREAL X4000_Android
67.642,15.707,15089,XREAL X4000_Android
67.666,23.756,15094,XREAL X4000_Android
67.681,12.349,15097,XREAL X4000_Android
67.707,26.392,15104,XREAL X4000_Android
67.726,19.391,15108,XREAL X4000_Android
67.751,23.465,15114,XREAL X4000_Android
67.771,23.736,15120,XREAL X4000_Android
67.792,18.811,15124,XREAL X4000_Android
67.824,30.763,15131,XREAL X4000_Android
67.838,17.178,15136,XREAL X4000_Android
67.861,22.841,15141,XREAL X4000_Android
67.887,27.026,15148,XREAL X4000_Android
67.897,10.861,15150,XREAL X4000_Android
67.934,31.982,15158,XREAL X4000_Android
67.953,17.283,15162,XREAL X4000_Android
67.969,20.983,15167,XREAL X4000_Android
67.997,27.987,15174,XREAL X4000_Android
68.006,9.499,15176,XREAL X4000_Android
68.043,30.954,15183,XREAL X4000_Android
68.063,25.468,15190,XREAL X4000_Android
68.080,15.746,15193,XREAL X4000_Android
68.119,34.329,15202,XREAL X4000_Android
68.134,22.693,15207,XREAL X4000_Android
68.153,16.655,15211,XREAL X4000_Android
68.165,13.733,15214,XREAL X4000_Android
68.192,25.771,15221,XREAL X4000_Android
68.230,35.534,15229,XREAL X4000_Android
68.244,16.881,15233,XREAL X4000_Android
68.266,21.787,15238,XREAL X4000_Android
68.291,24.596,15244,XREAL X4000_Android
68.300,11.248,15247,XREAL X4000_Android
68.337,32.847,15255,XREAL X4000_Android
68.361,20.667,15260,XREAL X4000_Android
68.372,16.297,15264,XREAL X4000_Android
68.401,29.410,15271,XREAL X4000_Android
68.413,12.584,15274,XREAL X4000_Android
68.447,26.781,15280,XREAL X4000_Android
68.461,22.022,15285,XREAL X4000_Android
68.492,29.000,15292,XREAL X4000_Android
68.509,17.223,15297,XREAL X4000_Android
68.527,17.218,15301,XREAL X4000_Android
68.556,30.173,15308,XREAL X4000_Android
68.584,24.825,15314,XREAL X4000_Android
68.596,15.565,15318,XREAL X4000_Android
68.630,31.897,15325,XREAL X4000_Android
68.648,17.455,15329,XREAL X4000_Android
68.665,20.353,15334,XREAL X4000_Android
68.695,27.976,15341,XREAL X4000_Android
68.703,9.831,15343,XREAL X4000_Android
68.736,31.396,15351,XREAL X4000_Android
68.765,28.907,15358,XREAL X4000_Android
68.774,11.059,15361,XREAL X4000_Android
68.800,26.257,15367,XREAL X4000_Android
68.818,15.763,15371,XREAL X4000_Android
68.850,26.857,15377,XREAL X4000_Android
68.871,26.680,15383,XREAL X4000_Android
68.887,14.944,15387,XREAL X4000_Android
68.917,26.114,15393,XREAL X4000_Android
68.945,30.641,15401,XREAL X4000_Android
68.964,21.279,15406,XREAL X4000_Android
68.986,20.084,15411,XREAL X4000_Android
69.011,24.338,15416,XREAL X4000_Android
69.029,18.105,15421,XREAL X4000_Android
69.057,27.755,15427,XREAL X4000_Android
69.069,15.789,15431,XREAL X4000_Android
69.094,23.399,15437,XREAL X4000_Android
69.129,34.050,15445,XREAL X4000_Android
69.144,17.190,15449,XREAL X4000_Android
69.165,20.787,15454,XREAL X4000_Android
69.193,28.974,15461,XREAL X4000_Android
69.202,9.701,15463,XREAL X4000_Android
69.240,33.971,15472,XREAL X4000_Android
69.271,31.249,15479,XREAL X4000_Android
69.292,22.638,15485,XREAL X4000_Android
69.302,10.708,15487,XREAL X4000_Android
69.332,28.876,15494,XREAL X4000_Android
69.345,10.560,15497,XREAL X4000_Android
69.369,28.655,15503,XREAL X4000_Android
69.399,29.780,15511,XREAL X4000_Android
69.410,10.649,15513,XREAL X4000_Android
69.447,31.514,15521,XREAL X4000_Android
69.464,16.697,15525,XREAL X4000_Android
69.485,24.155,15531,XREAL X4000_Android
69.506,22.982,15536,XREAL X4000_Android
69.526,18.532,15540,XREAL X4000_Android
69.561,34.653,15549,XREAL X4000_Android
69.579,18.172,15553,XREAL X4000_Android
69.593,16.332,15557,XREAL X4000_Android
69.622,29.098,15564,XREAL X4000_Android
69.634,11.395,15567,XREAL X4000_Android
69.668,34.677,15575,XREAL X4000_Android
69.697,27.919,15582,XREAL X4000_Android
69.705,9.169,15584,XREAL X4000_Android
69.734,27.616,15591,XREAL X4000_Android
69.766,33.393,15599,XREAL X4000_Android
69.779,10.510,15601,XREAL X4000_Android
69.798,21.516,15606,XREAL X4000_Android
69.839,35.871,15615,XREAL X4000_Android
69.867,32.965,15623,XREAL X4000_Android
69.885,11.370,15626,XREAL X4000_Android
69.897,19.039,15630,XREAL X4000_Android
69.910,10.632,15633,XREAL X4000_Android
69.943,29.400,15640,XREAL X4000_Android
69.969,31.383,15647,XREAL X4000_Android
69.982,12.192,15650,XREAL X4000_Android
70.020,30.398,15658,XREAL X4000_Android
70.041,28.477,15664,XREAL X4000_Android
70.059,16.506,15668,XREAL X4000_Android
70.081,20.582,15673,XREAL X4000_Android
70.116,31.763,15681,XREAL X4000_Android
70.131,20.974,15686,XREAL X4000_Android
70.156,23.594,15692,XREAL X4000_Android
70.175,20.727,15697,XREAL X4000_Android
70.190,15.567,15700,XREAL X4000_Android
70.228,37.213,15709,XREAL X4000_Android
70.247,14.666,15713,XREAL X4000_Android
70.262,20.561,15718,XREAL X4000_Android
70.291,26.313,15724,XREAL X4000_Android
70.322,33.030,15732,XREAL X4000_Android
70.335,13.043,15735,XREAL X4000_Android
70.363,26.399,15741,XREAL X4000_Android
70.389,26.558,15748,XREAL X4000_Android
70.400,12.279,15751,XREAL X4000_Android
70.436,34.140,15759,XREAL X4000_Android
70.457,18.403,15763,XREAL X4000_Android
70.467,15.959,15767,XREAL X4000_Android
70.497,27.728,15774,XREAL X4000_Android
70.508,10.843,15776,XREAL X4000_Android
70.539,30.070,15784,XREAL X4000_Android
70.566,29.946,15791,XREAL X4000_Android
70.576,9.247,15793,XREAL X4000_Android
70.604,27.849,15800,XREAL X4000_Android
70.640,33.590,15808,XREAL X4000_Android
70.656,17.944,15812,XREAL X4000_Android
70.672,17.015,15816,XREAL X4000_Android
70.701,29.368,15823,XREAL X4000_Android
70.719,16.431,15827,XREAL X4000_Android
70.749,26.185,15833,XREAL X4000_Android
70.769,25.049,15839,XREAL X4000_Android
70.787,17.275,15844,XREAL X4000_Android
70.820,30.331,15851,XREAL X4000_Android
70.845,26.310,15857,XREAL X4000_Android
70.861,17.729,15861,XREAL X4000_Android
70.887,25.618,15868,XREAL X4000_Android
70.909,22.612,15873,XREAL X4000_Android
70.939,28.749,15880,XREAL X4000_Android
70.958,19.846,15885,XREAL X4000_Android
70.980,20.930,15890,XREAL X4000_Android
71.007,27.350,15896,XREAL X4000_Android
71.039,31.743,15904,XREAL X4000_Android
71.068,26.649,15910,XREAL X4000_Android
71.077,13.013,15913,XREAL X4000_Android
71.102,25.301,15919,XREAL X4000_Android
71.140,35.736,15928,XREAL X4000_Android
71.159,20.700,15933,XREAL X4000_Android
71.174,14.418,15936,XREAL X4000_Android
71.200,27.167,15943,XREAL X4000_Android
71.236,35.003,15951,XREAL X4000_Android
71.252,13.950,15955,XREAL X4000_Android
71.271,21.064,15960,XREAL X4000_Android
71.297,26.701,15966,XREAL X4000_Android
71.336,35.739,15975,XREAL X4000_Android
71.353,16.773,15979,XREAL X4000_Android
71.366,16.715,15983,XREAL X4000_Android
71.396,30.118,15990,XREAL X4000_Android
71.437,36.128,15999,XREAL X4000_Android
71.462,25.849,16005,XREAL X4000_Android
71.474,13.611,16008,XREAL X4000_Android
71.497,23.242,16014,XREAL X4000_Android
71.528,31.353,16021,XREAL X4000_Android
71.542,11.982,16024,XREAL X4000_Android
71.563,24.516,16030,XREAL X4000_Android
71.601,35.153,16039,XREAL X4000_Android
71.628,26.367,16045,XREAL X4000_Android
71.643,13.961,16048,XREAL X4000_Android
71.663,23.446,16054,XREAL X4000_Android
71.694,30.757,16061,XREAL X4000_Android
71.705,11.066,16064,XREAL X4000_Android
71.736,28.558,16071,XREAL X4000_Android
71.766,30.922,16078,XREAL X4000_Android
71.790,24.818,16084,XREAL X4000_Android
71.801,11.694,16087,XREAL X4000_Android
71.831,28.721,16094,XREAL X4000_Android
71.862,31.519,16101,XREAL X4000_Android
71.888,24.602,16107,XREAL X4000_Android
71.900,13.831,16111,XREAL X4000_Android
71.931,28.706,16117,XREAL X4000_Android
71.964,33.668,16126,XREAL X4000_Android
71.977,13.076,16129,XREAL X4000_Android
71.996,21.193,16134,XREAL X4000_Android
72.034,34.539,16142,XREAL X4000_Android
72.057,24.718,16148,XREAL X4000_Android
72.073,17.271,16152,XREAL X4000_Android
72.091,19.048,16157,XREAL X4000_Android
72.132,37.011,16166,XREAL X4000_Android
72.160,28.386,16172,XREAL X4000_Android
72.174,17.187,16177,XREAL X4000_Android
72.192,17.261,16181,XREAL X4000_Android
72.229,34.275,16189,XREAL X4000_Android
72.258,23.410,16195,XREAL X4000_Android
72.273,22.191,16200,XREAL X4000_Android
72.290,17.145,16204,XREAL X4000_Android
72.328,34.543,16212,XREAL X4000_Android
72.347,19.980,16217,XREAL X4000_Android
72.370,25.116,16223,XREAL X4000_Android
72.388,16.896,16227,XREAL X4000_Android
72.415,26.193,16233,XREAL X4000_Android
72.445,29.866,16240,XREAL X4000_Android
72.468,25.543,16246,XREAL X4000_Android
72.500,31.644,16254,XREAL X4000_Android
72.513,12.233,16257,XREAL X4000_Android
72.539,27.162,16263,XREAL X4000_Android
72.566,28.057,16270,XREAL X4000_Android
72.595,29.712,16277,XREAL X4000_Android
72.608,10.961,16280,XREAL X4000_Android
72.639,29.991,16287,XREAL X4000_Android
72.666,27.743,16293,XREAL X4000_Android
72.678,12.726,16296,XREAL X4000_Android
72.703,25.961,16303,XREAL X4000_Android
72.741,32.324,16310,XREAL X4000_Android
72.767,30.562,16318,XREAL X4000_Android
72.781,13.452,16321,XREAL X4000_Android
72.798,18.931,16325,XREAL X4000_Android
72.838,38.704,16334,XREAL X4000_Android
72.866,28.017,16341,XREAL X4000_Android
72.878,13.288,16344,XREAL X4000_Android
72.898,19.524,16349,XREAL X4000_Android
72.934,33.899,16357,XREAL X4000_Android
72.950,16.874,16361,XREAL X4000_Android
72.968,18.453,16365,XREAL X4000_Android
72.984,15.330,16369,XREAL X4000_Android
72.996,14.827,16373,XREAL X4000_Android
73.030,31.425,16380,XREAL X4000_Android
73.054,18.438,16384,XREAL X4000_Android
73.068,19.690,16389,XREAL X4000_Android
73.082,13.264,16392,XREAL X4000_Android
73.106,23.660,16398,XREAL X4000_Android
73.126,18.864,16402,XREAL X4000_Android
73.161,37.258,16411,XREAL X4000_Android
73.176,15.586,16415,XREAL X4000_Android
73.194,16.990,16419,XREAL X4000_Android
73.201,10.344,16421,XREAL X4000_Android
73.233,30.220,16429,XREAL X4000_Android
73.247,15.793,16432,XREAL X4000_Android
73.270,20.858,16437,XREAL X4000_Android
73.282,11.270,16440,XREAL X4000_Android
73.302,20.179,16445,XREAL X4000_Android
73.313,12.581,16448,XREAL X4000_Android
73.345,28.260,16454,XREAL X4000_Android
73.364,21.546,16460,XREAL X4000_Android
73.388,22.540,16465,XREAL X4000_Android
73.399,13.652,16468,XREAL X4000_Android
73.428,29.409,16475,XREAL X4000_Android
73.438,7.846,16477,XREAL X4000_Android
73.468,30.332,16484,XREAL X4000_Android
73.485,18.318,16489,XREAL X4000_Android
73.510,22.899,16494,XREAL X4000_Android
73.523,14.314,16497,XREAL X4000_Android
73.563,37.746,16506,XREAL X4000_Android
73.580,17.897,16511,XREAL X4000_Android
73.598,19.244,16515,XREAL X4000_Android
73.608,10.405,16518,XREAL X4000_Android
73.636,26.417,16524,XREAL X4000_Android
73.661,23.235,16529,XREAL X4000_Android
73.671,13.049,16533,XREAL X4000_Android
73.690,19.535,16537,XREAL X4000_Android
73.702,11.782,16540,XREAL X4000_Android
73.732,30.006,16547,XREAL X4000_Android
73.766,29.920,16554,XREAL X4000_Android
73.777,15.781,16558,XREAL X4000_Android
73.787,9.876,16560,XREAL X4000_Android
73.827,34.198,16568,XREAL X4000_Android
73.848,19.195,16573,XREAL X4000_Android
73.864,22.350,16578,XREAL X4000_Android
73.877,11.837,16581,XREAL X4000_Android
73.901,25.283,16587,XREAL X4000_Android
73.914,12.180,16590,XREAL X4000_Android
73.943,28.912,16597,XREAL X4000_Android
73.962,20.141,16602,XREAL X4000_Android
73.986,22.447,16607,XREAL X4000_Android
73.998,14.230,16610,XREAL X4000_Android
74.007,9.551,16613,XREAL X4000_Android
74.043,31.049,16620,XREAL X4000_Android
74.059,18.340,16624,XREAL X4000_Android
74.078,20.940,16629,XREAL X4000_Android
74.096,16.702,16633,XREAL X4000_Android
74.128,31.457,16641,XREAL X4000_Android
74.147,15.424,16645,XREAL X4000_Android
74.164,22.847,16650,XREAL X4000_Android
74.174,8.710,16652,XREAL X4000_Android
74.190,17.413,16656,XREAL X4000_Android
74.230,36.544,16665,XREAL X4000_Android
74.250,19.227,16669,XREAL X4000_Android
74.265,17.975,16674,XREAL X4000_Android
74.277,10.826,16676,XREAL X4000_Android
74.304,27.419,16683,XREAL X4000_Android
74.323,16.114,16687,XREAL X4000_Android
74.350,26.667,16693,XREAL X4000_Android
74.364,19.053,16697,XREAL X4000_Android
74.390,21.984,16703,XREAL X4000_Android
74.402,14.794,16706,XREAL X4000_Android
74.434,30.113,16713,XREAL X4000_Android
74.450,18.583,16718,XREAL X4000_Android
74.468,18.354,16722,XREAL X4000_Android
74.483,13.957,16725,XREAL X4000_Android
74.517,31.033,16733,XREAL X4000_Android
74.533,18.286,16737,XREAL X4000_Android
74.559,22.994,16743,XREAL X4000_Android
74.568,13.300,16746,XREAL X4000_Android
74.597,27.700,16752,XREAL X4000_Android
74.610,13.677,16756,XREAL X4000_Android
74.641,27.296,16762,XREAL X4000_Android
74.662,24.901,16768,XREAL X4000_Android
74.674,12.592,16771,XREAL X4000_Android
74.712,32.822,16779,XREAL X4000_Android
74.733,23.257,16784,XREAL X4000_Android
74.752,20.114,16789,XREAL X4000_Android
74.764,12.317,16792,XREAL X4000_Android
74.790,26.770,16798,XREAL X4000_Android
74.801,12.735,16801,XREAL X4000_Android
74.837,33.822,16809,XREAL X4000_Android
74.865,28.634,16816,XREAL X4000_Android
74.879,11.934,16819,XREAL X4000_Android
74.899,21.644,16824,XREAL X4000_Android
74.913,14.103,16828,XREAL X4000_Android
74.945,30.987,16835,XREAL X4000_Android
74.960,15.553,16839,XREAL X4000_Android
74.985,23.835,16844,XREAL X4000_Android
75.019,29.687,16851,XREAL X4000_Android
75.033,20.816,16856,XREAL X4000_Android
75.057,23.438,16862,XREAL X4000_Android
75.069,12.035,16865,XREAL X4000_Android
75.098,25.914,16871,XREAL X4000_Android
75.111,14.941,16874,XREAL X4000_Android
75.138,27.091,16881,XREAL X4000_Android
75.154,16.088,16885,XREAL X4000_Android
75.177,20.881,16890,XREAL X4000_Android
75.207,31.589,16897,XREAL X4000_Android
75.229,20.739,16902,XREAL X4000_Android
75.248,22.406,16907,XREAL X4000_Android
75.265,16.247,16911,XREAL X4000_Android
75.291,26.801,16918,XREAL X4000_Android
75.309,15.360,16921,XREAL X4000_Android
75.333,25.629,16927,XREAL X4000_Android
75.351,15.272,16931,XREAL X4000_Android
75.369,21.153,16936,XREAL X4000_Android
75.402,30.727,16943,XREAL X4000_Android
75.421,19.203,16948,XREAL X4000_Android
75.445,21.839,16953,XREAL X4000_Android
75.458,17.004,16957,XREAL X4000_Android
75.486,26.233,16963,XREAL X4000_Android
75.513,25.118,16969,XREAL X4000_Android
75.531,21.072,16974,XREAL X4000_Android
75.557,25.620,16980,XREAL X4000_Android
75.566,11.988,16983,XREAL X4000_Android
75.601,29.935,16990,XREAL X4000_Android
75.621,20.430,16995,XREAL X4000_Android
75.635,15.215,16999,XREAL X4000_Android
75.651,17.451,17003,XREAL X4000_Android
75.676,23.314,17009,XREAL X4000_Android
75.691,16.084,17012,XREAL X4000_Android
75.728,33.848,17020,XREAL X4000_Android
75.743,17.713,17025,XREAL X4000_Android
75.762,18.235,17029,XREAL X4000_Android
75.770,10.403,17031,XREAL X4000_Android
75.808,34.331,17040,XREAL X4000_Android
75.827,20.625,17045,XREAL X4000_Android
75.849,21.930,17050,XREAL X4000_Android
75.862,15.313,17053,XREAL X4000_Android
75.890,25.391,17059,XREAL X4000_Android
75.900,12.095,17062,XREAL X4000_Android
75.931,27.678,17069,XREAL X4000_Android
75.949,17.345,17073,XREAL X4000_Android
75.967,21.843,17078,XREAL X4000_Android
75.983,14.495,17082,XREAL X4000_Android
76.018,30.933,17089,XREAL X4000_Android
76.035,22.204,17094,XREAL X4000_Android
76.057,22.082,17099,XREAL X4000_Android
76.066,11.048,17102,XREAL X4000_Android
76.102,31.747,17110,XREAL X4000_Android
76.121,19.298,17114,XREAL X4000_Android
76.137,16.967,17118,XREAL X4000_Android
76.153,15.838,17122,XREAL X4000_Android
76.174,22.621,17127,XREAL X4000_Android
76.193,17.345,17132,XREAL X4000_Android
76.229,34.210,17140,XREAL X4000_Android
76.248,17.417,17144,XREAL X4000_Android
76.261,17.395,17148,XREAL X4000_Android
76.291,30.688,17155,XREAL X4000_Android
76.300,9.277,17157,XREAL X4000_Android
76.336,33.485,17165,XREAL X4000_Android
76.361,22.870,17171,XREAL X4000_Android
76.371,14.441,17174,XREAL X4000_Android
76.389,15.253,17178,XREAL X4000_Android
76.420,31.038,17185,XREAL X4000_Android
76.434,15.474,17189,XREAL X4000_Android
76.460,24.909,17195,XREAL X4000_Android
76.470,12.366,17198,XREAL X4000_Android
76.499,28.992,17205,XREAL X4000_Android
76.512,12.689,17208,XREAL X4000_Android
76.550,29.645,17215,XREAL X4000_Android
76.566,23.397,17220,XREAL X4000_Android
76.577,11.366,17223,XREAL X4000_Android
76.591,15.844,17227,XREAL X4000_Android
76.633,37.410,17236,XREAL X4000_Android
76.653,20.637,17241,XREAL X4000_Android
76.667,17.712,17245,XREAL X4000_Android
76.675,7.512,17247,XREAL X4000_Android
76.705,27.400,17253,XREAL X4000_Android
76.723,18.072,17257,XREAL X4000_Android
76.751,27.135,17264,XREAL X4000_Android
76.764,15.360,17267,XREAL X4000_Android
76.794,27.163,17274,XREAL X4000_Android
76.806,14.409,17277,XREAL X4000_Android
76.832,27.348,17284,XREAL X4000_Android
76.849,13.058,17287,XREAL X4000_Android
76.871,25.921,17293,XREAL X4000_Android
76.889,16.146,17297,XREAL X4000_Android
76.915,25.548,17303,XREAL X4000_Android
76.930,15.100,17307,XREAL X4000_Android
76.959,29.710,17314,XREAL X4000_Android
76.968,11.938,17316,XREAL X4000_Android
77.000,29.048,17323,XREAL X4000_Android
77.017,15.290,17327,XREAL X4000_Android
77.040,24.755,17333,XREAL X4000_Android
77.056,16.055,17337,XREAL X4000_Android
77.081,24.145,17342,XREAL X4000_Android
77.092,12.727,17345,XREAL X4000_Android
77.129,34.565,17354,XREAL X4000_Android
77.147,18.938,17358,XREAL X4000_Android
77.165,18.819,17363,XREAL X4000_Android
77.173,9.973,17365,XREAL X4000_Android
77.210,32.944,17373,XREAL X4000_Android
77.227,18.305,17377,XREAL X4000_Android
77.250,22.650,17383,XREAL X4000_Android
77.273,23.430,17388,XREAL X4000_Android
77.289,16.688,17392,XREAL X4000_Android
77.320,30.100,17399,XREAL X4000_Android
77.333,14.391,17403,XREAL X4000_Android
77.360,26.875,17409,XREAL X4000_Android
77.368,9.319,17411,XREAL X4000_Android
77.407,32.492,17419,XREAL X4000_Android
77.427,23.294,17425,XREAL X4000_Android
77.442,16.300,17429,XREAL X4000_Android
77.458,15.491,17432,XREAL X4000_Android
77.485,26.628,17439,XREAL X4000_Android
77.509,25.373,17445,XREAL X4000_Android
77.531,20.213,17450,XREAL X4000_Android
77.558,28.717,17456,XREAL X4000_Android
77.569,12.289,17459,XREAL X4000_Android
77.600,26.640,17466,XREAL X4000_Android
77.611,13.248,17469,XREAL X4000_Android
77.637,25.527,17475,XREAL X4000_Android
77.653,15.622,17479,XREAL X4000_Android
77.673,22.427,17484,XREAL X4000_Android
77.713,33.230,17492,XREAL X4000_Android
77.733,25.078,17498,XREAL X4000_Android
77.748,16.506,17502,XREAL X4000_Android
77.774,25.008,17508,XREAL X4000_Android
77.790,15.820,17512,XREAL X4000_Android
77.820,28.576,17519,XREAL X4000_Android
77.849,28.403,17526,XREAL X4000_Android
77.866,19.191,17530,XREAL X4000_Android
77.888,22.159,17536,XREAL X4000_Android
77.916,25.708,17542,XREAL X4000_Android
77.933,18.337,17546,XREAL X4000_Android
77.959,27.354,17553,XREAL X4000_Android
77.987,27.122,17559,XREAL X4000_Android
77.998,12.481,17562,XREAL X4000_Android
78.033,31.095,17570,XREAL X4000_Android
78.061,28.737,17577,XREAL X4000_Android
78.072,14.038,17580,XREAL X4000_Android
78.097,25.988,17586,XREAL X4000_Android
78.124,26.759,17593,XREAL X4000_Android
78.140,13.670,17596,XREAL X4000_Android
78.162,22.796,17601,XREAL X4000_Android
78.192,30.427,17609,XREAL X4000_Android
78.220,28.058,17615,XREAL X4000_Android
78.231,11.089,17618,XREAL X4000_Android
78.260,30.859,17625,XREAL X4000_Android
78.292,27.682,17632,XREAL X4000_Android
78.299,10.411,17635,XREAL X4000_Android
78.330,30.087,17642,XREAL X4000_Android
78.345,14.831,17645,XREAL X4000_Android
78.367,23.451,17651,XREAL X4000_Android
78.396,28.625,17658,XREAL X4000_Android
78.406,11.457,17661,XREAL X4000_Android
78.426,18.078,17665,XREAL X4000_Android
78.456,30.569,17672,XREAL X4000_Android
78.464,9.064,17675,XREAL X4000_Android
78.481,15.587,17678,XREAL X4000_Android
78.496,13.646,17682,XREAL X4000_Android
78.508,11.742,17684,XREAL X4000_Android
78.524,15.855,17688,XREAL X4000_Android
78.536,13.185,17691,XREAL X4000_Android
78.557,21.100,17696,XREAL X4000_Android
78.576,17.792,17701,XREAL X4000_Android
78.595,19.373,17705,XREAL X4000_Android
78.608,13.395,17709,XREAL X4000_Android
78.625,18.047,17713,XREAL X4000_Android
78.636,10.752,17715,XREAL X4000_Android
78.656,19.191,17720,XREAL X4000_Android
78.668,12.950,17723,XREAL X4000_Android
78.679,11.689,17726,XREAL X4000_Android
78.692,11.893,17729,XREAL X4000_Android
78.717,24.569,17735,XREAL X4000_Android
78.729,13.348,17738,XREAL X4000_Android
78.752,17.786,17742,XREAL X4000_Android
78.762,15.354,17746,XREAL X4000_Android
78.771,8.258,17748,XREAL X4000_Android
78.794,23.475,17753,XREAL X4000_Android
78.803,8.513,17756,XREAL X4000_Android
78.814,10.691,17758,XREAL X4000_Android
78.828,15.101,17762,XREAL X4000_Android
78.847,17.650,17766,XREAL X4000_Android
78.870,22.504,17771,XREAL X4000_Android
78.883,14.501,17775,XREAL X4000_Android
78.895,12.818,17778,XREAL X4000_Android
78.911,14.044,17781,XREAL X4000_Android
78.927,16.913,17785,XREAL X4000_Android
78.941,12.455,17788,XREAL X4000_Android
78.967,26.989,17795,XREAL X4000_Android
78.983,15.702,17799,XREAL X4000_Android
78.996,11.835,17801,XREAL X4000_Android
79.006,12.079,17804,XREAL X4000_Android
79.027,19.890,17809,XREAL X4000_Android
79.037,11.388,17812,XREAL X4000_Android
79.056,17.027,17816,XREAL X4000_Android
79.066,12.192,17819,XREAL X4000_Android
79.078,9.856,17821,XREAL X4000_Android
79.095,17.521,17825,XREAL X4000_Android
79.106,10.836,17828,XREAL X4000_Android
79.123,15.020,17832,XREAL X4000_Android
79.136,16.159,17835,XREAL X4000_Android
79.168,29.918,17843,XREAL X4000_Android
79.181,12.666,17846,XREAL X4000_Android
79.191,12.959,17849,XREAL X4000_Android
79.201,8.978,17851,XREAL X4000_Android
79.219,16.783,17855,XREAL X4000_Android
79.233,14.179,17858,XREAL X4000_Android
79.246,12.787,17861,XREAL X4000_Android
79.263,15.746,17865,XREAL X4000_Android
79.270,11.282,17868,XREAL X4000_Android
79.290,16.946,17872,XREAL X4000_Android
79.318,25.554,17878,XREAL X4000_Android
79.333,16.782,17882,XREAL X4000_Android
79.348,16.279,17886,XREAL X4000_Android
79.359,12.652,17889,XREAL X4000_Android
79.369,8.559,17891,XREAL X4000_Android
79.387,16.186,17895,XREAL X4000_Android
79.401,14.732,17899,XREAL X4000_Android
79.411,13.259,17902,XREAL X4000_Android
79.426,15.308,17905,XREAL X4000_Android
79.440,11.702,17908,XREAL X4000_Android
79.455,15.283,17912,XREAL X4000_Android
79.466,10.786,17915,XREAL X4000_Android
79.481,13.410,17918,XREAL X4000_Android
79.494,16.157,17922,XREAL X4000_Android
79.509,12.055,17925,XREAL X4000_Android
79.541,32.306,17932,XREAL X4000_Android
79.560,18.391,17937,XREAL X4000_Android
79.569,11.710,17939,XREAL X4000_Android
79.583,11.950,17942,XREAL X4000_Android
79.596,12.738,17945,XREAL X4000_Android
79.607,11.422,17948,XREAL X4000_Android
79.625,16.554,17952,XREAL X4000_Android
79.638,13.249,17955,XREAL X4000_Android
79.653,15.747,17959,XREAL X4000_Android
79.666,13.574,17962,XREAL X4000_Android
79.673,8.647,17964,XREAL X4000_Android
79.691,16.961,17968,XREAL X4000_Android
79.704,11.201,17971,XREAL X4000_Android
79.720,13.978,17975,XREAL X4000_Android
79.729,13.903,17978,XREAL X4000_Android
79.746,16.209,17982,XREAL X4000_Android
79.771,25.100,17988,XREAL X4000_Android
79.791,20.034,17993,XREAL X4000_Android
79.799,9.341,17995,XREAL X4000_Android
79.813,13.049,17998,XREAL X4000_Android
79.830,16.180,18002,XREAL X4000_Android
79.844,12.821,18005,XREAL X4000_Android
79.860,16.791,18009,XREAL X4000_Android
79.868,9.748,18011,XREAL X4000_Android
79.887,16.092,18015,XREAL X4000_Android
79.897,12.596,18018,XREAL X4000_Android
79.910,11.634,18021,XREAL X4000_Android
79.928,17.689,18025,XREAL X4000_Android
79.938,12.261,18028,XREAL X4000_Android
79.966,25.955,18034,XREAL X4000_Android
79.983,16.059,18038,XREAL X4000_Android
79.997,14.946,18042,XREAL X4000_Android
80.010,11.987,18045,XREAL X4000_Android
80.024,16.739,18049,XREAL X4000_Android
80.034,10.882,18051,XREAL X4000_Android
80.052,16.304,18055,XREAL X4000_Android
80.064,13.389,18058,XREAL X4000_Android
80.076,10.955,18061,XREAL X4000_Android
80.095,18.784,18066,XREAL X4000_Android
80.105,11.142,18068,XREAL X4000_Android
80.121,14.477,18072,XREAL X4000_Android
80.135,13.147,18075,XREAL X4000_Android
80.151,14.814,18078,XREAL X4000_Android
80.162,14.215,18082,XREAL X4000_Android
80.195,29.664,18089,XREAL X4000_Android
80.207,13.038,18092,XREAL X4000_Android
80.220,14.329,18096,XREAL X4000_Android
80.233,12.144,18098,XREAL X4000_Android
80.246,14.255,18102,XREAL X4000_Android
80.262,14.933,18105,XREAL X4000_Android
80.271,10.644,18108,XREAL X4000_Android
80.289,14.284,18111,XREAL X4000_Android
80.297,12.064,18114,XREAL X4000_Android
80.314,16.973,18118,XREAL X4000_Android
80.332,15.126,18122,XREAL X4000_Android
80.346,16.088,18126,XREAL X4000_Android
80.357,10.695,18128,XREAL X4000_Android
80.383,26.145,18135,XREAL X4000_Android
80.398,14.323,18138,XREAL X4000_Android
80.413,14.891,18142,XREAL X4000_Android
80.429,14.393,18145,XREAL X4000_Android
80.441,14.178,18149,XREAL X4000_Android
80.454,13.563,18152,XREAL X4000_Android
80.465,11.787,18155,XREAL X4000_Android
80.481,14.504,18158,XREAL X4000_Android
80.495,15.526,18162,XREAL X4000_Android
80.504,8.819,18164,XREAL X4000_Android
80.529,22.885,18170,XREAL X4000_Android
80.548,14.918,18173,XREAL X4000_Android
80.564,18.292,18177,XREAL X4000_Android
80.576,12.374,18180,XREAL X4000_Android
80.594,20.128,18185,XREAL X4000_Android
80.604,11.162,18188,XREAL X4000_Android
80.623,17.330,18192,XREAL X4000_Android
80.633,10.439,18195,XREAL X4000_Android
80.648,15.718,18198,XREAL X4000_Android
80.662,13.997,18202,XREAL X4000_Android
80.673,11.446,18205,XREAL X4000_Android
80.691,17.745,18209,XREAL X4000_Android
80.702,9.215,18211,XREAL X4000_Android
80.722,19.007,18216,XREAL X4000_Android
80.737,14.817,18219,XREAL X4000_Android
80.749,13.481,18222,XREAL X4000_Android
80.761,10.716,18225,XREAL X4000_Android
80.788,27.358,18231,XREAL X4000_Android
80.803,14.829,18235,XREAL X4000_Android
80.816,14.567,18239,XREAL X4000_Android
80.831,14.393,18242,XREAL X4000_Android
80.847,14.162,18245,XREAL X4000_Android
80.861,16.009,18249,XREAL X4000_Android
80.872,10.700,18252,XREAL X4000_Android
80.885,13.979,18255,XREAL X4000_Android
80.896,11.260,18258,XREAL X4000_Android
80.910,13.990,18261,XREAL X4000_Android
80.926,15.871,18265,XREAL X4000_Android
80.938,12.291,18268,XREAL X4000_Android
80.955,16.218,18272,XREAL X4000_Android
80.988,28.813,18279,XREAL X4000_Android
81.005,17.544,18283,XREAL X4000_Android
81.024,19.415,18288,XREAL X4000_Android
81.035,15.878,18291,XREAL X4000_Android
81.047,10.097,18294,XREAL X4000_Android
81.059,14.051,18297,XREAL X4000_Android
81.069,7.475,18299,XREAL X4000_Android
81.081,12.372,18302,XREAL X4000_Android
81.095,14.145,18305,XREAL X4000_Android
81.105,11.365,18308,XREAL X4000_Android
81.122,14.124,18312,XREAL X4000_Android
81.135,13.642,18315,XREAL X4000_Android
81.149,15.530,18319,XREAL X4000_Android
81.162,11.772,18321,XREAL X4000_Android
81.174,12.491,18324,XREAL X4000_Android
81.192,17.280,18329,XREAL X4000_Android
81.226,30.119,18336,XREAL X4000_Android
81.240,17.513,18340,XREAL X4000_Android
81.256,18.232,18344,XREAL X4000_Android
81.265,9.194,18347,XREAL X4000_Android
81.277,9.372,18349,XREAL X4000_Android
81.291,13.629,18352,XREAL X4000_Android
81.303,12.958,18355,XREAL X4000_Android
81.317,14.496,18359,XREAL X4000_Android
81.332,14.167,18362,XREAL X4000_Android
81.347,13.958,18365,XREAL X4000_Android
81.360,15.870,18369,XREAL X4000_Android
81.369,8.206,18371,XREAL X4000_Android
81.387,16.469,18375,XREAL X4000_Android
81.415,24.917,18381,XREAL X4000_Android
81.429,20.018,18386,XREAL X4000_Android
81.440,9.565,18388,XREAL X4000_Android
81.458,17.691,18393,XREAL X4000_Android
81.467,11.811,18395,XREAL X4000_Android
81.484,13.172,18399,XREAL X4000_Android
81.498,14.024,18402,XREAL X4000_Android
81.507,10.320,18405,XREAL X4000_Android
81.545,33.421,18413,XREAL X4000_Android
81.568,25.762,18419,XREAL X4000_Android
81.582,16.760,18423,XREAL X4000_Android
81.594,11.707,18426,XREAL X4000_Android
81.601,8.544,18428,XREAL X4000_Android
81.623,20.101,18433,XREAL X4000_Android
81.633,11.958,18436,XREAL X4000_Android
81.648,13.165,18439,XREAL X4000_Android
81.674,24.761,18445,XREAL X4000_Android
81.691,17.176,18449,XREAL X4000_Android
81.728,33.504,18457,XREAL X4000_Android
81.743,15.262,18461,XREAL X4000_Android
81.762,22.404,18466,XREAL X4000_Android
81.773,10.499,18469,XREAL X4000_Android
81.807,32.793,18477,XREAL X4000_Android
81.830,21.031,18482,XREAL X4000_Android
81.847,19.715,18487,XREAL X4000_Android
81.863,17.089,18491,XREAL X4000_Android
81.888,23.433,18496,XREAL X4000_Android
81.898,12.515,18500,XREAL X4000_Android
81.936,31.738,18507,XREAL X4000_Android
81.955,25.510,18513,XREAL X4000_Android
81.972,16.643,18517,XREAL X4000_Android
81.985,11.320,18520,XREAL X4000_Android
82.020,30.078,18527,XREAL X4000_Android
82.036,20.997,18533,XREAL X4000_Android
82.054,18.577,18537,XREAL X4000_Android
82.062,11.769,18540,XREAL X4000_Android
82.102,33.355,18548,XREAL X4000_Android
82.123,20.656,18553,XREAL X4000_Android
82.133,14.661,18557,XREAL X4000_Android
82.163,28.347,18563,XREAL X4000_Android
82.203,35.790,18572,XREAL X4000_Android
82.224,24.537,18578,XREAL X4000_Android
82.241,16.379,18582,XREAL X4000_Android
82.259,20.043,18587,XREAL X4000_Android
82.270,11.289,18590,XREAL X4000_Android
82.311,36.088,18598,XREAL X4000_Android
82.332,27.668,18605,XREAL X4000_Android
82.345,9.959,18607,XREAL X4000_Android
82.366,23.354,18613,XREAL X4000_Android
82.414,37.673,18622,XREAL X4000_Android
82.433,27.127,18629,XREAL X4000_Android
82.456,24.217,18635,XREAL X4000_Android
82.467,10.585,18637,XREAL X4000_Android
82.504,35.187,18646,XREAL X4000_Android
82.532,28.051,18653,XREAL X4000_Android
82.559,27.190,18659,XREAL X4000_Android
82.569,10.908,18662,XREAL X4000_Android
82.594,26.094,18668,XREAL X4000_Android
82.603,10.546,18671,XREAL X4000_Android
82.627,18.592,18675,XREAL X4000_Android
82.653,28.864,18682,XREAL X4000_Android
82.666,13.097,18685,XREAL X4000_Android
82.692,25.154,18692,XREAL X4000_Android
82.730,34.830,18700,XREAL X4000_Android
82.742,14.284,18703,XREAL X4000_Android
82.757,19.276,18708,XREAL X4000_Android
82.790,27.749,18715,XREAL X4000_Android
82.799,14.405,18718,XREAL X4000_Android
82.839,33.847,18727,XREAL X4000_Android
82.863,27.208,18733,XREAL X4000_Android
82.885,23.670,18739,XREAL X4000_Android
82.925,33.658,18747,XREAL X4000_Android
82.940,18.361,18751,XREAL X4000_Android
82.956,19.251,18756,XREAL X4000_Android
82.980,22.257,18762,XREAL X4000_Android
83.024,38.285,18771,XREAL X4000_Android
83.043,21.769,18776,XREAL X4000_Android
83.057,17.570,18780,XREAL X4000_Android
83.080,19.520,18785,XREAL X4000_Android
83.094,17.432,18789,XREAL X4000_Android
83.128,33.301,18797,XREAL X4000_Android
83.146,15.111,18801,XREAL X4000_Android
83.165,23.987,18807,XREAL X4000_Android
83.171,7.044,18809,XREAL X4000_Android
83.190,16.119,18812,XREAL X4000_Android
83.225,36.289,18821,XREAL X4000_Android
83.236,11.891,18824,XREAL X4000_Android
83.251,11.904,18827,XREAL X4000_Android
83.267,17.590,18831,XREAL X4000_Android
83.279,11.700,18834,XREAL X4000_Android
83.293,13.135,18837,XREAL X4000_Android
83.302,10.569,18840,XREAL X4000_Android
83.316,13.832,18843,XREAL X4000_Android
83.349,28.047,18850,XREAL X4000_Android
83.362,18.468,18855,XREAL X4000_Android
83.374,10.514,18857,XREAL X4000_Android
83.389,14.113,18860,XREAL X4000_Android
83.401,13.209,18864,XREAL X4000_Android
83.414,13.461,18867,XREAL X4000_Android
83.426,12.953,18870,XREAL X4000_Android
83.441,11.520,18873,XREAL X4000_Android
83.455,16.421,18877,XREAL X4000_Android
83.467,11.686,18880,XREAL X4000_Android
83.484,14.754,18883,XREAL X4000_Android
83.495,14.168,18887,XREAL X4000_Android
83.508,11.410,18889,XREAL X4000_Android
83.523,16.764,18894,XREAL X4000_Android
83.552,29.401,18901,XREAL X4000_Android
83.565,11.918,18904,XREAL X4000_Android
83.579,13.024,18907,XREAL X4000_Android
83.595,15.952,18911,XREAL X4000_Android
83.603,9.847,18913,XREAL X4000_Android
83.626,20.058,18918,XREAL X4000_Android
83.639,13.970,18921,XREAL X4000_Android
83.652,14.760,18925,XREAL X4000_Android
83.665,12.605,18928,XREAL X4000_Android
83.677,10.545,18930,XREAL X4000_Android
83.694,19.491,18935,XREAL X4000_Android
83.718,22.614,18941,XREAL X4000_Android
83.735,15.071,18944,XREAL X4000_Android
83.752,17.843,18949,XREAL X4000_Android
83.765,14.287,18952,XREAL X4000_Android
83.776,10.536,18955,XREAL X4000_Android
83.789,12.987,18958,XREAL X4000_Android
83.801,11.725,18961,XREAL X4000_Android
83.819,16.222,18965,XREAL X4000_Android
83.831,15.148,18968,XREAL X4000_Android
83.842,10.512,18971,XREAL X4000_Android
83.857,15.046,18974,XREAL X4000_Android
83.893,33.641,18983,XREAL X4000_Android
83.905,12.333,18986,XREAL X4000_Android
83.917,15.100,18989,XREAL X4000_Android
83.928,9.795,18992,XREAL X4000_Android
83.941,11.870,18994,XREAL X4000_Android
83.956,16.592,18998,XREAL X4000_Android
83.965,9.178,19001,XREAL X4000_Android
83.978,14.029,19004,XREAL X4000_Android
83.995,15.462,19008,XREAL X4000_Android
84.009,12.063,19011,XREAL X4000_Android
84.027,18.404,19015,XREAL X4000_Android
84.041,13.356,19018,XREAL X4000_Android
84.055,15.706,19022,XREAL X4000_Android
84.080,21.491,19027,XREAL X4000_Android
84.094,16.624,19032,XREAL X4000_Android
84.104,10.928,19034,XREAL X4000_Android
84.124,18.702,19039,XREAL X4000_Android
84.138,14.975,19042,XREAL X4000_Android
84.149,13.178,19046,XREAL X4000_Android
84.161,10.785,19048,XREAL X4000_Android
84.175,12.358,19051,XREAL X4000_Android
84.190,15.943,19055,XREAL X4000_Android
84.205,13.108,19058,XREAL X4000_Android
84.222,17.330,19062,XREAL X4000_Android
84.247,26.779,19069,XREAL X4000_Android
84.259,13.802,19072,XREAL X4000_Android
84.271,10.950,19075,XREAL X4000_Android
84.290,17.189,19079,XREAL X4000_Android
84.298,11.353,19082,XREAL X4000_Android
84.317,16.556,19086,XREAL X4000_Android
84.329,11.476,19089,XREAL X4000_Android
84.341,12.792,19092,XREAL X4000_Android
84.370,28.642,19099,XREAL X4000_Android
84.389,17.735,19103,XREAL X4000_Android
84.402,13.833,19106,XREAL X4000_Android
84.414,13.544,19110,XREAL X4000_Android
84.425,10.091,19112,XREAL X4000_Android
84.437,14.190,19115,XREAL X4000_Android
84.455,15.941,19119,XREAL X4000_Android
84.485,27.229,19126,XREAL X4000_Android
84.497,14.332,19129,XREAL X4000_Android
84.508,10.594,19132,XREAL X4000_Android
84.526,18.241,19136,XREAL X4000_Android
84.538,13.558,19140,XREAL X4000_Android
84.554,15.276,19143,XREAL X4000_Android
84.580,23.175,19149,XREAL X4000_Android
84.595,17.420,19153,XREAL X4000_Android
84.605,12.086,19156,XREAL X4000_Android
84.620,13.418,19159,XREAL X4000_Android
84.649,28.790,19166,XREAL X4000_Android
84.662,12.091,19169,XREAL X4000_Android
84.672,12.730,19172,XREAL X4000_Android
84.710,36.037,19181,XREAL X4000_Android
84.728,17.326,19185,XREAL X4000_Android
84.752,20.687,19190,XREAL X4000_Android
84.764,16.966,19194,XREAL X4000_Android
84.789,23.650,19200,XREAL X4000_Android
84.824,32.464,19208,XREAL X4000_Android
84.842,17.983,19212,XREAL X4000_Android
84.860,21.936,19218,XREAL X4000_Android
84.894,28.041,19225,XREAL X4000_Android
84.910,17.025,19229,XREAL X4000_Android
84.929,22.013,19234,XREAL X4000_Android
84.957,28.952,19241,XREAL X4000_Android
84.964,9.286,19243,XREAL X4000_Android
85.000,33.033,19251,XREAL X4000_Android
85.033,29.968,19259,XREAL X4000_Android
85.048,19.370,19263,XREAL X4000_Android
85.065,17.016,19267,XREAL X4000_Android
85.095,26.419,19274,XREAL X4000_Android
85.129,35.222,19282,XREAL X4000_Android
85.145,16.558,19286,XREAL X4000_Android
85.165,20.182,19291,XREAL X4000_Android
85.197,28.985,19298,XREAL X4000_Android
85.227,30.463,19306,XREAL X4000_Android
85.241,13.927,19309,XREAL X4000_Android
85.262,23.353,19315,XREAL X4000_Android
85.292,28.212,19322,XREAL X4000_Android
85.307,14.808,19325,XREAL X4000_Android
85.333,27.220,19332,XREAL X4000_Android
85.360,30.309,19339,XREAL X4000_Android
85.367,7.637,19341,XREAL X4000_Android
85.400,28.604,19348,XREAL X4000_Android
85.437,35.173,19356,XREAL X4000_Android
85.458,23.341,19362,XREAL X4000_Android
85.472,14.719,19366,XREAL X4000_Android
85.486,14.246,19369,XREAL X4000_Android
85.510,23.090,19375,XREAL X4000_Android
85.528,19.883,19379,XREAL X4000_Android
85.538,10.753,19382,XREAL X4000_Android
85.564,24.028,19388,XREAL X4000_Android
85.579,14.088,19391,XREAL X4000_Android
85.603,26.476,19398,XREAL X4000_Android
85.625,20.526,19403,XREAL X4000_Android
85.659,33.981,19411,XREAL X4000_Android
85.670,13.049,19414,XREAL X4000_Android
85.691,21.327,19419,XREAL X4000_Android
85.699,8.279,19421,XREAL X4000_Android
85.716,15.197,19425,XREAL X4000_Android
85.753,35.233,19434,XREAL X4000_Android
85.767,16.613,19438,XREAL X4000_Android
85.790,22.354,19443,XREAL X4000_Android
85.798,10.003,19445,XREAL X4000_Android
85.834,31.780,19453,XREAL X4000_Android
85.857,18.982,19458,XREAL X4000_Android
85.867,16.962,19462,XREAL X4000_Android
85.882,14.240,19465,XREAL X4000_Android
85.923,35.707,19474,XREAL X4000_Android
85.937,19.821,19479,XREAL X4000_Android
85.959,22.668,19484,XREAL X4000_Android
85.969,8.052,19486,XREAL X4000_Android
86.005,31.180,19494,XREAL X4000_Android
86.018,18.995,19498,XREAL X4000_Android
86.042,20.434,19503,XREAL X4000_Android
86.059,20.199,19508,XREAL X4000_Android
86.076,15.952,19512,XREAL X4000_Android
86.108,31.729,19520,XREAL X4000_Android
86.129,19.824,19525,XREAL X4000_Android
86.157,28.710,19531,XREAL X4000_Android
86.165,11.819,19534,XREAL X4000_Android
86.190,24.010,19540,XREAL X4000_Android
86.229,33.957,19548,XREAL X4000_Android
86.245,18.740,19553,XREAL X4000_Android
86.263,20.126,19558,XREAL X4000_Android
86.273,8.487,19560,XREAL X4000_Android
86.310,34.291,19568,XREAL X4000_Android
86.325,18.248,19573,XREAL X4000_Android
86.350,19.858,19577,XREAL X4000_Android
86.371,25.278,19584,XREAL X4000_Android
86.384,14.280,19587,XREAL X4000_Android
86.419,34.211,19595,XREAL X4000_Android
86.437,13.850,19599,XREAL X4000_Android
86.460,26.931,19605,XREAL X4000_Android
86.483,22.555,19610,XREAL X4000_Android
86.495,14.759,19614,XREAL X4000_Android
86.532,34.784,19622,XREAL X4000_Android
86.556,18.670,19627,XREAL X4000_Android
86.566,18.318,19631,XREAL X4000_Android
86.579,8.353,19633,XREAL X4000_Android
86.614,35.139,19642,XREAL X4000_Android
86.645,27.978,19648,XREAL X4000_Android
86.665,24.488,19654,XREAL X4000_Android
86.674,10.307,19657,XREAL X4000_Android
86.691,16.692,19661,XREAL X4000_Android
86.730,33.366,19669,XREAL X4000_Android
86.751,26.476,19675,XREAL X4000_Android
86.761,11.733,19678,XREAL X4000_Android
86.789,26.448,19684,XREAL X4000_Android
86.800,9.970,19687,XREAL X4000_Android
86.841,36.936,19695,XREAL X4000_Android
86.865,25.569,19702,XREAL X4000_Android
86.877,14.286,19705,XREAL X4000_Android
86.899,22.009,19710,XREAL X4000_Android
86.912,11.603,19713,XREAL X4000_Android
86.948,34.666,19721,XREAL X4000_Android
86.964,18.476,19726,XREAL X4000_Android
86.984,20.711,19731,XREAL X4000_Android
87.008,26.027,19737,XREAL X4000_Android
87.026,16.740,19741,XREAL X4000_Android
87.064,35.840,19750,XREAL X4000_Android
87.072,12.020,19753,XREAL X4000_Android
87.084,10.144,19755,XREAL X4000_Android
87.109,21.238,19760,XREAL X4000_Android
87.124,18.839,19765,XREAL X4000_Android
87.137,11.174,19767,XREAL X4000_Android
87.151,14.638,19771,XREAL X4000_Android
87.176,25.988,19777,XREAL X4000_Android
87.194,16.177,19781,XREAL X4000_Android
87.205,12.090,19784,XREAL X4000_Android
87.216,10.722,19786,XREAL X4000_Android
87.248,31.944,19794,XREAL X4000_Android
87.260,14.069,19797,XREAL X4000_Android
87.270,9.550,19800,XREAL X4000_Android
87.288,16.442,19804,XREAL X4000_Android
87.318,29.885,19811,XREAL X4000_Android
87.335,16.514,19815,XREAL X4000_Android
87.350,15.131,19818,XREAL X4000_Android
87.362,14.447,19822,XREAL X4000_Android
87.393,25.685,19828,XREAL X4000_Android
87.403,14.303,19832,XREAL X4000_Android
87.413,9.963,19834,XREAL X4000_Android
87.443,28.621,19841,XREAL X4000_Android
87.459,16.103,19845,XREAL X4000_Android
87.468,11.100,19847,XREAL X4000_Android
87.502,28.371,19854,XREAL X4000_Android
87.520,18.101,19858,XREAL X4000_Android
87.536,18.826,19863,XREAL X4000_Android
87.555,19.936,19868,XREAL X4000_Android
87.566,12.769,19871,XREAL X4000_Android
87.578,9.299,19873,XREAL X4000_Android
87.613,31.691,19881,XREAL X4000_Android
87.630,22.963,19886,XREAL X4000_Android
87.647,13.837,19890,XREAL X4000_Android
87.661,18.796,19894,XREAL X4000_Android
87.674,8.870,19896,XREAL X4000_Android
87.708,33.346,19904,XREAL X4000_Android
87.724,18.050,19908,XREAL X4000_Android
87.736,12.957,19912,XREAL X4000_Android
87.761,24.485,19917,XREAL X4000_Android
87.770,9.559,19920,XREAL X4000_Android
87.791,17.576,19924,XREAL X4000_Android
87.828,32.873,19932,XREAL X4000_Android
87.845,21.136,19937,XREAL X4000_Android
87.861,18.606,19941,XREAL X4000_Android
87.873,10.781,19944,XREAL X4000_Android
87.886,13.141,19947,XREAL X4000_Android
87.918,31.913,19955,XREAL X4000_Android
87.933,14.325,19958,XREAL X4000_Android
87.952,20.205,19963,XREAL X4000_Android
87.968,16.039,19967,XREAL X4000_Android
87.978,11.996,19970,XREAL X4000_Android
87.997,16.390,19974,XREAL X4000_Android
88.032,31.672,19981,XREAL X4000_Android
88.055,20.320,19986,XREAL X4000_Android
88.070,20.931,19991,XREAL X4000_Android
88.082,13.071,19994,XREAL X4000_Android
88.097,13.952,19998,XREAL X4000_Android
88.108,10.481,20000,XREAL X4000_Android
88.137,27.422,20007,XREAL X4000_Android
88.153,17.390,20011,XREAL X4000_Android
88.165,12.363,20014,XREAL X4000_Android
88.195,30.181,20021,XREAL X4000_Android
88.211,14.707,20025,XREAL X4000_Android
88.237,27.002,20031,XREAL X4000_Android
88.258,24.387,20037,XREAL X4000_Android
88.278,17.267,20041,XREAL X4000_Android
88.292,15.400,20045,XREAL X4000_Android
88.315,23.673,20051,XREAL X4000_Android
88.331,14.308,20054,XREAL X4000_Android
88.341,11.620,20057,XREAL X4000_Android
88.367,25.400,20063,XREAL X4000_Android
88.385,14.907,20067,XREAL X4000_Android
88.396,15.470,20070,XREAL X4000_Android
88.429,30.195,20077,XREAL X4000_Android
88.449,16.751,20081,XREAL X4000_Android
88.461,17.676,20086,XREAL X4000_Android
88.482,19.437,20090,XREAL X4000_Android
88.494,14.011,20094,XREAL X4000_Android
88.523,27.110,20100,XREAL X4000_Android
88.538,13.454,20103,XREAL X4000_Android
88.558,16.334,20107,XREAL X4000_Android
88.577,24.857,20113,XREAL X4000_Android
88.591,14.543,20117,XREAL X4000_Android
88.621,29.193,20124,XREAL X4000_Android
88.632,12.422,20127,XREAL X4000_Android
88.654,19.201,20131,XREAL X4000_Android
88.674,21.317,20137,XREAL X4000_Android
88.688,13.992,20140,XREAL X4000_Android
88.700,12.449,20143,XREAL X4000_Android
88.733,31.476,20150,XREAL X4000_Android
88.753,20.039,20155,XREAL X4000_Android
88.775,21.655,20160,XREAL X4000_Android
88.791,16.972,20165,XREAL X4000_Android
88.815,24.016,20170,XREAL X4000_Android
88.831,17.589,20175,XREAL X4000_Android
88.849,8.308,20177,XREAL X4000_Android
88.869,28.501,20183,XREAL X4000_Android
88.883,13.557,20187,XREAL X4000_Android
88.896,13.356,20190,XREAL X4000_Android
88.924,28.979,20197,XREAL X4000_Android
88.938,12.795,20200,XREAL X4000_Android
88.965,24.214,20206,XREAL X4000_Android
88.986,22.414,20211,XREAL X4000_Android
89.008,22.762,20217,XREAL X4000_Android
89.028,16.673,20221,XREAL X4000_Android
89.035,12.717,20224,XREAL X4000_Android
89.067,30.133,20231,XREAL X4000_Android
89.077,9.755,20233,XREAL X4000_Android
89.094,15.512,20237,XREAL X4000_Android
89.121,29.938,20244,XREAL X4000_Android
89.133,10.915,20247,XREAL X4000_Android
89.161,28.696,20254,XREAL X4000_Android
89.183,18.338,20258,XREAL X4000_Android
89.194,14.041,20261,XREAL X4000_Android
89.217,23.965,20267,XREAL X4000_Android
89.232,15.248,20271,XREAL X4000_Android
89.263,28.579,20278,XREAL X4000_Android
89.273,10.444,20280,XREAL X4000_Android
89.289,15.762,20284,XREAL X4000_Android
89.316,27.947,20291,XREAL X4000_Android
89.331,14.023,20294,XREAL X4000_Android
89.370,37.230,20303,XREAL X4000_Android
89.386,16.712,20307,XREAL X4000_Android
89.396,13.908,20310,XREAL X4000_Android
89.411,12.962,20313,XREAL X4000_Android
89.445,30.348,20321,XREAL X4000_Android
89.460,20.237,20326,XREAL X4000_Android
89.469,7.843,20327,XREAL X4000_Android
89.503,28.599,20334,XREAL X4000_Android
89.524,21.535,20339,XREAL X4000_Android
89.541,18.561,20344,XREAL X4000_Android
89.557,20.433,20349,XREAL X4000_Android
89.569,9.595,20351,XREAL X4000_Android
89.601,28.892,20358,XREAL X4000_Android
89.617,18.286,20362,XREAL X4000_Android
89.633,16.114,20366,XREAL X4000_Android
89.651,21.120,20371,XREAL X4000_Android
89.663,9.655,20374,XREAL X4000_Android
89.698,34.461,20382,XREAL X4000_Android
89.713,16.108,20386,XREAL X4000_Android
89.729,15.032,20389,XREAL X4000_Android
89.748,20.386,20394,XREAL X4000_Android
89.759,9.200,20397,XREAL X4000_Android
89.770,12.082,20399,XREAL X4000_Android
89.813,35.931,20408,XREAL X4000_Android
89.834,27.065,20415,XREAL X4000_Android
89.844,12.385,20417,XREAL X4000_Android
89.862,17.096,20422,XREAL X4000_Android
89.868,8.396,20424,XREAL X4000_Android
89.886,14.890,20427,XREAL X4000_Android
89.919,28.720,20434,XREAL X4000_Android
89.940,22.949,20440,XREAL X4000_Android
89.961,23.280,20445,XREAL X4000_Android
89.970,10.793,20448,XREAL X4000_Android
89.981,9.251,20450,XREAL X4000_Android
90.016,30.892,20457,XREAL X4000_Android
90.035,22.892,20463,XREAL X4000_Android
90.053,18.238,20467,XREAL X4000_Android
90.065,13.930,20471,XREAL X4000_Android
90.078,10.265,20473,XREAL X4000_Android
90.091,16.418,20477,XREAL X4000_Android
90.127,31.560,20485,XREAL X4000_Android
90.138,14.579,20488,XREAL X4000_Android
90.157,18.615,20493,XREAL X4000_Android
90.174,15.202,20496,XREAL X4000_Android
90.187,15.750,20500,XREAL X4000_Android
90.230,35.785,20509,XREAL X4000_Android
90.244,17.922,20513,XREAL X4000_Android
90.260,18.454,20517,XREAL X4000_Android
90.271,10.146,20520,XREAL X4000_Android
90.290,16.624,20524,XREAL X4000_Android
90.298,12.610,20527,XREAL X4000_Android
90.340,33.972,20535,XREAL X4000_Android
90.363,24.235,20541,XREAL X4000_Android
90.377,16.060,20545,XREAL X4000_Android
90.389,15.664,20548,XREAL X4000_Android
90.400,9.705,20551,XREAL X4000_Android
90.433,31.764,20558,XREAL X4000_Android
90.459,19.251,20563,XREAL X4000_Android
90.470,19.387,20568,XREAL X4000_Android
90.485,13.942,20571,XREAL X4000_Android
90.496,13.334,20574,XREAL X4000_Android
90.505,8.567,20576,XREAL X4000_Android
90.550,37.426,20585,XREAL X4000_Android
90.568,22.972,20591,XREAL X4000_Android
90.580,13.919,20594,XREAL X4000_Android
90.593,12.951,20597,XREAL X4000_Android
90.603,10.770,20600,XREAL X4000_Android
90.624,18.553,20604,XREAL X4000_Android
90.651,26.893,20611,XREAL X4000_Android
90.662,14.370,20614,XREAL X4000_Android
90.673,8.407,20616,XREAL X4000_Android
90.691,18.766,20621,XREAL X4000_Android
90.732,35.406,20629,XREAL X4000_Android
90.749,19.916,20634,XREAL X4000_Android
90.767,20.242,20639,XREAL X4000_Android
90.780,12.103,20642,XREAL X4000_Android
90.793,14.557,20645,XREAL X4000_Android
90.803,9.830,20647,XREAL X4000_Android
90.832,27.958,20654,XREAL X4000_Android
90.847,14.588,20658,XREAL X4000_Android
90.862,14.817,20661,XREAL X4000_Android
90.886,26.112,20667,XREAL X4000_Android
90.898,12.480,20670,XREAL X4000_Android
90.910,9.843,20673,XREAL X4000_Android
90.946,34.358,20681,XREAL X4000_Android
90.961,16.601,20685,XREAL X4000_Android
90.970,11.975,20688,XREAL X4000_Android
90.995,24.516,20694,XREAL X4000_Android
91.008,12.561,20697,XREAL X4000_Android
91.028,17.754,20701,XREAL X4000_Android
91.057,29.745,20708,XREAL X4000_Android
91.069,13.861,20712,XREAL X4000_Android
91.096,25.229,20718,XREAL X4000_Android
91.111,12.104,20721,XREAL X4000_Android
91.126,17.642,20725,XREAL X4000_Android
91.156,31.865,20732,XREAL X4000_Android
91.167,10.948,20735,XREAL X4000_Android
91.192,25.282,20741,XREAL X4000_Android
91.205,10.060,20744,XREAL X4000_Android
91.220,17.955,20748,XREAL X4000_Android
91.257,31.128,20755,XREAL X4000_Android
91.267,16.494,20759,XREAL X4000_Android
91.291,19.459,20764,XREAL X4000_Android
91.302,14.586,20767,XREAL X4000_Android
91.339,30.358,20775,XREAL X4000_Android
91.358,24.393,20781,XREAL X4000_Android
91.373,14.241,20784,XREAL X4000_Android
91.385,12.024,20787,XREAL X4000_Android
91.398,13.190,20790,XREAL X4000_Android
91.431,33.227,20798,XREAL X4000_Android
91.449,19.392,20803,XREAL X4000_Android
91.467,18.682,20807,XREAL X4000_Android
91.481,12.686,20810,XREAL X4000_Android
91.519,31.423,20818,XREAL X4000_Android
91.536,21.224,20823,XREAL X4000_Android
91.559,22.210,20828,XREAL X4000_Android
91.569,14.554,20832,XREAL X4000_Android
91.598,25.894,20838,XREAL X4000_Android
91.614,15.095,20842,XREAL X4000_Android
91.639,26.167,20848,XREAL X4000_Android
91.661,20.620,20853,XREAL X4000_Android
91.673,14.503,20856,XREAL X4000_Android
91.691,18.618,20861,XREAL X4000_Android
91.729,32.598,20869,XREAL X4000_Android
91.750,21.721,20874,XREAL X4000_Android
91.765,19.403,20878,XREAL X4000_Android
91.774,8.300,20880,XREAL X4000_Android
91.808,28.966,20887,XREAL X4000_Android
91.826,21.099,20892,XREAL X4000_Android
91.847,20.513,20897,XREAL X4000_Android
91.870,25.721,20903,XREAL X4000_Android
91.885,16.302,20907,XREAL X4000_Android
91.915,26.641,20914,XREAL X4000_Android
91.933,16.482,20918,XREAL X4000_Android
91.959,30.621,20925,XREAL X4000_Android
91.968,9.569,20927,XREAL X4000_Android
92.002,30.402,20935,XREAL X4000_Android
92.020,18.229,20939,XREAL X4000_Android
92.040,19.903,20944,XREAL X4000_Android
92.065,28.874,20951,XREAL X4000_Android
92.078,9.600,20953,XREAL X4000_Android
92.106,29.971,20960,XREAL X4000_Android
92.129,19.090,20965,XREAL X4000_Android
92.150,24.757,20971,XREAL X4000_Android
92.166,14.635,20974,XREAL X4000_Android
92.191,25.137,20980,XREAL X4000_Android
92.233,37.008,20989,XREAL X4000_Android
92.256,23.005,20995,XREAL X4000_Android
92.268,17.950,20999,XREAL X4000_Android
92.282,13.101,21002,XREAL X4000_Android
92.299,18.156,21007,XREAL X4000_Android
92.336,33.370,21015,XREAL X4000_Android
92.357,22.441,21020,XREAL X4000_Android
92.370,16.108,21024,XREAL X4000_Android
92.399,27.354,21030,XREAL X4000_Android
92.415,13.600,21034,XREAL X4000_Android
92.443,28.828,21041,XREAL X4000_Android
92.466,26.373,21047,XREAL X4000_Android
92.482,11.474,21050,XREAL X4000_Android
92.514,34.178,21058,XREAL X4000_Android
92.535,16.348,21062,XREAL X4000_Android
92.559,30.200,21069,XREAL X4000_Android
92.579,18.393,21073,XREAL X4000_Android
92.591,15.310,21077,XREAL X4000_Android
92.633,38.389,21086,XREAL X4000_Android
92.658,25.396,21092,XREAL X4000_Android
92.670,13.011,21096,XREAL X4000_Android
92.692,20.486,21100,XREAL X4000_Android
92.728,37.312,21109,XREAL X4000_Android
92.738,11.307,21112,XREAL X4000_Android
92.762,21.929,21117,XREAL X4000_Android
92.790,28.964,21124,XREAL X4000_Android
92.805,13.367,21128,XREAL X4000_Android
92.833,28.359,21134,XREAL X4000_Android
92.863,30.566,21142,XREAL X4000_Android
92.872,11.065,21144,XREAL X4000_Android
92.896,23.898,21150,XREAL X4000_Android
92.941,36.264,21159,XREAL X4000_Android
92.965,28.970,21166,XREAL X4000_Android
92.977,12.291,21169,XREAL X4000_Android
92.996,20.751,21174,XREAL X4000_Android
93.036,34.043,21182,XREAL X4000_Android
93.060,28.769,21189,XREAL X4000_Android
93.078,20.508,21194,XREAL X4000_Android
93.091,14.309,21197,XREAL X4000_Android
93.129,33.846,21205,XREAL X4000_Android
93.160,31.402,21213,XREAL X4000_Android
93.180,18.632,21217,XREAL X4000_Android
93.203,24.732,21223,XREAL X4000_Android
93.221,15.788,21227,XREAL X4000_Android
93.247,27.273,21233,XREAL X4000_Android
93.271,27.306,21240,XREAL X4000_Android
93.307,29.359,21247,XREAL X4000_Android
93.334,32.851,21255,XREAL X4000_Android
93.348,13.613,21258,XREAL X4000_Android
93.370,22.966,21264,XREAL X4000_Android
93.395,26.288,21270,XREAL X4000_Android
93.441,35.971,21279,XREAL X4000_Android
93.461,27.956,21285,XREAL X4000_Android
93.473,10.358,21288,XREAL X4000_Android
93.499,25.756,21294,XREAL X4000_Android
93.529,31.235,21302,XREAL X4000_Android
93.559,27.452,21308,XREAL X4000_Android
93.577,22.572,21314,XREAL X4000_Android
93.597,16.283,21317,XREAL X4000_Android
93.624,28.557,21324,XREAL X4000_Android
93.657,30.890,21332,XREAL X4000_Android
93.676,20.758,21337,XREAL X4000_Android
93.694,17.574,21341,XREAL X4000_Android
93.720,26.410,21347,XREAL X4000_Android
93.758,31.397,21355,XREAL X4000_Android
93.773,21.298,21360,XREAL X4000_Android
93.789,16.862,21364,XREAL X4000_Android
93.820,28.794,21371,XREAL X4000_Android
93.846,28.053,21378,XREAL X4000_Android
93.868,24.541,21384,XREAL X4000_Android
93.885,15.498,21387,XREAL X4000_Android
93.924,30.499,21395,XREAL X4000_Android
93.948,25.709,21401,XREAL X4000_Android
93.963,20.669,21406,XREAL X4000_Android
93.980,19.031,21410,XREAL X4000_Android
94.025,35.381,21419,XREAL X4000_Android
94.036,20.419,21424,XREAL X4000_Android
94.056,17.588,21428,XREAL X4000_Android
94.076,20.991,21433,XREAL X4000_Android
94.117,36.587,21442,XREAL X4000_Android
94.130,17.973,21446,XREAL X4000_Android
94.149,18.681,21450,XREAL X4000_Android
94.174,25.274,21457,XREAL X4000_Android
94.190,15.702,21460,XREAL X4000_Android
94.229,38.050,21469,XREAL X4000_Android
94.258,25.463,21476,XREAL X4000_Android
94.273,18.869,21480,XREAL X4000_Android
94.288,14.441,21484,XREAL X4000_Android
94.326,36.995,21492,XREAL X4000_Android
94.348,23.364,21498,XREAL X4000_Android
94.362,13.467,21501,XREAL X4000_Android
94.385,24.652,21507,XREAL X4000_Android
94.424,32.151,21515,XREAL X4000_Android
94.440,23.580,21521,XREAL X4000_Android
94.457,15.387,21524,XREAL X4000_Android
94.480,25.293,21530,XREAL X4000_Android
94.523,33.574,21538,XREAL X4000_Android
94.544,22.279,21544,XREAL X4000_Android
94.564,25.321,21550,XREAL X4000_Android
94.576,14.161,21553,XREAL X4000_Android
94.620,38.230,21562,XREAL X4000_Android
94.637,20.187,21567,XREAL X4000_Android
94.656,19.087,21572,XREAL X4000_Android
94.672,17.947,21576,XREAL X4000_Android
94.690,19.444,21581,XREAL X4000_Android
94.724,32.881,21589,XREAL X4000_Android
94.738,10.254,21591,XREAL X4000_Android
94.763,28.156,21598,XREAL X4000_Android
94.790,25.021,21604,XREAL X4000_Android
94.798,11.519,21607,XREAL X4000_Android
94.839,35.413,21615,XREAL X4000_Android
94.857,23.512,21621,XREAL X4000_Android
94.873,15.103,21624,XREAL X4000_Android
94.884,12.111,21627,XREAL X4000_Android
94.915,26.579,21634,XREAL X4000_Android
94.932,16.924,21638,XREAL X4000_Android
94.957,28.201,21645,XREAL X4000_Android
94.969,11.755,21647,XREAL X4000_Android
94.999,28.289,21654,XREAL X4000_Android
95.017,16.659,21658,XREAL X4000_Android
95.037,23.273,21664,XREAL X4000_Android
95.055,16.794,21668,XREAL X4000_Android
95.076,22.151,21673,XREAL X4000_Android
95.095,19.331,21678,XREAL X4000_Android
95.126,29.328,21685,XREAL X4000_Android
95.147,15.553,21688,XREAL X4000_Android
95.165,24.943,21694,XREAL X4000_Android
95.191,25.398,21701,XREAL X4000_Android
95.201,9.384,21703,XREAL X4000_Android
95.239,35.265,21711,XREAL X4000_Android
95.264,23.411,21717,XREAL X4000_Android
95.271,13.333,21720,XREAL X4000_Android
95.286,15.128,21724,XREAL X4000_Android
95.323,31.947,21731,XREAL X4000_Android
95.338,16.366,21735,XREAL X4000_Android
95.356,21.669,21741,XREAL X4000_Android
95.390,29.673,21748,XREAL X4000_Android
95.399,12.425,21751,XREAL X4000_Android
95.431,31.433,21758,XREAL X4000_Android
95.452,15.312,21762,XREAL X4000_Android
95.467,21.822,21767,XREAL X4000_Android
95.502,30.886,21775,XREAL X4000_Android
95.519,19.121,21779,XREAL X4000_Android
95.542,19.301,21784,XREAL X4000_Android
95.556,16.694,21788,XREAL X4000_Android
95.580,23.619,21793,XREAL X4000_Android
95.611,28.526,21800,XREAL X4000_Android
95.627,20.682,21805,XREAL X4000_Android
95.656,27.143,21812,XREAL X4000_Android
95.666,12.807,21815,XREAL X4000_Android
95.696,28.973,21822,XREAL X4000_Android
95.704,10.392,21824,XREAL X4000_Android
95.734,25.980,21830,XREAL X4000_Android
95.764,32.595,21838,XREAL X4000_Android
95.771,7.503,21840,XREAL X4000_Android
95.806,29.312,21847,XREAL X4000_Android
95.824,19.790,21852,XREAL X4000_Android
95.845,22.264,21857,XREAL X4000_Android
95.863,19.682,21862,XREAL X4000_Android
95.889,22.420,21867,XREAL X4000_Android
95.922,30.706,21875,XREAL X4000_Android
95.938,19.552,21879,XREAL X4000_Android
95.957,21.178,21884,XREAL X4000_Android
95.985,24.939,21890,XREAL X4000_Android
95.997,16.438,21894,XREAL X4000_Android
96.030,27.619,21901,XREAL X4000_Android
96.047,17.252,21905,XREAL X4000_Android
96.066,21.852,21910,XREAL X4000_Android
96.078,11.670,21913,XREAL X4000_Android
96.119,34.718,21922,XREAL X4000_Android
96.137,21.795,21927,XREAL X4000_Android
96.153,19.802,21932,XREAL X4000_Android
96.172,19.347,21936,XREAL X4000_Android
96.189,16.310,21940,XREAL X4000_Android
96.227,33.817,21948,XREAL X4000_Android
96.240,17.320,21952,XREAL X4000_Android
96.262,22.421,21958,XREAL X4000_Android
96.274,10.754,21960,XREAL X4000_Android
96.309,31.143,21968,XREAL X4000_Android
96.326,19.676,21973,XREAL X4000_Android
96.349,20.084,21977,XREAL X4000_Android
96.367,24.038,21983,XREAL X4000_Android
96.383,16.594,21987,XREAL X4000_Android
96.426,37.685,21996,XREAL X4000_Android
96.440,17.758,22000,XREAL X4000_Android
96.456,16.590,22004,XREAL X4000_Android
96.466,9.148,22007,XREAL X4000_Android
96.503,33.439,22015,XREAL X4000_Android
96.521,18.787,22019,XREAL X4000_Android
96.541,20.863,22024,XREAL X4000_Android
96.558,19.243,22029,XREAL X4000_Android
96.579,18.472,22033,XREAL X4000_Android
96.618,33.918,22041,XREAL X4000_Android
96.635,24.875,22047,XREAL X4000_Android
96.655,20.680,22052,XREAL X4000_Android
96.667,10.124,22055,XREAL X4000_Android
96.691,24.386,22061,XREAL X4000_Android
96.701,11.712,22063,XREAL X4000_Android
96.740,34.869,22072,XREAL X4000_Android
96.758,19.687,22076,XREAL X4000_Android
96.773,15.312,22080,XREAL X4000_Android
96.803,30.215,22087,XREAL X4000_Android
96.819,15.753,22091,XREAL X4000_Android
96.852,29.218,22098,XREAL X4000_Android
96.867,20.367,22103,XREAL X4000_Android
96.888,18.116,22107,XREAL X4000_Android
96.916,28.678,22114,XREAL X4000_Android
96.929,13.416,22118,XREAL X4000_Android
96.957,30.677,22125,XREAL X4000_Android
96.966,8.147,22127,XREAL X4000_Android
97.002,31.610,22134,XREAL X4000_Android
97.018,19.061,22139,XREAL X4000_Android
97.040,20.480,22144,XREAL X4000_Android
97.066,27.395,22150,XREAL X4000_Android
97.079,10.660,22153,XREAL X4000_Android
97.113,31.177,22161,XREAL X4000_Android
97.130,20.628,22165,XREAL X4000_Android
97.157,27.425,22172,XREAL X4000_Android
97.176,18.250,22176,XREAL X4000_Android
97.208,30.332,22184,XREAL X4000_Android
97.223,19.825,22188,XREAL X4000_Android
97.250,23.180,22194,XREAL X4000_Android
97.267,19.366,22199,XREAL X4000_Android
97.291,21.195,22204,XREAL X4000_Android
97.300,13.944,22207,XREAL X4000_Android
97.336,31.416,22215,XREAL X4000_Android
97.358,24.069,22220,XREAL X4000_Android
97.375,16.561,22224,XREAL X4000_Android
97.404,26.760,22231,XREAL X4000_Android
97.425,20.365,22236,XREAL X4000_Android
97.444,20.362,22241,XREAL X4000_Android
97.460,19.125,22245,XREAL X4000_Android
97.481,21.970,22250,XREAL X4000_Android
97.493,12.688,22254,XREAL X4000_Android
97.528,30.824,22261,XREAL X4000_Android
97.547,15.607,22265,XREAL X4000_Android
97.566,23.855,22270,XREAL X4000_Android
97.596,29.176,22277,XREAL X4000_Android
97.607,12.672,22280,XREAL X4000_Android
97.625,15.514,22284,XREAL X4000_Android
97.656,31.818,22292,XREAL X4000_Android
97.675,19.553,22296,XREAL X4000_Android
97.690,16.275,22300,XREAL X4000_Android
97.725,32.768,22308,XREAL X4000_Android
97.744,17.289,22312,XREAL X4000_Android
97.759,20.050,22317,XREAL X4000_Android
97.770,11.649,22320,XREAL X4000_Android
97.788,15.986,22324,XREAL X4000_Android
97.823,30.840,22331,XREAL X4000_Android
97.833,15.475,22335,XREAL X4000_Android
97.863,26.853,22341,XREAL X4000_Android
97.873,11.381,22344,XREAL X4000_Android
97.906,31.161,22352,XREAL X4000_Android
97.923,16.046,22355,XREAL X4000_Android
97.939,18.301,22360,XREAL X4000_Android
97.957,19.480,22365,XREAL X4000_Android
97.985,25.150,22371,XREAL X4000_Android
97.995,12.487,22374,XREAL X4000_Android
98.035,34.403,22382,XREAL X4000_Android
98.055,24.463,22388,XREAL X4000_Android
98.069,15.325,22391,XREAL X4000_Android
98.081,11.617,22394,XREAL X4000_Android
98.117,29.177,22401,XREAL X4000_Android
98.132,20.776,22406,XREAL X4000_Android
98.148,15.798,22410,XREAL X4000_Android
98.164,16.284,22414,XREAL X4000_Android
98.195,30.060,22421,XREAL X4000_Android
98.205,12.126,22424,XREAL X4000_Android
98.218,14.795,22428,XREAL X4000_Android
98.247,25.768,22434,XREAL X4000_Android
98.259,13.018,22437,XREAL X4000_Android
98.292,32.822,22445,XREAL X4000_Android
98.304,11.587,22447,XREAL X4000_Android
98.340,31.585,22455,XREAL X4000_Android
98.361,25.292,22461,XREAL X4000_Android
98.378,15.676,22465,XREAL X4000_Android
98.393,16.475,22469,XREAL X4000_Android
98.402,9.759,22471,XREAL X4000_Android
98.433,26.262,22477,XREAL X4000_Android
98.449,19.688,22482,XREAL X4000_Android
98.468,20.039,22487,XREAL X4000_Android
98.482,13.093,22490,XREAL X4000_Android
98.517,34.438,22498,XREAL X4000_Android
98.531,15.208,22502,XREAL X4000_Android
98.560,26.967,22509,XREAL X4000_Android
98.571,13.120,22512,XREAL X4000_Android
98.591,22.268,22517,XREAL X4000_Android
98.601,10.263,22520,XREAL X4000_Android
98.624,19.891,22524,XREAL X4000_Android
98.658,33.602,22532,XREAL X4000_Android
98.670,13.148,22536,XREAL X4000_Android
98.694,21.554,22541,XREAL X4000_Android
98.704,12.572,22544,XREAL X4000_Android
98.743,34.005,22552,XREAL X4000_Android
98.762,24.403,22558,XREAL X4000_Android
98.776,12.021,22561,XREAL X4000_Android
98.791,15.576,22564,XREAL X4000_Android
98.821,28.272,22571,XREAL X4000_Android
98.832,13.869,22574,XREAL X4000_Android
98.860,26.568,22581,XREAL X4000_Android
98.866,9.771,22583,XREAL X4000_Android
98.905,35.891,22592,XREAL X4000_Android
98.925,19.030,22596,XREAL X4000_Android
98.941,15.121,22600,XREAL X4000_Android
98.958,20.747,22605,XREAL X4000_Android
98.985,24.561,22611,XREAL X4000_Android
99.000,13.087,22614,XREAL X4000_Android
99.028,31.798,22622,XREAL X4000_Android
99.045,13.633,22625,XREAL X4000_Android
99.066,23.080,22630,XREAL X4000_Android
99.076,10.470,22633,XREAL X4000_Android
99.112,30.150,22640,XREAL X4000_Android
99.129,20.581,22645,XREAL X4000_Android
99.159,28.988,22652,XREAL X4000_Android
99.170,14.429,22656,XREAL X4000_Android
99.193,22.218,22661,XREAL X4000_Android
99.203,12.005,22664,XREAL X4000_Android
99.240,31.532,22671,XREAL X4000_Android
99.263,26.534,22678,XREAL X4000_Android
99.271,10.133,22680,XREAL X4000_Android
99.288,16.049,22684,XREAL X4000_Android
99.320,28.156,22691,XREAL X4000_Android
99.334,18.365,22695,XREAL X4000_Android
99.361,26.288,22701,XREAL X4000_Android
99.374,11.127,22704,XREAL X4000_Android
99.398,25.911,22710,XREAL X4000_Android
99.418,16.001,22714,XREAL X4000_Android
99.439,25.885,22720,XREAL X4000_Android
99.467,28.286,22727,XREAL X4000_Android
99.482,10.946,22730,XREAL X4000_Android
99.516,28.557,22737,XREAL X4000_Android
99.529,21.652,22742,XREAL X4000_Android
99.558,29.092,22749,XREAL X4000_Android
99.581,20.647,22754,XREAL X4000_Android
99.594,13.776,22757,XREAL X4000_Android
99.626,33.993,22765,XREAL X4000_Android
99.645,13.107,22768,XREAL X4000_Android
99.662,22.856,22774,XREAL X4000_Android
99.693,28.171,22781,XREAL X4000_Android
99.701,9.816,22783,XREAL X4000_Android
99.748,37.519,22792,XREAL X4000_Android
99.766,28.700,22799,XREAL X4000_Android
99.777,8.822,22801,XREAL X4000_Android
99.803,24.783,22807,XREAL X4000_Android
99.819,15.522,22811,XREAL X4000_Android
99.845,27.101,22817,XREAL X4000_Android
99.869,25.338,22823,XREAL X4000_Android
99.886,16.153,22827,XREAL X4000_Android
99.925,31.632,22835,XREAL X4000_Android
99.946,25.605,22841,XREAL X4000_Android
99.960,19.594,22846,XREAL X4000_Android
99.980,18.719,22850,XREAL X4000_Android
100.022,32.309,22858,XREAL X4000_Android
100.036,23.648,22864,XREAL X4000_Android
100.059,21.189,22869,XREAL X4000_Android
100.076,19.449,22873,XREAL X4000_Android
100.095,17.369,22877,XREAL X4000_Android
100.129,29.742,22885,XREAL X4000_Android
100.159,33.627,22893,XREAL X4000_Android
100.170,11.898,22896,XREAL X4000_Android
100.190,21.840,22901,XREAL X4000_Android
100.228,34.794,22909,XREAL X4000_Android
100.248,15.638,22913,XREAL X4000_Android
100.262,20.428,22918,XREAL X4000_Android
100.289,26.646,22924,XREAL X4000_Android
100.300,9.910,22927,XREAL X4000_Android
100.318,17.338,22931,XREAL X4000_Android
100.332,14.225,22934,XREAL X4000_Android
100.344,14.410,22938,XREAL X4000_Android
100.362,16.159,22941,XREAL X4000_Android
100.373,11.208,22944,XREAL X4000_Android
100.402,27.487,22951,XREAL X4000_Android
100.421,16.638,22955,XREAL X4000_Android
100.436,17.690,22959,XREAL X4000_Android
100.450,16.780,22963,XREAL X4000_Android
100.464,12.482,22966,XREAL X4000_Android
100.473,9.058,22968,XREAL X4000_Android
100.487,11.832,22971,XREAL X4000_Android
100.498,14.099,22974,XREAL X4000_Android
100.509,9.875,22977,XREAL X4000_Android
100.526,16.778,22981,XREAL X4000_Android
100.536,10.903,22983,XREAL X4000_Android
100.553,17.340,22988,XREAL X4000_Android
100.564,10.787,22990,XREAL X4000_Android
100.578,12.045,22993,XREAL X4000_Android
100.595,17.903,22997,XREAL X4000_Android
100.609,13.545,23001,XREAL X4000_Android
100.624,13.689,23004,XREAL X4000_Android
100.635,14.433,23007,XREAL X4000_Android
100.665,27.831,23014,XREAL X4000_Android
100.674,9.909,23016,XREAL X4000_Android
100.693,18.548,23021,XREAL X4000_Android
100.702,10.858,23023,XREAL X4000_Android
100.720,15.224,23027,XREAL X4000_Android
100.731,14.118,23030,XREAL X4000_Android
100.748,14.229,23034,XREAL X4000_Android
100.761,14.635,23037,XREAL X4000_Android
100.772,10.723,23040,XREAL X4000_Android
100.788,15.857,23044,XREAL X4000_Android
100.801,12.094,23047,XREAL X4000_Android
100.816,16.035,23051,XREAL X4000_Android
100.831,13.615,23054,XREAL X4000_Android
100.846,14.518,23057,XREAL X4000_Android
100.861,16.212,23061,XREAL X4000_Android
100.874,12.351,23064,XREAL X4000_Android
100.886,13.661,23067,XREAL X4000_Android
100.914,24.180,23073,XREAL X4000_Android
100.932,19.719,23078,XREAL X4000_Android
100.945,14.279,23081,XREAL X4000_Android
100.962,15.852,23085,XREAL X4000_Android
100.971,11.687,23088,XREAL X4000_Android
100.983,10.464,23091,XREAL X4000_Android
100.994,13.946,23094,XREAL X4000_Android
101.009,11.177,23097,XREAL X4000_Android
101.026,18.443,23101,XREAL X4000_Android
101.037,12.631,23104,XREAL X4000_Android
101.054,14.223,23107,XREAL X4000_Android
101.068,14.141,23111,XREAL X4000_Android
101.077,9.973,23113,XREAL X4000_Android
101.096,18.128,23118,XREAL X4000_Android
101.108,10.972,23120,XREAL X4000_Android
101.120,13.803,23124,XREAL X4000_Android
101.151,28.617,23130,XREAL X4000_Android
101.165,15.336,23134,XREAL X4000_Android
101.173,10.084,23136,XREAL X4000_Android
101.192,15.931,23140,XREAL X4000_Android
101.202,11.427,23143,XREAL X4000_Android
101.218,16.149,23147,XREAL X4000_Android
101.230,13.696,23150,XREAL X4000_Android
101.247,16.087,23154,XREAL X4000_Android
101.261,14.988,23158,XREAL X4000_Android
101.272,9.236,23160,XREAL X4000_Android
101.288,17.050,23164,XREAL X4000_Android
101.299,11.619,23167,XREAL X4000_Android
101.319,16.086,23171,XREAL X4000_Android
101.330,15.892,23174,XREAL X4000_Android
101.342,10.279,23177,XREAL X4000_Android
101.356,12.854,23180,XREAL X4000_Android
101.391,32.883,23188,XREAL X4000_Android
101.405,14.872,23191,XREAL X4000_Android
101.423,15.275,23195,XREAL X4000_Android
101.440,17.954,23200,XREAL X4000_Android
101.454,18.099,23204,XREAL X4000_Android
101.466,12.685,23207,XREAL X4000_Android
101.481,14.690,23211,XREAL X4000_Android
101.496,15.793,23214,XREAL X4000_Android
101.511,11.734,23217,XREAL X4000_Android
101.523,13.869,23221,XREAL X4000_Android
101.536,12.156,23224,XREAL X4000_Android
101.556,18.125,23228,XREAL X4000_Android
101.566,13.721,23231,XREAL X4000_Android
101.579,9.630,23234,XREAL X4000_Android
101.595,16.562,23238,XREAL X4000_Android
101.605,10.697,23240,XREAL X4000_Android
101.622,16.928,23244,XREAL X4000_Android
101.633,11.383,23247,XREAL X4000_Android
101.648,16.631,23251,XREAL X4000_Android
101.661,13.713,23254,XREAL X4000_Android
101.674,11.702,23257,XREAL X4000_Android
101.693,15.967,23261,XREAL X4000_Android
101.703,12.068,23264,XREAL X4000_Android
101.720,15.734,23268,XREAL X4000_Android
101.731,13.598,23271,XREAL X4000_Android
101.745,13.759,23275,XREAL X4000_Android
101.762,15.191,23278,XREAL X4000_Android
101.774,12.029,23281,XREAL X4000_Android
101.791,16.433,23285,XREAL X4000_Android
101.802,12.329,23288,XREAL X4000_Android
101.816,13.167,23291,XREAL X4000_Android
101.829,14.681,23295,XREAL X4000_Android
101.844,13.030,23298,XREAL X4000_Android
101.858,16.217,23302,XREAL X4000_Android
101.869,10.349,23304,XREAL X4000_Android
101.884,14.743,23308,XREAL X4000_Android
101.899,14.942,23312,XREAL X4000_Android
101.912,12.648,23315,XREAL X4000_Android
101.947,30.571,23322,XREAL X4000_Android
101.965,23.833,23328,XREAL X4000_Android
101.979,11.506,23331,XREAL X4000_Android
101.992,16.022,23335,XREAL X4000_Android
102.000,7.274,23336,XREAL X4000_Android
102.012,10.781,23339,XREAL X4000_Android
102.026,14.535,23342,XREAL X4000_Android
102.037,10.953,23345,XREAL X4000_Android
102.054,15.868,23349,XREAL X4000_Android
102.066,14.162,23352,XREAL X4000_Android
102.074,8.384,23354,XREAL X4000_Android
102.094,17.438,23359,XREAL X4000_Android
102.105,11.641,23361,XREAL X4000_Android
102.122,19.129,23366,XREAL X4000_Android
102.134,11.209,23369,XREAL X4000_Android
102.149,14.898,23372,XREAL X4000_Android
102.163,13.894,23376,XREAL X4000_Android
102.201,34.696,23384,XREAL X4000_Android
102.221,19.450,23389,XREAL X4000_Android
102.235,16.475,23393,XREAL X4000_Android
102.247,14.357,23396,XREAL X4000_Android
102.260,13.125,23400,XREAL X4000_Android
102.270,9.685,23402,XREAL X4000_Android
102.289,17.526,23406,XREAL X4000_Android
102.298,10.086,23409,XREAL X4000_Android
102.317,18.827,23413,XREAL X4000_Android
102.328,11.490,23416,XREAL X4000_Android
102.343,11.988,23419,XREAL X4000_Android
102.358,16.457,23423,XREAL X4000_Android
102.370,11.943,23426,XREAL X4000_Android
102.384,15.483,23430,XREAL X4000_Android
102.396,12.613,23433,XREAL X4000_Android
102.417,17.034,23437,XREAL X4000_Android
102.428,15.029,23440,XREAL X4000_Android
102.437,9.619,23443,XREAL X4000_Android
102.456,16.375,23447,XREAL X4000_Android
102.467,12.334,23450,XREAL X4000_Android
102.480,13.498,23453,XREAL X4000_Android
102.494,15.235,23457,XREAL X4000_Android
102.510,10.871,23459,XREAL X4000_Android
102.524,17.593,23464,XREAL X4000_Android
102.536,10.382,23466,XREAL X4000_Android
102.556,19.073,23471,XREAL X4000_Android
102.565,12.330,23474,XREAL X4000_Android
102.579,10.216,23476,XREAL X4000_Android
102.594,17.090,23480,XREAL X4000_Android
102.605,10.442,23483,XREAL X4000_Android
102.623,17.829,23487,XREAL X4000_Android
102.636,11.907,23490,XREAL X4000_Android
102.650,15.374,23494,XREAL X4000_Android
102.663,11.428,23496,XREAL X4000_Android
102.691,27.592,23503,XREAL X4000_Android
102.703,13.812,23507,XREAL X4000_Android
102.721,16.385,23511,XREAL X4000_Android
102.731,14.334,23514,XREAL X4000_Android
102.745,13.308,23517,XREAL X4000_Android
102.765,16.838,23521,XREAL X4000_Android
102.777,11.934,23524,XREAL X4000_Android
102.789,13.670,23527,XREAL X4000_Android
102.800,11.635,23530,XREAL X4000_Android
102.813,13.006,23533,XREAL X4000_Android
102.830,15.863,23537,XREAL X4000_Android
102.841,12.681,23540,XREAL X4000_Android
102.857,15.394,23544,XREAL X4000_Android
102.868,10.399,23547,XREAL X4000_Android
102.885,17.926,23551,XREAL X4000_Android
102.898,13.058,23554,XREAL X4000_Android
102.915,13.517,23557,XREAL X4000_Android
102.928,13.173,23561,XREAL X4000_Android
102.952,26.884,23567,XREAL X4000_Android
102.967,15.911,23571,XREAL X4000_Android
102.983,14.128,23574,XREAL X4000_Android
102.995,11.740,23577,XREAL X4000_Android
103.005,12.820,23580,XREAL X4000_Android
103.027,17.780,23585,XREAL X4000_Android
103.035,11.789,23588,XREAL X4000_Android
103.057,18.215,23592,XREAL X4000_Android
103.068,12.889,23595,XREAL X4000_Android
103.079,11.219,23598,XREAL X4000_Android
103.096,16.054,23602,XREAL X4000_Android
103.103,9.556,23604,XREAL X4000_Android
103.123,17.803,23608,XREAL X4000_Android
103.133,12.514,23611,XREAL X4000_Android
103.151,14.574,23615,XREAL X4000_Android
103.166,16.471,23619,XREAL X4000_Android
103.176,9.387,23621,XREAL X4000_Android
103.189,12.919,23624,XREAL X4000_Android
103.221,32.321,23632,XREAL X4000_Android
103.236,15.399,23636,XREAL X4000_Android
103.253,17.402,23640,XREAL X4000_Android
103.280,24.889,23646,XREAL X4000_Android
103.295,18.229,23651,XREAL X4000_Android
103.304,6.981,23652,XREAL X4000_Android
103.330,28.162,23659,XREAL X4000_Android
103.348,7.800,23661,XREAL X4000_Android
103.363,24.639,23667,XREAL X4000_Android
103.371,7.177,23669,XREAL X4000_Android
103.398,26.348,23675,XREAL X4000_Android
103.411,12.448,23678,XREAL X4000_Android
103.425,16.228,23682,XREAL X4000_Android
103.438,12.095,23685,XREAL X4000_Android
103.462,23.751,23691,XREAL X4000_Android
103.472,10.578,23693,XREAL X4000_Android
103.487,13.800,23697,XREAL X4000_Android
103.500,12.963,23700,XREAL X4000_Android
103.524,23.374,23705,XREAL X4000_Android
103.538,13.811,23709,XREAL X4000_Android
103.560,20.607,23714,XREAL X4000_Android
103.570,14.133,23717,XREAL X4000_Android
103.593,22.998,23723,XREAL X4000_Android
103.602,9.627,23725,XREAL X4000_Android
103.620,14.224,23729,XREAL X4000_Android
103.657,36.098,23737,XREAL X4000_Android
103.669,16.233,23741,XREAL X4000_Android
103.691,19.276,23746,XREAL X4000_Android
103.701,10.538,23748,XREAL X4000_Android
103.718,16.864,23753,XREAL X4000_Android
103.745,27.594,23759,XREAL X4000_Android
103.771,26.197,23766,XREAL X4000_Android
103.787,16.037,23769,XREAL X4000_Android
103.817,27.643,23776,XREAL X4000_Android
103.856,33.706,23784,XREAL X4000_Android
103.869,20.204,23789,XREAL X4000_Android
103.887,18.581,23794,XREAL X4000_Android
103.910,22.118,23799,XREAL X4000_Android
103.938,27.974,23806,XREAL X4000_Android
103.957,18.491,23810,XREAL X4000_Android
103.978,22.597,23816,XREAL X4000_Android
104.004,27.673,23823,XREAL X4000_Android
104.023,17.172,23827,XREAL X4000_Android
104.058,32.194,23835,XREAL X4000_Android
104.081,25.972,23841,XREAL X4000_Android
104.102,22.431,23846,XREAL X4000_Android
104.138,30.739,23854,XREAL X4000_Android
104.164,30.688,23861,XREAL X4000_Android
104.191,25.741,23867,XREAL X4000_Android
104.201,10.465,23870,XREAL X4000_Android
104.233,31.690,23878,XREAL X4000_Android
104.261,27.795,23884,XREAL X4000_Android
104.294,31.939,23892,XREAL X4000_Android
104.315,22.999,23898,XREAL X4000_Android
104.328,12.858,23901,XREAL X4000_Android
104.364,32.807,23909,XREAL X4000_Android
104.384,21.247,23914,XREAL X4000_Android
104.410,26.608,23920,XREAL X4000_Android
104.427,17.627,23924,XREAL X4000_Android
104.458,30.389,23932,XREAL X4000_Android
104.467,11.799,23935,XREAL X4000_Android
104.497,27.430,23941,XREAL X4000_Android
104.509,13.131,23944,XREAL X4000_Android
104.539,28.323,23951,XREAL X4000_Android
104.568,28.671,23958,XREAL X4000_Android
104.578,12.600,23961,XREAL X4000_Android
104.603,22.988,23967,XREAL X4000_Android
104.637,33.718,23975,XREAL X4000_Android
104.649,14.343,23978,XREAL X4000_Android
104.673,23.511,23984,XREAL X4000_Android
104.700,27.467,23990,XREAL X4000_Android
104.742,39.870,24000,XREAL X4000_Android
104.763,20.381,24005,XREAL X4000_Android
104.771,10.716,24007,XREAL X4000_Android
104.801,27.779,24014,XREAL X4000_Android
104.829,27.673,24021,XREAL X4000_Android
104.864,33.624,24029,XREAL X4000_Android
104.872,12.220,24032,XREAL X4000_Android
104.895,22.967,24037,XREAL X4000_Android
104.931,30.629,24045,XREAL X4000_Android
104.956,20.417,24049,XREAL X4000_Android
104.972,23.630,24055,XREAL X4000_Android
104.997,24.164,24061,XREAL X4000_Android
105.006,11.247,24064,XREAL X4000_Android
105.024,16.363,24068,XREAL X4000_Android
105.036,12.974,24071,XREAL X4000_Android
105.067,31.819,24078,XREAL X4000_Android
105.078,10.026,24081,XREAL X4000_Android
105.092,15.288,24084,XREAL X4000_Android
105.102,10.159,24087,XREAL X4000_Android
105.121,18.183,24091,XREAL X4000_Android
105.135,13.008,24094,XREAL X4000_Android
105.154,18.080,24099,XREAL X4000_Android
105.170,18.347,24103,XREAL X4000_Android
105.189,18.682,24108,XREAL X4000_Android
105.201,13.295,24111,XREAL X4000_Android
105.221,15.740,24114,XREAL X4000_Android
105.232,13.998,24118,XREAL X4000_Android
105.246,13.837,24121,XREAL X4000_Android
105.260,15.973,24125,XREAL X4000_Android
105.270,7.111,24127,XREAL X4000_Android
105.293,20.557,24132,XREAL X4000_Android
105.302,14.106,24135,XREAL X4000_Android
105.314,7.264,24137,XREAL X4000_Android
105.326,15.531,24141,XREAL X4000_Android
105.340,13.128,24144,XREAL X4000_Android
105.359,17.713,24148,XREAL X4000_Android
105.388,27.542,24155,XREAL X4000_Android
105.400,14.514,24158,XREAL X4000_Android
105.409,8.822,24160,XREAL X4000_Android
105.428,18.455,24165,XREAL X4000_Android
105.441,11.807,24167,XREAL X4000_Android
105.455,17.744,24172,XREAL X4000_Android
105.465,9.348,24174,XREAL X4000_Android
105.484,16.295,24178,XREAL X4000_Android
105.496,13.730,24181,XREAL X4000_Android
105.508,11.011,24184,XREAL X4000_Android
105.525,17.195,24188,XREAL X4000_Android
105.534,10.653,24190,XREAL X4000_Android
105.553,16.461,24194,XREAL X4000_Android
105.564,14.466,24198,XREAL X4000_Android
105.577,9.410,24200,XREAL X4000_Android
105.595,18.864,24205,XREAL X4000_Android
105.605,10.816,24207,XREAL X4000_Android
105.625,17.293,24211,XREAL X4000_Android
105.636,13.528,24215,XREAL X4000_Android
105.649,13.164,24218,XREAL X4000_Android
105.673,23.721,24223,XREAL X4000_Android
105.692,19.569,24228,XREAL X4000_Android
105.702,9.910,24231,XREAL X4000_Android
105.720,16.005,24234,XREAL X4000_Android
105.733,14.197,24238,XREAL X4000_Android
105.745,12.483,24241,XREAL X4000_Android
105.759,15.989,24245,XREAL X4000_Android
105.771,10.650,24247,XREAL X4000_Android
105.788,16.028,24251,XREAL X4000_Android
105.800,13.629,24254,XREAL X4000_Android
105.815,13.228,24257,XREAL X4000_Android
105.828,14.821,24261,XREAL X4000_Android
105.844,12.518,24264,XREAL X4000_Android
105.859,15.935,24268,XREAL X4000_Android
105.888,30.943,24275,XREAL X4000_Android
105.903,12.777,24278,XREAL X4000_Android
105.917,14.021,24282,XREAL X4000_Android
105.926,12.312,24285,XREAL X4000_Android
105.936,9.519,24287,XREAL X4000_Android
105.959,19.473,24292,XREAL X4000_Android
105.968,11.153,24294,XREAL X4000_Android
105.983,13.764,24298,XREAL X4000_Android
106.017,33.331,24306,XREAL X4000_Android
106.031,15.519,24309,XREAL X4000_Android
106.048,15.957,24313,XREAL X4000_Android
106.062,16.117,24317,XREAL X4000_Android
106.070,9.006,24319,XREAL X4000_Android
106.082,9.229,24321,XREAL X4000_Android
106.094,13.876,24325,XREAL X4000_Android
106.130,33.939,24333,XREAL X4000_Android
106.148,14.828,24336,XREAL X4000_Android
106.163,20.503,24341,XREAL X4000_Android
106.173,9.327,24344,XREAL X4000_Android
106.187,11.786,24346,XREAL X4000_Android
106.198,12.553,24349,XREAL X4000_Android
106.208,10.121,24352,XREAL X4000_Android
106.220,9.747,24354,XREAL X4000_Android
106.246,29.403,24361,XREAL X4000_Android
106.261,14.666,24365,XREAL X4000_Android
106.271,8.730,24367,XREAL X4000_Android
106.289,18.111,24371,XREAL X4000_Android
106.325,32.673,24379,XREAL X4000_Android
106.339,16.236,24383,XREAL X4000_Android
106.359,19.489,24388,XREAL X4000_Android
106.372,14.734,24391,XREAL X4000_Android
106.382,11.579,24394,XREAL X4000_Android
106.423,35.319,24402,XREAL X4000_Android
106.442,21.106,24408,XREAL X4000_Android
106.460,20.576,24412,XREAL X4000_Android
106.469,10.654,24415,XREAL X4000_Android
106.494,24.736,24421,XREAL X4000_Android
106.534,36.686,24430,XREAL X4000_Android
106.555,21.782,24435,XREAL X4000_Android
106.568,15.466,24439,XREAL X4000_Android
106.593,24.486,24445,XREAL X4000_Android
106.630,35.204,24453,XREAL X4000_Android
106.650,16.677,24457,XREAL X4000_Android
106.666,19.092,24462,XREAL X4000_Android
106.694,26.757,24468,XREAL X4000_Android
106.727,32.788,24476,XREAL X4000_Android
106.744,16.009,24480,XREAL X4000_Android
106.764,23.645,24485,XREAL X4000_Android
106.774,9.916,24488,XREAL X4000_Android
106.799,26.057,24494,XREAL X4000_Android
106.820,14.601,24498,XREAL X4000_Android
106.851,34.096,24506,XREAL X4000_Android
106.866,17.467,24510,XREAL X4000_Android
106.884,16.615,24514,XREAL X4000_Android
106.919,34.127,24522,XREAL X4000_Android
106.935,14.718,24526,XREAL X4000_Android
106.956,26.202,24532,XREAL X4000_Android
106.985,21.668,24537,XREAL X4000_Android
107.011,28.582,24544,XREAL X4000_Android
107.026,17.906,24548,XREAL X4000_Android
107.054,27.422,24555,XREAL X4000_Android
107.077,23.009,24560,XREAL X4000_Android
107.111,32.132,24568,XREAL X4000_Android
107.130,20.309,24573,XREAL X4000_Android
107.157,26.927,24579,XREAL X4000_Android
107.175,19.500,24584,XREAL X4000_Android
107.191,14.717,24588,XREAL X4000_Android
107.224,32.921,24596,XREAL X4000_Android
107.241,16.257,24599,XREAL X4000_Android
107.264,23.519,24605,XREAL X4000_Android
107.277,12.291,24608,XREAL X4000_Android
107.302,25.767,24614,XREAL X4000_Android
107.317,15.556,24618,XREAL X4000_Android
107.346,29.691,24625,XREAL X4000_Android
107.363,15.153,24629,XREAL X4000_Android
107.389,24.949,24635,XREAL X4000_Android
107.402,15.305,24638,XREAL X4000_Android
107.429,26.997,24645,XREAL X4000_Android
107.447,15.644,24649,XREAL X4000_Android
107.467,23.849,24654,XREAL X4000_Android
107.480,13.465,24658,XREAL X4000_Android
107.516,31.407,24665,XREAL X4000_Android
107.533,20.288,24670,XREAL X4000_Android
107.559,24.024,24676,XREAL X4000_Android
107.571,14.128,24679,XREAL X4000_Android
107.594,24.108,24685,XREAL X4000_Android
107.609,9.532,24687,XREAL X4000_Android
107.638,30.762,24695,XREAL X4000_Android
107.660,24.884,24701,XREAL X4000_Android
107.673,13.694,24704,XREAL X4000_Android
107.694,17.705,24708,XREAL X4000_Android
107.721,28.573,24715,XREAL X4000_Android
107.738,14.328,24718,XREAL X4000_Android
107.763,28.594,24725,XREAL X4000_Android
107.771,7.544,24727,XREAL X4000_Android
107.810,32.360,24735,XREAL X4000_Android
107.828,23.633,24740,XREAL X4000_Android
107.845,14.991,24744,XREAL X4000_Android
107.866,25.413,24750,XREAL X4000_Android
107.885,18.485,24755,XREAL X4000_Android
107.921,30.980,24762,XREAL X4000_Android
107.936,16.356,24766,XREAL X4000_Android
107.961,27.319,24773,XREAL X4000_Android
107.981,21.541,24778,XREAL X4000_Android
107.994,12.235,24781,XREAL X4000_Android
108.035,36.123,24789,XREAL X4000_Android
108.056,21.473,24794,XREAL X4000_Android
108.065,14.846,24798,XREAL X4000_Android
108.095,27.861,24805,XREAL X4000_Android
108.107,10.765,24807,XREAL X4000_Android
108.140,32.188,24815,XREAL X4000_Android
108.154,15.995,24819,XREAL X4000_Android
108.173,20.839,24824,XREAL X4000_Android
108.212,35.485,24832,XREAL X4000_Android
108.231,18.760,24837,XREAL X4000_Android
108.247,19.183,24841,XREAL X4000_Android
108.261,12.432,24844,XREAL X4000_Android
108.289,27.351,24851,XREAL X4000_Android
108.321,28.059,24858,XREAL X4000_Android
108.335,17.321,24862,XREAL X4000_Android
108.356,24.465,24868,XREAL X4000_Android
108.387,29.107,24875,XREAL X4000_Android
108.395,10.173,24877,XREAL X4000_Android
108.431,34.228,24885,XREAL X4000_Android
108.452,15.759,24889,XREAL X4000_Android
108.469,21.887,24894,XREAL X4000_Android
108.495,28.542,24901,XREAL X4000_Android
108.510,11.275,24904,XREAL X4000_Android
108.545,31.235,24912,XREAL X4000_Android
108.562,22.440,24917,XREAL X4000_Android
108.575,14.152,24920,XREAL X4000_Android
108.619,34.343,24929,XREAL X4000_Android
108.636,23.090,24934,XREAL X4000_Android
108.653,18.787,24939,XREAL X4000_Android
108.676,22.127,24944,XREAL X4000_Android
108.691,14.637,24947,XREAL X4000_Android
108.730,36.119,24956,XREAL X4000_Android
108.744,15.653,24960,XREAL X4000_Android
108.764,23.303,24965,XREAL X4000_Android
108.773,8.904,24968,XREAL X4000_Android
108.804,28.644,24974,XREAL X4000_Android
108.821,16.304,24978,XREAL X4000_Android
108.834,16.061,24982,XREAL X4000_Android
108.858,24.747,24988,XREAL X4000_Android
108.869,9.538,24990,XREAL X4000_Android
108.885,16.871,24995,XREAL X4000_Android
108.921,29.643,25002,XREAL X4000_Android
108.937,19.663,25006,XREAL X4000_Android
108.953,17.544,25011,XREAL X4000_Android
108.965,11.895,25013,XREAL X4000_Android
108.977,12.523,25016,XREAL X4000_Android
108.990,12.957,25020,XREAL X4000_Android
109.000,11.035,25022,XREAL X4000_Android
109.029,26.232,25028,XREAL X4000_Android
109.042,15.345,25032,XREAL X4000_Android
109.058,16.908,25036,XREAL X4000_Android
109.067,9.823,25039,XREAL X4000_Android
109.096,25.721,25045,XREAL X4000_Android
109.109,14.874,25048,XREAL X4000_Android
109.124,13.760,25052,XREAL X4000_Android
109.132,10.015,25054,XREAL X4000_Android
109.163,30.864,25061,XREAL X4000_Android
109.173,8.842,25064,XREAL X4000_Android
109.190,15.469,25067,XREAL X4000_Android
109.230,36.511,25076,XREAL X4000_Android
109.250,20.359,25081,XREAL X4000_Android
109.267,20.055,25086,XREAL X4000_Android
109.280,13.222,25089,XREAL X4000_Android
109.295,15.463,25093,XREAL X4000_Android
109.315,21.610,25098,XREAL X4000_Android
109.330,13.423,25101,XREAL X4000_Android
109.342,11.501,25104,XREAL X4000_Android
109.366,27.118,25110,XREAL X4000_Android
109.393,19.921,25115,XREAL X4000_Android
109.417,26.691,25121,XREAL X4000_Android
109.434,17.847,25126,XREAL X4000_Android
109.455,23.911,25131,XREAL X4000_Android
109.466,9.529,25134,XREAL X4000_Android
109.484,15.419,25137,XREAL X4000_Android
109.514,26.873,25144,XREAL X4000_Android
109.529,22.279,25149,XREAL X4000_Android
109.556,24.591,25155,XREAL X4000_Android
109.569,13.359,25158,XREAL X4000_Android
109.598,27.069,25165,XREAL X4000_Android
109.613,16.536,25169,XREAL X4000_Android
109.627,14.567,25172,XREAL X4000_Android
109.651,25.021,25178,XREAL X4000_Android
109.662,12.554,25181,XREAL X4000_Android
109.700,30.069,25189,XREAL X4000_Android
109.713,19.382,25193,XREAL X4000_Android
109.725,10.218,25196,XREAL X4000_Android
109.749,22.509,25201,XREAL X4000_Android
109.759,14.200,25204,XREAL X4000_Android
109.796,30.795,25212,XREAL X4000_Android
109.808,15.421,25216,XREAL X4000_Android
109.833,23.191,25221,XREAL X4000_Android
109.855,23.374,25227,XREAL X4000_Android
109.868,16.846,25231,XREAL X4000_Android
109.882,14.142,25234,XREAL X4000_Android
109.896,13.050,25237,XREAL X4000_Android
109.934,33.618,25245,XREAL X4000_Android
109.955,20.389,25250,XREAL X4000_Android
109.967,18.278,25255,XREAL X4000_Android
109.983,11.584,25257,XREAL X4000_Android
110.021,34.106,25266,XREAL X4000_Android
110.037,19.031,25270,XREAL X4000_Android
110.053,18.582,25275,XREAL X4000_Android
110.064,11.989,25278,XREAL X4000_Android
110.076,10.525,25280,XREAL X4000_Android
110.119,36.843,25289,XREAL X4000_Android
110.136,20.798,25294,XREAL X4000_Android
110.153,18.287,25298,XREAL X4000_Android
110.167,15.152,25302,XREAL X4000_Android
110.175,10.374,25304,XREAL X4000_Android
110.208,27.791,25311,XREAL X4000_Android
110.227,21.070,25316,XREAL X4000_Android
110.237,11.539,25319,XREAL X4000_Android
110.260,21.370,25324,XREAL X4000_Android
110.269,10.722,25327,XREAL X4000_Android
110.311,36.971,25335,XREAL X4000_Android
110.328,19.918,25340,XREAL X4000_Android
110.348,19.744,25345,XREAL X4000_Android
110.367,20.790,25350,XREAL X4000_Android
110.389,20.229,25355,XREAL X4000_Android
110.401,12.927,25358,XREAL X4000_Android
110.432,31.819,25366,XREAL X4000_Android
110.448,15.787,25369,XREAL X4000_Android
110.466,19.761,25374,XREAL X4000_Android
110.482,13.076,25377,XREAL X4000_Android
110.520,34.080,25385,XREAL X4000_Android
110.535,20.386,25390,XREAL X4000_Android
110.558,22.875,25396,XREAL X4000_Android
110.567,9.959,25398,XREAL X4000_Android
110.598,29.402,25405,XREAL X4000_Android
110.614,15.455,25409,XREAL X4000_Android
110.632,17.582,25413,XREAL X4000_Android
110.655,23.064,25419,XREAL X4000_Android
110.664,13.282,25422,XREAL X4000_Android
110.696,26.605,25428,XREAL X4000_Android
110.705,14.408,25432,XREAL X4000_Android
110.737,28.715,25439,XREAL X4000_Android
110.759,19.731,25443,XREAL X4000_Android
110.771,15.512,25447,XREAL X4000_Android
110.787,16.460,25451,XREAL X4000_Android
110.828,36.603,25460,XREAL X4000_Android
110.846,17.983,25464,XREAL X4000_Android
110.866,21.336,25469,XREAL X4000_Android
110.878,11.726,25472,XREAL X4000_Android
110.900,23.244,25478,XREAL X4000_Android
110.914,11.953,25481,XREAL X4000_Android
110.952,34.340,25489,XREAL X4000_Android
110.966,21.488,25494,XREAL X4000_Android
110.981,14.590,25497,XREAL X4000_Android
110.994,13.517,25501,XREAL X4000_Android
111.032,35.052,25509,XREAL X4000_Android
111.053,15.776,25513,XREAL X4000_Android
111.068,21.955,25518,XREAL X4000_Android
111.076,10.217,25521,XREAL X4000_Android
111.107,29.414,25528,XREAL X4000_Android
111.127,19.043,25532,XREAL X4000_Android
111.144,15.816,25536,XREAL X4000_Android
111.166,23.754,25542,XREAL X4000_Android
111.176,10.791,25544,XREAL X4000_Android
111.207,28.165,25551,XREAL X4000_Android
111.226,18.667,25556,XREAL X4000_Android
111.239,14.294,25559,XREAL X4000_Android
111.263,24.746,25565,XREAL X4000_Android
111.272,10.306,25567,XREAL X4000_Android
111.305,29.259,25574,XREAL X4000_Android
111.322,19.884,25579,XREAL X4000_Android
111.348,21.042,25584,XREAL X4000_Android
111.362,20.083,25589,XREAL X4000_Android
111.370,9.421,25591,XREAL X4000_Android
111.405,28.268,25598,XREAL X4000_Android
111.425,22.040,25603,XREAL X4000_Android
111.435,14.281,25607,XREAL X4000_Android
111.454,18.393,25611,XREAL X4000_Android
111.467,11.736,25614,XREAL X4000_Android
111.499,31.884,25622,XREAL X4000_Android
111.515,13.615,25625,XREAL X4000_Android
111.538,25.651,25631,XREAL X4000_Android
111.558,18.291,25636,XREAL X4000_Android
111.579,20.883,25641,XREAL X4000_Android
111.594,14.616,25644,XREAL X4000_Android
111.624,32.543,25652,XREAL X4000_Android
111.637,13.112,25655,XREAL X4000_Android
111.666,26.835,25661,XREAL X4000_Android
111.679,12.832,25665,XREAL X4000_Android
111.707,25.197,25671,XREAL X4000_Android
111.723,20.273,25675,XREAL X4000_Android
111.750,25.949,25682,XREAL X4000_Android
111.766,16.224,25686,XREAL X4000_Android
111.794,26.836,25692,XREAL X4000_Android
111.804,11.359,25695,XREAL X4000_Android
111.833,28.269,25702,XREAL X4000_Android
111.851,16.051,25705,XREAL X4000_Android
111.870,22.226,25711,XREAL X4000_Android
111.887,17.870,25715,XREAL X4000_Android
111.913,23.119,25721,XREAL X4000_Android
111.930,19.402,25725,XREAL X4000_Android
111.959,30.149,25732,XREAL X4000_Android
111.970,9.349,25735,XREAL X4000_Android
111.996,26.916,25741,XREAL X4000_Android
112.008,9.977,25744,XREAL X4000_Android
112.023,17.169,25748,XREAL X4000_Android
112.057,33.147,25756,XREAL X4000_Android
112.068,11.532,25758,XREAL X4000_Android
112.099,29.507,25765,XREAL X4000_Android
112.115,12.459,25768,XREAL X4000_Android
112.138,25.997,25775,XREAL X4000_Android
112.158,22.594,25780,XREAL X4000_Android
112.174,15.284,25784,XREAL X4000_Android
112.188,15.171,25787,XREAL X4000_Android
112.229,34.431,25796,XREAL X4000_Android
112.243,17.157,25800,XREAL X4000_Android
112.261,20.515,25805,XREAL X4000_Android
112.270,8.919,25807,XREAL X4000_Android
112.286,16.799,25811,XREAL X4000_Android
112.299,12.426,25814,XREAL X4000_Android
112.338,34.503,25822,XREAL X4000_Android
112.357,20.676,25827,XREAL X4000_Android
112.369,15.833,25831,XREAL X4000_Android
112.389,16.285,25835,XREAL X4000_Android
112.400,13.446,25838,XREAL X4000_Android
112.411,10.084,25840,XREAL X4000_Android
112.446,31.927,25848,XREAL X4000_Android
112.463,19.292,25853,XREAL X4000_Android
112.473,11.104,25855,XREAL X4000_Android
112.500,25.409,25862,XREAL X4000_Android
112.514,12.038,25864,XREAL X4000_Android
112.544,29.309,25871,XREAL X4000_Android
112.563,21.429,25877,XREAL X4000_Android
112.578,15.255,25880,XREAL X4000_Android
112.594,17.431,25884,XREAL X4000_Android
112.634,35.502,25893,XREAL X4000_Android
112.652,20.707,25898,XREAL X4000_Android
112.668,17.396,25902,XREAL X4000_Android
112.680,13.527,25905,XREAL X4000_Android
112.694,13.059,25908,XREAL X4000_Android
112.727,30.694,25916,XREAL X4000_Android
112.737,13.799,25919,XREAL X4000_Android
112.762,23.315,25925,XREAL X4000_Android
112.770,9.460,25927,XREAL X4000_Android
112.809,33.800,25935,XREAL X4000_Android
112.829,21.725,25940,XREAL X4000_Android
112.848,18.573,25945,XREAL X4000_Android
112.863,16.402,25949,XREAL X4000_Android
112.873,10.936,25951,XREAL X4000_Android
112.897,25.988,25958,XREAL X4000_Android
112.913,13.980,25961,XREAL X4000_Android
112.931,15.878,25965,XREAL X4000_Android
112.957,29.914,25972,XREAL X4000_Android
112.965,8.557,25974,XREAL X4000_Android
112.983,14.047,25977,XREAL X4000_Android
113.017,32.039,25985,XREAL X4000_Android
113.036,21.190,25990,XREAL X4000_Android
113.058,20.065,25995,XREAL X4000_Android
113.071,15.984,25999,XREAL X4000_Android
113.084,12.269,26002,XREAL X4000_Android
113.104,22.510,26007,XREAL X4000_Android
113.125,17.654,26011,XREAL X4000_Android
113.150,27.544,26018,XREAL X4000_Android
113.160,12.242,26021,XREAL X4000_Android
113.195,31.233,26028,XREAL X4000_Android
113.210,13.948,26032,XREAL X4000_Android
113.224,17.554,26036,XREAL X4000_Android
113.249,21.329,26041,XREAL X4000_Android
113.264,17.227,26045,XREAL X4000_Android
113.296,29.237,26052,XREAL X4000_Android
113.311,15.516,26056,XREAL X4000_Android
113.332,23.426,26062,XREAL X4000_Android
113.347,11.450,26064,XREAL X4000_Android
113.368,25.490,26070,XREAL X4000_Android
113.389,16.373,26074,XREAL X4000_Android
113.412,25.296,26080,XREAL X4000_Android
113.431,18.282,26085,XREAL X4000_Android
113.465,35.887,26093,XREAL X4000_Android
113.478,12.189,26096,XREAL X4000_Android
113.491,15.038,26100,XREAL X4000_Android
113.509,15.974,26104,XREAL X4000_Android
113.525,17.380,26108,XREAL X4000_Android
113.557,31.436,26116,XREAL X4000_Android
113.567,11.204,26118,XREAL X4000_Android
113.595,26.298,26125,XREAL X4000_Android
113.603,10.593,26127,XREAL X4000_Android
113.622,16.116,26131,XREAL X4000_Android
113.654,30.236,26138,XREAL X4000_Android
113.665,15.919,26142,XREAL X4000_Android
113.693,25.543,26148,XREAL X4000_Android
113.701,8.891,26150,XREAL X4000_Android
113.719,16.333,26154,XREAL X4000_Android
113.746,28.327,26161,XREAL X4000_Android
113.763,17.661,26165,XREAL X4000_Android
113.786,24.175,26171,XREAL X4000_Android
113.798,10.858,26174,XREAL X4000_Android
113.814,14.698,26177,XREAL X4000_Android
113.848,31.456,26185,XREAL X4000_Android
113.865,19.884,26190,XREAL X4000_Android
113.887,22.034,26195,XREAL X4000_Android
113.898,11.593,26198,XREAL X4000_Android
113.910,11.588,26200,XREAL X4000_Android
113.940,30.497,26208,XREAL X4000_Android
113.962,22.090,26213,XREAL X4000_Android
113.982,18.725,26217,XREAL X4000_Android
113.994,14.376,26221,XREAL X4000_Android
114.025,30.258,26228,XREAL X4000_Android
114.034,10.354,26231,XREAL X4000_Android
114.065,30.412,26238,XREAL X4000_Android
114.076,8.531,26240,XREAL X4000_Android
114.094,18.928,26245,XREAL X4000_Android
114.125,30.677,26252,XREAL X4000_Android
114.136,13.402,26255,XREAL X4000_Android
114.165,27.928,26262,XREAL X4000_Android
114.174,7.426,26264,XREAL X4000_Android
114.201,27.507,26270,XREAL X4000_Android
114.221,19.392,26275,XREAL X4000_Android
114.252,30.353,26282,XREAL X4000_Android
114.263,14.739,26286,XREAL X4000_Android
114.269,5.626,26287,XREAL X4000_Android
114.299,29.968,26294,XREAL X4000_Android
114.315,12.573,26297,XREAL X4000_Android
114.346,32.550,26305,XREAL X4000_Android
114.373,27.967,26312,XREAL X4000_Android
114.384,9.966,26314,XREAL X4000_Android
114.395,12.259,26317,XREAL X4000_Android
114.410,12.981,26320,XREAL X4000_Android
114.438,29.402,26327,XREAL X4000_Android
114.466,28.537,26334,XREAL X4000_Android
114.482,13.206,26338,XREAL X4000_Android
114.507,27.905,26344,XREAL X4000_Android
114.523,13.736,26348,XREAL X4000_Android
114.558,33.968,26356,XREAL X4000_Android
114.567,12.487,26359,XREAL X4000_Android
114.578,8.069,26361,XREAL X4000_Android
114.608,28.320,26368,XREAL X4000_Android
114.634,28.756,26375,XREAL X4000_Android
114.654,18.678,26379,XREAL X4000_Android
114.674,21.444,26384,XREAL X4000_Android
114.702,28.859,26391,XREAL X4000_Android
114.717,13.973,26395,XREAL X4000_Android
114.754,34.365,26403,XREAL X4000_Android
114.766,13.527,26406,XREAL X4000_Android
114.787,22.324,26412,XREAL X4000_Android
114.816,28.956,26419,XREAL X4000_Android
114.830,13.419,26422,XREAL X4000_Android
114.866,37.224,26431,XREAL X4000_Android
114.884,18.666,26436,XREAL X4000_Android
114.898,12.193,26439,XREAL X4000_Android
114.928,29.587,26446,XREAL X4000_Android
114.939,13.285,26449,XREAL X4000_Android
114.967,26.644,26455,XREAL X4000_Android
114.980,13.802,26459,XREAL X4000_Android
115.008,26.242,26465,XREAL X4000_Android
115.023,16.051,26469,XREAL X4000_Android
115.054,30.711,26477,XREAL X4000_Android
115.070,14.779,26480,XREAL X4000_Android
115.095,25.949,26486,XREAL X4000_Android
115.122,27.851,26493,XREAL X4000_Android
115.138,13.090,26496,XREAL X4000_Android
115.167,29.554,26503,XREAL X4000_Android
115.175,11.645,26506,XREAL X4000_Android
115.203,26.566,26513,XREAL X4000_Android
115.216,13.427,26516,XREAL X4000_Android
115.230,15.152,26520,XREAL X4000_Android
115.262,31.533,26527,XREAL X4000_Android
115.270,7.646,26529,XREAL X4000_Android
115.302,29.416,26536,XREAL X4000_Android
115.317,16.817,26540,XREAL X4000_Android
115.343,25.213,26547,XREAL X4000_Android
115.367,25.269,26553,XREAL X4000_Android
115.385,15.428,26556,XREAL X4000_Android
115.395,14.069,26560,XREAL X4000_Android
115.428,31.003,26567,XREAL X4000_Android
115.439,8.848,26569,XREAL X4000_Android
115.464,28.217,26576,XREAL X4000_Android
115.481,14.859,26580,XREAL X4000_Android
115.508,27.581,26587,XREAL X4000_Android
115.524,15.808,26590,XREAL X4000_Android
115.564,42.153,26601,XREAL X4000_Android
115.575,9.850,26603,XREAL X4000_Android
115.593,17.805,26607,XREAL X4000_Android
115.604,9.896,26610,XREAL X4000_Android
115.634,31.397,26617,XREAL X4000_Android
115.655,20.325,26622,XREAL X4000_Android
115.671,17.508,26627,XREAL X4000_Android
115.688,17.158,26631,XREAL X4000_Android
115.717,29.087,26638,XREAL X4000_Android
115.730,12.993,26641,XREAL X4000_Android
115.762,31.698,26649,XREAL X4000_Android
115.770,6.874,26650,XREAL X4000_Android
115.802,31.761,26658,XREAL X4000_Android
115.817,14.864,26662,XREAL X4000_Android
115.843,25.752,26668,XREAL X4000_Android
115.856,13.500,26671,XREAL X4000_Android
115.890,32.429,26679,XREAL X4000_Android
115.904,14.109,26682,XREAL X4000_Android
115.930,23.711,26688,XREAL X4000_Android
115.947,17.829,26692,XREAL X4000_Android
115.967,23.991,26698,XREAL X4000_Android
115.984,12.926,26701,XREAL X4000_Android
116.015,30.643,26709,XREAL X4000_Android
116.030,17.719,26713,XREAL X4000_Android
116.057,25.625,26719,XREAL X4000_Android
116.066,12.216,26722,XREAL X4000_Android
116.100,31.179,26730,XREAL X4000_Android
116.119,18.708,26734,XREAL X4000_Android
116.137,17.448,26739,XREAL X4000_Android
116.151,16.465,26743,XREAL X4000_Android
116.173,22.729,26748,XREAL X4000_Android
116.189,16.943,26752,XREAL X4000_Android
116.225,31.287,26760,XREAL X4000_Android
116.237,15.342,26763,XREAL X4000_Android
116.264,25.399,26770,XREAL X4000_Android
116.273,10.043,26772,XREAL X4000_Android
116.313,33.901,26780,XREAL X4000_Android
116.333,23.814,26786,XREAL X4000_Android
116.348,16.064,26790,XREAL X4000_Android
116.364,15.929,26794,XREAL X4000_Android
116.375,11.000,26796,XREAL X4000_Android
116.398,24.298,26802,XREAL X4000_Android
116.417,15.853,26806,XREAL X4000_Android
116.440,24.809,26812,XREAL X4000_Android
116.456,18.846,26817,XREAL X4000_Android
116.484,24.312,26823,XREAL X4000_Android
116.498,15.305,26826,XREAL X4000_Android
116.531,31.874,26834,XREAL X4000_Android
116.551,18.506,26839,XREAL X4000_Android
116.566,20.268,26844,XREAL X4000_Android
116.577,9.386,26846,XREAL X4000_Android
116.623,37.377,26855,XREAL X4000_Android
116.638,23.242,26860,XREAL X4000_Android
116.657,16.512,26865,XREAL X4000_Android
116.668,16.003,26868,XREAL X4000_Android
116.677,8.291,26870,XREAL X4000_Android
116.702,22.751,26876,XREAL X4000_Android
116.719,17.036,26880,XREAL X4000_Android
116.746,29.236,26887,XREAL X4000_Android
116.759,10.434,26890,XREAL X4000_Android
116.791,31.065,26897,XREAL X4000_Android
116.807,15.120,26901,XREAL X4000_Android
116.834,27.239,26907,XREAL X4000_Android
116.851,19.891,26912,XREAL X4000_Android
116.869,18.901,26917,XREAL X4000_Android
116.885,14.376,26920,XREAL X4000_Android
116.917,32.248,26928,XREAL X4000_Android
116.930,13.106,26931,XREAL X4000_Android
116.957,25.955,26938,XREAL X4000_Android
116.969,12.718,26941,XREAL X4000_Android
116.998,30.908,26948,XREAL X4000_Android
117.011,11.262,26951,XREAL X4000_Android
117.044,29.125,26958,XREAL X4000_Android
117.064,22.514,26963,XREAL X4000_Android
117.074,13.420,26967,XREAL X4000_Android
117.091,14.982,26970,XREAL X4000_Android
117.105,15.203,26974,XREAL X4000_Android
117.144,34.528,26982,XREAL X4000_Android
117.165,20.894,26987,XREAL X4000_Android
117.179,14.996,26991,XREAL X4000_Android
117.191,15.573,26995,XREAL X4000_Android
117.199,8.850,26997,XREAL X4000_Android
117.236,36.031,27006,XREAL X4000_Android
117.253,17.110,27010,XREAL X4000_Android
117.264,11.373,27013,XREAL X4000_Android
117.290,24.037,27018,XREAL X4000_Android
117.299,9.851,27021,XREAL X4000_Android
117.315,15.593,27025,XREAL X4000_Android
117.353,33.581,27033,XREAL X4000_Android
117.365,18.018,27037,XREAL X4000_Android
117.375,7.891,27039,XREAL X4000_Android
117.397,24.640,27045,XREAL X4000_Android
117.416,17.433,27049,XREAL X4000_Android
117.445,25.114,27055,XREAL X4000_Android
117.461,20.552,27060,XREAL X4000_Android
117.468,8.253,27062,XREAL X4000_Android
117.499,27.309,27069,XREAL X4000_Android
117.520,17.581,27073,XREAL X4000_Android
117.540,24.135,27079,XREAL X4000_Android
117.555,15.823,27083,XREAL X4000_Android
117.568,11.731,27086,XREAL X4000_Android
117.603,30.121,27093,XREAL X4000_Android
117.624,22.741,27099,XREAL X4000_Android
117.641,17.395,27103,XREAL X4000_Android
117.655,19.521,27108,XREAL X4000_Android
117.666,9.991,27110,XREAL X4000_Android
117.693,26.580,27116,XREAL X4000_Android
117.703,11.348,27119,XREAL X4000_Android
117.721,14.120,27123,XREAL X4000_Android
117.750,29.059,27130,XREAL X4000_Android
117.763,16.058,27133,XREAL X4000_Android
117.791,27.750,27140,XREAL X4000_Android
117.802,10.343,27143,XREAL X4000_Android
117.813,12.220,27146,XREAL X4000_Android
117.844,30.708,27153,XREAL X4000_Android
117.859,13.009,27156,XREAL X4000_Android
117.868,12.007,27159,XREAL X4000_Android
117.906,31.450,27167,XREAL X4000_Android
117.924,21.466,27172,XREAL X4000_Android
117.941,16.961,27176,XREAL X4000_Android
117.957,16.075,27180,XREAL X4000_Android
117.983,26.829,27187,XREAL X4000_Android
117.995,12.762,27190,XREAL X4000_Android
118.031,31.471,27197,XREAL X4000_Android
118.051,17.870,27202,XREAL X4000_Android
118.066,23.190,27207,XREAL X4000_Android
118.077,9.370,27209,XREAL X4000_Android
118.121,35.939,27218,XREAL X4000_Android
118.138,22.947,27224,XREAL X4000_Android
118.158,20.745,27229,XREAL X4000_Android
118.169,11.392,27232,XREAL X4000_Android
118.192,23.341,27237,XREAL X4000_Android
118.226,34.516,27246,XREAL X4000_Android
118.247,15.717,27249,XREAL X4000_Android
118.265,20.545,27254,XREAL X4000_Android
118.274,13.116,27258,XREAL X4000_Android
118.307,27.441,27264,XREAL X4000_Android
118.324,19.006,27269,XREAL X4000_Android
118.348,20.168,27274,XREAL X4000_Android
118.367,25.357,27280,XREAL X4000_Android
118.383,16.390,27284,XREAL X4000_Android
118.425,36.975,27293,XREAL X4000_Android
118.443,18.043,27297,XREAL X4000_Android
118.460,21.787,27302,XREAL X4000_Android
118.469,9.510,27305,XREAL X4000_Android
118.498,27.400,27311,XREAL X4000_Android
118.510,11.020,27314,XREAL X4000_Android
118.542,30.018,27321,XREAL X4000_Android
118.558,19.481,27326,XREAL X4000_Android
118.576,17.401,27330,XREAL X4000_Android
118.621,36.465,27339,XREAL X4000_Android
118.639,24.172,27345,XREAL X4000_Android
118.657,20.511,27350,XREAL X4000_Android
118.669,11.932,27353,XREAL X4000_Android
118.692,21.652,27358,XREAL X4000_Android
118.703,11.710,27361,XREAL X4000_Android
118.738,32.295,27369,XREAL X4000_Android
118.760,22.840,27374,XREAL X4000_Android
118.775,17.601,27379,XREAL X4000_Android
118.804,28.463,27385,XREAL X4000_Android
118.822,16.567,27389,XREAL X4000_Android
118.850,25.705,27396,XREAL X4000_Android
118.862,16.196,27400,XREAL X4000_Android
118.888,24.838,27406,XREAL X4000_Android
118.902,14.136,27409,XREAL X4000_Android
118.931,28.844,27416,XREAL X4000_Android
118.959,28.666,27423,XREAL X4000_Android
118.970,11.507,27426,XREAL X4000_Android
118.996,26.359,27432,XREAL X4000_Android
119.012,11.832,27435,XREAL X4000_Android
119.048,33.784,27443,XREAL X4000_Android
119.063,21.521,27448,XREAL X4000_Android
119.074,11.822,27451,XREAL X4000_Android
119.094,16.827,27455,XREAL X4000_Android
119.131,35.463,27464,XREAL X4000_Android
119.155,22.222,27469,XREAL X4000_Android
119.168,19.051,27474,XREAL X4000_Android
119.179,11.652,27477,XREAL X4000_Android
119.203,22.573,27482,XREAL X4000_Android
119.226,19.112,27487,XREAL X4000_Android
119.253,29.655,27494,XREAL X4000_Android
119.268,15.405,27498,XREAL X4000_Android
119.291,22.008,27503,XREAL X4000_Android
119.300,13.025,27506,XREAL X4000_Android
119.341,33.095,27514,XREAL X4000_Android
119.363,24.333,27520,XREAL X4000_Android
119.373,13.060,27523,XREAL X4000_Android
119.403,27.707,27530,XREAL X4000_Android
119.424,19.752,27535,XREAL X4000_Android
119.439,17.790,27539,XREAL X4000_Android
119.457,17.629,27543,XREAL X4000_Android
119.484,28.002,27550,XREAL X4000_Android
119.496,12.045,27553,XREAL X4000_Android
119.530,32.343,27561,XREAL X4000_Android
119.542,13.865,27564,XREAL X4000_Android
119.558,15.531,27568,XREAL X4000_Android
119.574,18.124,27572,XREAL X4000_Android
119.615,33.950,27580,XREAL X4000_Android
119.635,22.681,27586,XREAL X4000_Android
119.653,20.654,27591,XREAL X4000_Android
119.669,15.771,27595,XREAL X4000_Android
119.693,23.446,27600,XREAL X4000_Android
119.705,11.583,27603,XREAL X4000_Android
119.733,29.650,27610,XREAL X4000_Android
119.753,13.394,27613,XREAL X4000_Android
119.773,25.963,27620,XREAL X4000_Android
119.786,15.145,27623,XREAL X4000_Android
119.822,27.108,27630,XREAL X4000_Android
119.838,24.103,27635,XREAL X4000_Android
119.863,24.332,27641,XREAL X4000_Android
119.872,10.510,27644,XREAL X4000_Android
119.906,28.871,27651,XREAL X4000_Android
119.926,19.811,27655,XREAL X4000_Android
119.939,18.024,27660,XREAL X4000_Android
119.958,16.781,27664,XREAL X4000_Android
119.983,23.907,27670,XREAL X4000_Android
119.999,16.500,27674,XREAL X4000_Android
120.026,28.855,27680,XREAL X4000_Android
120.046,14.940,27684,XREAL X4000_Android
120.066,25.089,27690,XREAL X4000_Android
120.079,12.044,27693,XREAL X4000_Android
120.110,29.548,27700,XREAL X4000_Android
120.126,18.425,27704,XREAL X4000_Android
120.155,27.168,27711,XREAL X4000_Android
120.164,12.396,27714,XREAL X4000_Android
120.192,27.300,27721,XREAL X4000_Android
120.199,6.779,27722,XREAL X4000_Android
120.223,18.850,27727,XREAL X4000_Android
120.249,26.460,27733,XREAL X4000_Android
120.264,17.530,27737,XREAL X4000_Android
120.292,27.865,27744,XREAL X4000_Android
120.301,11.490,27747,XREAL X4000_Android
120.337,32.409,27754,XREAL X4000_Android
120.349,14.513,27758,XREAL X4000_Android
120.370,20.753,27763,XREAL X4000_Android
120.389,18.042,27767,XREAL X4000_Android
120.417,24.930,27773,XREAL X4000_Android
120.431,18.472,27778,XREAL X4000_Android
120.438,9.542,27780,XREAL X4000_Android
120.463,24.441,27786,XREAL X4000_Android
120.481,15.520,27790,XREAL X4000_Android
120.521,35.122,27798,XREAL X4000_Android
120.534,17.965,27802,XREAL X4000_Android
120.548,14.857,27806,XREAL X4000_Android
120.566,15.975,27810,XREAL X4000_Android
120.597,30.774,27817,XREAL X4000_Android
120.610,11.851,27820,XREAL X4000_Android
120.622,16.013,27824,XREAL X4000_Android
120.645,22.796,27829,XREAL X4000_Android
120.662,14.736,27833,XREAL X4000_Android
120.695,33.817,27841,XREAL X4000_Android
120.707,12.858,27844,XREAL X4000_Android
120.737,28.928,27851,XREAL X4000_Android
120.757,21.363,27856,XREAL X4000_Android
120.771,14.860,27860,XREAL X4000_Android
120.785,14.118,27863,XREAL X4000_Android
120.824,35.998,27872,XREAL X4000_Android
120.842,17.407,27876,XREAL X4000_Android
120.864,23.316,27881,XREAL X4000_Android
120.874,10.128,27884,XREAL X4000_Android
120.899,23.965,27890,XREAL X4000_Android
120.916,13.159,27893,XREAL X4000_Android
120.947,31.520,27900,XREAL X4000_Android
120.961,19.137,27905,XREAL X4000_Android
120.980,19.118,27909,XREAL X4000_Android
120.994,14.899,27913,XREAL X4000_Android
121.036,36.104,27922,XREAL X4000_Android
121.055,23.544,27927,XREAL X4000_Android
121.068,14.535,27931,XREAL X4000_Android
121.081,12.870,27934,XREAL X4000_Android
121.106,22.681,27939,XREAL X4000_Android
121.126,20.182,27944,XREAL X4000_Android
121.153,27.272,27951,XREAL X4000_Android
121.174,20.503,27956,XREAL X4000_Android
121.191,18.196,27960,XREAL X4000_Android
121.222,30.667,27967,XREAL X4000_Android
121.233,10.999,27970,XREAL X4000_Android
121.261,27.753,27977,XREAL X4000_Android
121.290,28.806,27984,XREAL X4000_Android
121.298,10.332,27986,XREAL X4000_Android
121.335,33.476,27994,XREAL X4000_Android
121.350,15.555,27998,XREAL X4000_Android
121.370,21.844,28003,XREAL X4000_Android
121.401,27.188,28010,XREAL X4000_Android
121.414,16.617,28014,XREAL X4000_Android
121.444,28.603,28021,XREAL X4000_Android
121.466,23.507,28026,XREAL X4000_Android
121.481,12.434,28029,XREAL X4000_Android
121.518,32.583,28037,XREAL X4000_Android
121.538,27.276,28044,XREAL X4000_Android
121.561,21.428,28049,XREAL X4000_Android
121.582,19.021,28053,XREAL X4000_Android
121.610,27.053,28060,XREAL X4000_Android
121.632,21.994,28065,XREAL X4000_Android
121.650,21.193,28070,XREAL X4000_Android
121.675,24.141,28076,XREAL X4000_Android
121.694,18.597,28080,XREAL X4000_Android
121.722,27.734,28087,XREAL X4000_Android
121.752,29.788,28094,XREAL X4000_Android
121.764,15.422,28098,XREAL X4000_Android
121.788,20.573,28103,XREAL X4000_Android
121.829,35.295,28111,XREAL X4000_Android
121.846,22.483,28117,XREAL X4000_Android
121.861,16.733,28121,XREAL X4000_Android
121.885,22.156,28126,XREAL X4000_Android
121.922,35.847,28135,XREAL X4000_Android
121.938,17.886,28139,XREAL X4000_Android
121.961,23.195,28144,XREAL X4000_Android
121.970,11.251,28147,XREAL X4000_Android
122.009,31.052,28155,XREAL X4000_Android
122.029,24.431,28160,XREAL X4000_Android
122.042,15.219,28164,XREAL X4000_Android
122.058,15.447,28168,XREAL X4000_Android
122.067,11.363,28171,XREAL X4000_Android
122.077,8.703,28173,XREAL X4000_Android
122.096,18.320,28177,XREAL X4000_Android
122.108,11.894,28180,XREAL X4000_Android
122.121,13.497,28183,XREAL X4000_Android
122.135,14.305,28187,XREAL X4000_Android
122.147,11.772,28189,XREAL X4000_Android
122.163,16.243,28193,XREAL X4000_Android
122.175,11.281,28196,XREAL X4000_Android
122.190,15.981,28200,XREAL X4000_Android
122.201,10.410,28202,XREAL X4000_Android
122.219,18.461,28207,XREAL X4000_Android
122.247,25.606,28213,XREAL X4000_Android
122.262,16.483,28217,XREAL X4000_Android
122.272,10.127,28219,XREAL X4000_Android
122.289,15.997,28223,XREAL X4000_Android
122.299,13.342,28226,XREAL X4000_Android
122.318,14.752,28230,XREAL X4000_Android
122.330,15.981,28234,XREAL X4000_Android
122.345,11.525,28236,XREAL X4000_Android
122.360,16.072,28240,XREAL X4000_Android
122.367,9.839,28243,XREAL X4000_Android
122.385,17.441,28247,XREAL X4000_Android
122.399,11.183,28250,XREAL X4000_Android
122.411,15.209,28253,XREAL X4000_Android
122.430,16.108,28257,XREAL X4000_Android
122.442,13.984,28260,XREAL X4000_Android
122.458,13.827,28264,XREAL X4000_Android
122.483,22.963,28269,XREAL X4000_Android
122.497,17.810,28274,XREAL X4000_Android
122.505,9.467,28276,XREAL X4000_Android
122.526,19.429,28280,XREAL X4000_Android
122.536,11.476,28283,XREAL X4000_Android
122.555,16.494,28287,XREAL X4000_Android
122.568,13.639,28290,XREAL X4000_Android
122.577,11.631,28293,XREAL X4000_Android
122.594,15.003,28297,XREAL X4000_Android
122.600,8.094,28299,XREAL X4000_Android
122.626,19.510,28303,XREAL X4000_Android
122.637,16.175,28307,XREAL X4000_Android
122.650,12.530,28310,XREAL X4000_Android
122.660,10.778,28313,XREAL X4000_Android
122.675,12.013,28316,XREAL X4000_Android
122.691,16.118,28320,XREAL X4000_Android
122.702,12.423,28323,XREAL X4000_Android
122.719,17.696,28327,XREAL X4000_Android
122.749,27.331,28333,XREAL X4000_Android
122.759,12.891,28337,XREAL X4000_Android
122.769,10.802,28339,XREAL X4000_Android
122.790,17.046,28343,XREAL X4000_Android
122.800,14.035,28347,XREAL X4000_Android
122.817,13.743,28350,XREAL X4000_Android
122.832,15.055,28354,XREAL X4000_Android
122.845,13.743,28357,XREAL X4000_Android
122.858,13.372,28360,XREAL X4000_Android
122.869,10.879,28363,XREAL X4000_Android
122.885,14.339,28366,XREAL X4000_Android
122.898,15.688,28370,XREAL X4000_Android
122.914,13.272,28373,XREAL X4000_Android
122.928,15.769,28377,XREAL X4000_Android
122.939,9.071,28379,XREAL X4000_Android
122.956,18.646,28383,XREAL X4000_Android
122.984,25.225,28390,XREAL X4000_Android
123.000,18.413,28394,XREAL X4000_Android
123.010,12.798,28397,XREAL X4000_Android
123.022,10.123,28399,XREAL X4000_Android
123.038,15.485,28403,XREAL X4000_Android
123.056,16.310,28407,XREAL X4000_Android
123.068,13.880,28410,XREAL X4000_Android
123.079,12.390,28413,XREAL X4000_Android
123.093,11.582,28416,XREAL X4000_Android
123.105,12.827,28419,XREAL X4000_Android
123.124,18.135,28424,XREAL X4000_Android
123.139,17.582,28428,XREAL X4000_Android
123.156,14.342,28431,XREAL X4000_Android
123.166,13.667,28435,XREAL X4000_Android
123.178,8.641,28437,XREAL X4000_Android
123.190,13.361,28440,XREAL X4000_Android
123.224,30.357,28447,XREAL X4000_Android
123.237,15.273,28451,XREAL X4000_Android
123.252,15.153,28454,XREAL X4000_Android
123.264,12.507,28457,XREAL X4000_Android
123.273,10.827,28460,XREAL X4000_Android
123.291,14.253,28463,XREAL X4000_Android
123.298,12.238,28466,XREAL X4000_Android
123.320,16.302,28470,XREAL X4000_Android
123.330,15.633,28474,XREAL X4000_Android
123.339,7.541,28476,XREAL X4000_Android
123.357,16.840,28480,XREAL X4000_Android
123.369,12.663,28483,XREAL X4000_Android
123.386,14.457,28486,XREAL X4000_Android
123.398,13.091,28490,XREAL X4000_Android
123.413,14.880,28493,XREAL X4000_Android
123.425,13.649,28496,XREAL X4000_Android
123.441,13.168,28500,XREAL X4000_Android
123.465,27.263,28506,XREAL X4000_Android
123.480,13.912,28510,XREAL X4000_Android
123.497,15.836,28514,XREAL X4000_Android
123.508,10.614,28516,XREAL X4000_Android
123.524,16.759,28520,XREAL X4000_Android
123.535,12.783,28523,XREAL X4000_Android
123.554,18.625,28528,XREAL X4000_Android
123.565,11.437,28531,XREAL X4000_Android
123.578,11.415,28533,XREAL X4000_Android
123.595,17.215,28537,XREAL X4000_Android
123.606,10.746,28540,XREAL X4000_Android
123.624,16.612,28544,XREAL X4000_Android
123.636,13.396,28547,XREAL X4000_Android
123.650,12.787,28550,XREAL X4000_Android
123.663,14.312,28554,XREAL X4000_Android
123.677,12.286,28557,XREAL X4000_Android
123.691,14.598,28560,XREAL X4000_Android
123.702,12.730,28564,XREAL X4000_Android
123.719,16.062,28567,XREAL X4000_Android
123.753,30.458,28575,XREAL X4000_Android
123.772,20.477,28580,XREAL X4000_Android
123.788,19.016,28584,XREAL X4000_Android
123.803,13.492,28588,XREAL X4000_Android
123.814,13.700,28591,XREAL X4000_Android
123.826,10.741,28594,XREAL X4000_Android
123.833,8.935,28596,XREAL X4000_Android
123.843,8.993,28598,XREAL X4000_Android
123.858,14.144,28601,XREAL X4000_Android
123.870,11.425,28604,XREAL X4000_Android
123.890,18.541,28609,XREAL X4000_Android
123.902,12.506,28612,XREAL X4000_Android
123.914,14.419,28615,XREAL X4000_Android
123.924,10.285,28618,XREAL X4000_Android
123.937,11.468,28620,XREAL X4000_Android
123.956,18.633,28625,XREAL X4000_Android
123.967,13.239,28628,XREAL X4000_Android
123.984,14.365,28632,XREAL X4000_Android
124.005,23.488,28637,XREAL X4000_Android
124.027,18.104,28642,XREAL X4000_Android
124.035,12.244,28645,XREAL X4000_Android
124.054,16.216,28649,XREAL X4000_Android
124.067,12.963,28652,XREAL X4000_Android
124.082,13.716,28655,XREAL X4000_Android
124.098,17.282,28659,XREAL X4000_Android
124.107,10.027,28662,XREAL X4000_Android
124.124,14.172,28665,XREAL X4000_Android
124.135,13.260,28668,XREAL X4000_Android
124.147,13.250,28672,XREAL X4000_Android
124.162,13.523,28675,XREAL X4000_Android
124.178,15.206,28679,XREAL X4000_Android
124.190,12.834,28682,XREAL X4000_Android
124.200,11.610,28684,XREAL X4000_Android
124.221,18.161,28689,XREAL X4000_Android
124.233,12.318,28692,XREAL X4000_Android
124.242,11.253,28695,XREAL X4000_Android
124.263,17.705,28699,XREAL X4000_Android
124.278,13.975,28702,XREAL X4000_Android
124.301,25.846,28709,XREAL X4000_Android
124.316,16.028,28712,XREAL X4000_Android
124.329,12.092,28715,XREAL X4000_Android
124.341,11.961,28718,XREAL X4000_Android
124.356,17.037,28722,XREAL X4000_Android
124.368,11.940,28725,XREAL X4000_Android
124.388,19.976,28730,XREAL X4000_Android
124.400,10.392,28733,XREAL X4000_Android
124.407,8.853,28735,XREAL X4000_Android
124.430,19.921,28740,XREAL X4000_Android
124.443,13.407,28743,XREAL X4000_Android
124.456,12.771,28746,XREAL X4000_Android
124.469,12.871,28749,XREAL X4000_Android
124.483,14.652,28753,XREAL X4000_Android
124.498,15.914,28756,XREAL X4000_Android
124.506,9.074,28759,XREAL X4000_Android
124.525,15.511,28762,XREAL X4000_Android
124.561,32.561,28770,XREAL X4000_Android
124.574,18.683,28775,XREAL X4000_Android
124.592,16.977,28779,XREAL X4000_Android
124.604,13.768,28782,XREAL X4000_Android
124.623,16.768,28786,XREAL X4000_Android
124.634,12.645,28789,XREAL X4000_Android
124.651,15.038,28793,XREAL X4000_Android
124.664,16.331,28797,XREAL X4000_Android
124.680,10.998,28800,XREAL X4000_Android
124.691,15.250,28803,XREAL X4000_Android
124.702,9.782,28806,XREAL X4000_Android
124.717,15.869,28810,XREAL X4000_Android
124.733,14.751,28813,XREAL X4000_Android
124.745,11.092,28816,XREAL X4000_Android
124.759,14.737,28819,XREAL X4000_Android
124.772,13.582,28823,XREAL X4000_Android
124.787,16.389,28827,XREAL X4000_Android
124.799,11.424,28829,XREAL X4000_Android
124.814,15.114,28833,XREAL X4000_Android
124.828,14.548,28837,XREAL X4000_Android
124.842,11.996,28840,XREAL X4000_Android
124.857,15.402,28843,XREAL X4000_Android
124.871,13.801,28847,XREAL X4000_Android
124.889,17.284,28851,XREAL X4000_Android
124.902,13.762,28854,XREAL X4000_Android
124.916,12.049,28857,XREAL X4000_Android
124.930,15.482,28861,XREAL X4000_Android
124.942,11.706,28864,XREAL X4000_Android
124.955,15.033,28867,XREAL X4000_Android
124.966,10.431,28870,XREAL X4000_Android
124.983,16.792,28874,XREAL X4000_Android
124.995,13.058,28877,XREAL X4000_Android
125.007,11.090,28880,XREAL X4000_Android
125.052,37.586,28889,XREAL X4000_Android
125.068,23.436,28895,XREAL X4000_Android
125.088,18.254,28899,XREAL X4000_Android
125.102,14.591,28903,XREAL X4000_Android
125.113,10.897,28905,XREAL X4000_Android
125.124,12.678,28908,XREAL X4000_Android
125.134,9.130,28910,XREAL X4000_Android
125.146,13.669,28914,XREAL X4000_Android
125.178,32.120,28922,XREAL X4000_Android
125.194,14.921,28925,XREAL X4000_Android
125.204,10.180,28928,XREAL X4000_Android
125.220,13.194,28931,XREAL X4000_Android
125.252,31.733,28939,XREAL X4000_Android
125.268,16.358,28943,XREAL X4000_Android
125.285,16.590,28947,XREAL X4000_Android
125.297,14.443,28950,XREAL X4000_Android
125.308,10.711,28953,XREAL X4000_Android
125.323,14.984,28956,XREAL X4000_Android
125.335,11.531,28959,XREAL X4000_Android
125.348,11.684,28962,XREAL X4000_Android
125.375,25.427,28968,XREAL X4000_Android
125.391,19.240,28973,XREAL X4000_Android
125.403,12.102,28976,XREAL X4000_Android
125.415,10.212,28978,XREAL X4000_Android
125.439,24.924,28984,XREAL X4000_Android
125.458,19.655,28989,XREAL X4000_Android
125.486,25.908,28995,XREAL X4000_Android
125.497,13.580,28999,XREAL X4000_Android
125.526,28.090,29005,XREAL X4000_Android
125.537,12.948,29008,XREAL X4000_Android
125.575,31.905,29016,XREAL X4000_Android
125.594,24.378,29022,XREAL X4000_Android
125.605,12.588,29025,XREAL X4000_Android
125.632,26.830,29032,XREAL X4000_Android
125.670,33.540,29040,XREAL X4000_Android
125.695,23.891,29046,XREAL X4000_Android
125.706,14.999,29049,XREAL X4000_Android
125.731,23.887,29055,XREAL X4000_Android
125.774,39.060,29064,XREAL X4000_Android
125.797,25.676,29071,XREAL X4000_Android
125.816,19.762,29076,XREAL X4000_Android
125.843,26.378,29082,XREAL X4000_Android
125.859,18.700,29086,XREAL X4000_Android
125.886,27.123,29093,XREAL X4000_Android
125.911,21.690,29098,XREAL X4000_Android
125.947,32.302,29106,XREAL X4000_Android
125.974,29.374,29113,XREAL X4000_Android
125.992,20.401,29118,XREAL X4000_Android
